match_id,match_date,surface,tourney_level,round,best_of,year,p1_name,p1_elo,p1_rank,p1_age,p1_hand,p1_win_rate_last_20,p1_win_rate_last_5,p1_win_rate_surface_12m,p1_serve_pct_surface,p1_first_won_pct_roll,p1_second_won_pct_roll,p1_ace_rate,p1_h2h_wins,p1_h2h_total,p1_h2h_winrate,p1_matches_prev_tourneys_7d,p1_sets_prev_tourneys_7d,p1_matches_this_tourney,p1_days_rest,p1_win_streak,p1_matches_played,p2_elo,p2_rank,p2_age,p2_hand,p2_win_rate_last_20,p2_win_rate_last_5,p2_win_rate_surface_12m,p2_serve_pct_surface,p2_first_won_pct_roll,p2_second_won_pct_roll,p2_ace_rate,p2_h2h_wins,p2_h2h_total,p2_h2h_winrate,p2_matches_prev_tourneys_7d,p2_sets_prev_tourneys_7d,p2_matches_this_tourney,p2_days_rest,p2_win_streak,p2_matches_played,p2_name,winner,elo_diff,rank_diff,age_diff,winrate_diff,serve_diff,fatigue_diff,tourney_progress_diff,is_grand_slam,is_best_of_5
2017-540-162,2017-07-03,Grass,G,R128,5,2017,Adam Pavlasek,1439.6747214667628,136.0,22.7,R,0.3,0.0,,,,,0.074306193052839,,0,,0,0,0,84,0,10,1467.0744676778327,74.0,20.9,R,0.4,0.2,0.5,0.6155576036866359,0.7835357624831308,0.5121049201694363,0.08974418766920902,,0,,0,0,0,21,1,21,Ernesto Escobedo,1,-27.399746211069896,62.0,1.8000000000000007,-0.10000000000000003,,0,0,1,1
2017-540-195,2017-07-03,Grass,G,R64,5,2017,Adam Pavlasek,1456.9339170357944,136.0,22.7,R,0.36363636363636365,0.2,,0.6796116504854369,0.8428571428571429,0.5151515151515151,0.08338229703028968,,0,,0,0,1,0,1,11,1892.705924128543,4.0,30.1,R,0.8,0.8,1.0,0.6731831169333216,0.7724656785722991,0.5175000902886284,0.048166278554336556,,0,,4,8,0,7,6,102,Novak Djokovic,0,-435.7720070927487,132.0,-7.400000000000002,-0.4363636363636364,0.0064285335521153675,-4,1,1,1
2018-520-168,2018-05-28,Clay,G,R64,5,2018,Adam Pavlasek,1474.4633043917906,185.0,23.6,R,0.38461538461538464,0.4,,0.5976383797930325,0.7204097112732908,0.5226045271719618,0.09180955112865032,,0,,0,0,0,329,0,12,1650.6237054451299,12.0,25.7,R,0.55,0.6,0.64,0.6382320915054394,0.6646778388108123,0.508324848496204,0.016564747247417917,,0,,0,0,0,14,1,124,Diego Schwartzman,0,-176.16040105333923,173.0,-2.099999999999998,-0.1653846153846154,-0.04059371171240689,0,0,1,1
2018-520-109,2018-05-28,Clay,G,R128,5,2018,Adam Pavlasek,1454.525466719872,185.0,23.6,R,0.3333333333333333,0.2,,0.5770261971902318,0.7154779964855059,0.49696018366140643,0.08338229703028965,,0,,0,0,1,0,0,13,1541.8266215318156,81.0,26.8,R,0.6,0.4,0.375,0.593792539735689,0.7023621766480315,0.47648445348930996,0.06194113929417515,,0,,2,5,0,7,0,26,Mirza Basic,1,-87.30115481194366,104.0,-3.1999999999999993,-0.26666666666666666,-0.01676634254545717,-2,1,1,1
2018-0568-273,2018-09-17,Hard,A,R32,3,2018,Adrian Menendez Maceiras,1468.8689935929795,126.0,32.8,R,0.36363636363636365,0.4,0.5,0.6624918595021972,0.6838213349465619,0.49860097423815564,0.0575410095142427,,0,,0,0,0,56,0,11,1641.7296484074757,34.0,19.4,L,0.5,0.6,0.5,0.5747836024302065,0.7729681971059661,0.4811874569900946,0.09751048388228312,,0,,0,0,0,21,0,69,Denis Shapovalov,0,-172.86065481449623,92.0,13.399999999999999,-0.13636363636363635,0.0877082570719907,0,0,0,0
2019-0375-278,2019-02-04,Hard,A,R32,3,2019,Adrian Menendez Maceiras,1460.2317895558108,124.0,33.2,R,0.3333333333333333,0.4,0.5,0.6535644510018833,0.7051801918589578,0.4749913112517525,0.0493485212513319,1.0,1,1.0,0,0,0,140,0,12,1603.8996216415017,35.0,31.9,R,0.4,0.4,0.5,0.6169804345600776,0.7237636673412791,0.4774525125555108,0.14203905273359368,0.0,1,0.0,0,0,0,21,1,125,Jeremy Chardy,0,-143.66783208569086,89.0,1.3000000000000043,-0.06666666666666671,0.036584016441805756,0,0,0,0
2019-0360-277,2019-04-08,Clay,A,R32,3,2019,Adrian Menendez Maceiras,1434.0486879964883,139.0,33.4,R,0.2857142857142857,0.0,0.0,0.5701301891427167,0.5531551884405851,0.40895580163963885,0.04748666550537789,,0,,0,0,0,56,0,14,1639.2451384493338,38.0,35.3,L,0.55,0.4,0.5294117647058824,0.6906765216396951,0.6999100439947364,0.4500062671608271,0.09913565293621204,,0,,0,0,0,42,1,180,Fernando Verdasco,1,-205.1964504528455,101.0,-1.8999999999999986,-0.26428571428571435,-0.12054633249697833,0,0,0,0
2019-0360-289,2019-04-08,Clay,A,R16,3,2019,Adrian Menendez Maceiras,1458.5339528331706,139.0,33.4,R,0.3333333333333333,0.2,0.0,0.5641955800013675,0.6129795988776086,0.4203532148660928,0.04645573767032633,,0,,0,0,1,0,1,15,1432.2501381381767,75.0,26.1,R,0.3,0.2,0.5882352941176471,0.5909857636453523,0.6892568017520634,0.5180313325588632,0.04287415553267364,,0,,0,0,0,21,0,77,Taro Daniel,0,26.283814694993907,64.0,7.299999999999997,0.033333333333333326,-0.026790183643984777,0,1,0,0
2019-7696-295,2019-11-05,Hard,F,RR,3,2019,Alejandro Davidovich Fokina,1449.689374836923,87.0,20.4,R,0.25,0.0,,0.6471428571428571,0.6612068965517242,0.40625,0.0312595773679544,,0,,0,0,0,106,0,10,1726.7582879957572,18.0,20.7,R,0.7,0.6,0.717391304347826,0.602648025762493,0.726115532325136,0.5341329938510416,0.04610569586606061,,0,,0,0,0,8,0,104,Alex De Minaur,0,-277.0689131588342,69.0,-0.3000000000000007,-0.44999999999999996,0.04449483138036414,0,0,0,0
2019-7696-293,2019-11-05,Hard,F,RR,3,2019,Alejandro Davidovich Fokina,1461.6966888907941,87.0,20.4,R,0.2727272727272727,0.0,,0.7142857142857143,0.65,0.3125,0.0324543825627596,,0,,0,0,1,0,0,11,1550.266798533449,56.0,20.8,R,0.4,0.4,0.2222222222222222,0.6160141399106389,0.6646123806511424,0.4781359405932461,0.04315475160956302,,0,,0,0,0,8,0,61,Casper Ruud,0,-88.57010964265487,31.0,-0.40000000000000213,-0.12727272727272732,0.09827157437507539,0,1,0,0
2019-7696-292,2019-11-05,Hard,F,RR,3,2019,Alejandro Davidovich Fokina,1474.6397818461405,87.0,20.4,R,0.3,0.0,,,,,0.026447889056266088,,0,,0,0,2,0,0,12,1541.8455199919154,60.0,20.1,R,0.5,0.2,0.48148148148148145,0.5955591291463154,0.6948490527790063,0.5210412031405731,0.04600648921273766,,0,,0,0,0,15,0,41,Miomir Kecmanovic,0,-67.20573814577483,27.0,0.29999999999999716,-0.2,,0,2,0,0
2020-0301-276,2020-01-13,Hard,A,R32,3,2020,Alejandro Davidovich Fokina,1444.2912805401843,85.0,20.6,R,0.23076923076923078,0.0,0.0,0.5735854341736695,0.6017241379310345,0.4759615384615385,0.029605165603248516,,0,,0,0,0,69,0,13,1581.1136344842532,69.0,25.0,R,0.4,0.4,0.4090909090909091,0.6223100581513766,0.6955635618861427,0.5014120238146933,0.0885050940784468,,0,,1,3,0,7,0,183,Kyle Edmund,0,-136.82235394406894,16.0,-4.399999999999999,-0.16923076923076924,-0.04872462397770716,-1,0,0,0
2020-580-192,2020-01-20,Hard,G,R64,5,2020,Alejandro Davidovich Fokina,1450.1986129466698,88.0,20.6,R,0.26666666666666666,0.2,0.0,0.6089183837918729,0.6292447455871564,0.514102564102564,0.02856575754710582,,0,,1,3,0,7,0,14,1702.087457257514,14.0,27.4,R,0.55,0.4,0.5757575757575758,0.6486652340864254,0.6930435395408996,0.5814479131525118,0.021937733438687525,,0,,0,0,0,14,0,218,Diego Schwartzman,0,-251.8888443108442,74.0,-6.799999999999997,-0.2833333333333334,-0.039746850294552494,1,0,1,1
2020-580-157,2020-01-20,Hard,G,R128,5,2020,Alejandro Davidovich Fokina,1434.285473140842,88.0,20.6,R,0.21428571428571427,0.0,0.0,0.5911479797398411,0.6321441672780631,0.49158653846153844,0.02860657387363643,,0,,1,3,1,0,0,15,1432.3993094600644,113.0,29.4,R,0.2631578947368421,0.4,0.6666666666666666,0.6057633771163745,0.7435592948713337,0.42521703168706376,0.0738477774016251,,0,,0,0,0,175,0,19,Norbert Gombos,1,1.8861636807775994,-25.0,-8.799999999999997,-0.04887218045112782,-0.01461539737653339,1,1,1,1
2020-8996-284,2020-02-24,Clay,A,R32,3,2020,Alejandro Davidovich Fokina,1428.1342477561634,98.0,20.7,R,0.23529411764705882,0.2,0.3,0.7046841800993174,0.6245545018147759,0.47635048915553824,0.027414867525489106,,0,,1,3,0,7,0,17,1514.8197781445863,95.0,30.4,R,0.5,0.4,0.5,0.6616095888214188,0.6222149803018118,0.4616142257818459,0.020309968610301,,0,,1,3,0,7,0,27,Andrej Martin,1,-86.68553038842288,3.0,-9.7,-0.2647058823529412,0.04307459127789859,0,0,0,0
2020-8996-293,2020-02-24,Clay,A,R16,3,2020,Alejandro Davidovich Fokina,1448.0454405483538,98.0,20.7,R,0.2777777777777778,0.4,0.3,0.708277808692946,0.6350320846607798,0.46680959962899593,0.027805057046113406,,0,,1,3,1,0,1,18,1691.0767468683077,18.0,23.7,R,0.65,1.0,0.8125,0.6140033455632585,0.7209461343057496,0.506764149828666,0.050411110401445455,,0,,5,12,0,7,10,69,Cristian Garin,0,-243.03130631995396,80.0,-3.0,-0.37222222222222223,0.09427446312968746,-4,1,0,0
2020-560-215,2020-08-31,Hard,G,R16,5,2020,Alejandro Davidovich Fokina,1498.5369843162828,99.0,21.2,R,0.35,0.8,0.16666666666666666,0.6372416660327513,0.6228017245903554,0.5255509611251908,0.01747794590476078,,0,,0,0,0,189,0,19,1788.5554845271672,7.0,23.3,R,0.55,0.6,0.5666666666666667,0.6928905694690344,0.8021531710117019,0.45849923471174997,0.14221398669545585,,0,,1,3,1,0,1,294,Alexander Zverev,0,-290.01850021088444,92.0,-2.1000000000000014,-0.20000000000000007,-0.05564890343628304,-1,-1,1,1
2020-560-202,2020-08-31,Hard,G,R32,5,2020,Alejandro Davidovich Fokina,1480.935923281291,99.0,21.2,R,0.35,0.6,0.16666666666666666,0.6313705584973716,0.6157160427282524,0.5044392757102841,0.01796917397493622,,0,,0,0,1,0,0,20,1515.8192665349832,76.0,25.0,L,0.35,0.4,0.3157894736842105,0.6609388142324223,0.6513013660458736,0.5473751411540521,0.06246604030299201,,0,,1,2,0,7,0,93,Cameron Norrie,1,-34.883343253692146,23.0,-3.8000000000000007,0.0,-0.02956825573505073,-1,1,1,1
2020-560-126,2020-08-31,Hard,G,R128,5,2020,Alejandro Davidovich Fokina,1441.7102488725536,99.0,21.2,R,0.2631578947368421,0.4,0.16666666666666666,0.6225113515725925,0.6105775178743544,0.4861111111111111,0.025582834823891187,,0,,0,0,2,0,1,21,1440.7763449595186,85.0,27.0,R,0.25,0.2,0.2,0.6475430854289459,0.6971729923991822,0.5551426035763896,0.07341708519215454,,0,,0,0,0,189,1,27,Dennis Novak,1,0.9339039130350102,14.0,-5.800000000000001,0.01315789473684209,-0.025031733856353378,0,2,1,1
2020-560-177,2020-08-31,Hard,G,R64,5,2020,Alejandro Davidovich Fokina,1457.667241111566,99.0,21.2,R,0.3,0.4,0.16666666666666666,0.6249677131126423,0.6070960005425501,0.4924684159378037,0.023207269213031453,,0,,0,0,3,0,2,22,1627.9440371987403,33.0,23.5,R,0.55,0.4,0.47619047619047616,0.5671302392296987,0.7271289203319632,0.4561161788970491,0.08652330778747619,,0,,1,2,0,7,0,75,Hubert Hurkacz,1,-170.27679608717426,66.0,-2.3000000000000007,-0.25000000000000006,0.05783747388294358,-1,3,1,1
2020-M009-240,2020-09-14,Clay,M,R64,3,2020,Alejandro Davidovich Fokina,1493.4651945923993,70.0,21.2,R,0.3,0.6,0.3333333333333333,0.7036241290392664,0.6209243405530356,0.44911844520620736,0.018674024336133327,,0,,0,0,0,14,3,23,1517.2518323568868,25.0,30.2,R,0.45,0.2,0.4,0.6571629538560895,0.6823128109579997,0.5293065635685774,0.058820182017146394,,0,,1,3,0,7,0,180,Dusan Lajovic,0,-23.786637764487523,45.0,-9.0,-0.15000000000000002,0.04646117518317694,-1,0,0,0
2020-520-1212,2020-09-28,Clay,G,R64,5,2020,Alejandro Davidovich Fokina,1494.9686890627634,70.0,21.3,R,0.3,0.6,0.25,0.671521366058225,0.6222876096774987,0.4319023279900901,0.01717761139828252,,0,,0,0,0,14,0,24,1848.8180817791474,12.0,22.9,R,0.75,1.0,0.8571428571428571,0.5927616648492824,0.7401835343471431,0.5447981272949304,0.08962795187655766,,0,,5,12,0,7,5,168,Andrey Rublev,0,-353.84939271638405,58.0,-1.5999999999999979,-0.45,0.0787597012089426,-5,0,1,1
2020-9404-299,2020-10-12,Hard,A,SF,3,2020,Alejandro Davidovich Fokina,1542.2493437864548,71.0,21.3,R,0.45,0.8,0.4,0.6691865622578055,0.621543394309961,0.5039636192079856,0.020030083938236805,0.0,1,0.0,0,0,0,14,1,26,1808.6157200613,7.0,23.4,R,0.75,0.8,0.5769230769230769,0.6594574799319379,0.7736046932718086,0.49329346570302846,0.1281210936094053,1.0,1,1.0,0,0,0,14,2,304,Alexander Zverev,0,-266.36637627484515,64.0,-2.099999999999998,-0.3,0.009729082325867555,0,0,0,0
2020-9404-296,2020-10-12,Hard,A,QF,3,2020,Alejandro Davidovich Fokina,1529.8423632642284,71.0,21.3,R,0.4,0.6,0.4,0.6409475451319677,0.6126763992360694,0.5307194720507951,0.020030083938236805,1.0,1,1.0,0,0,1,0,0,27,1450.4682553470325,94.0,27.1,R,0.3,0.4,0.18181818181818182,0.649319582559268,0.6904837043244016,0.5539620954879868,0.05438251125902347,0.0,1,0.0,0,0,0,14,0,30,Dennis Novak,1,79.37410791719594,-23.0,-5.800000000000001,0.10000000000000003,-0.008372037427300305,0,1,0,0
2020-9404-290,2020-10-12,Hard,A,R16,3,2020,Alejandro Davidovich Fokina,1506.7452081120105,71.0,21.3,R,0.35,0.4,0.4,0.6315791240793361,0.6049177785464143,0.5226549559217627,0.020488923344444635,,0,,0,0,3,0,2,29,1672.357082831481,40.0,32.0,R,0.55,0.6,0.55,0.6127550283473435,0.7501473728362336,0.46264518441614816,0.09066694708001116,,0,,0,0,0,14,0,241,Marin Cilic,1,-165.6118747194705,31.0,-10.7,-0.20000000000000007,0.01882409573199262,0,3,0,0
2020-9406-272,2020-10-19,Hard,A,R32,3,2020,Alejandro Davidovich Fokina,1536.5691113349296,64.0,21.3,R,0.45,0.6,0.5,0.6745398427192331,0.617127497079933,0.5066392044922664,0.01855949570294269,,0,,4,10,0,7,3,30,1450.672641735021,114.0,28.4,R,0.25,0.0,0.0,0.6281904555979825,0.5886827789827016,0.46097065578340013,0.023045273991287925,,0,,0,0,0,49,0,183,Damir Dzumhur,1,85.89646959990864,-50.0,-7.099999999999998,0.2,0.046349387121250585,4,0,0,0
2020-9406-294,2020-10-19,Hard,A,QF,3,2020,Alejandro Davidovich Fokina,1565.1352209935553,64.0,21.3,R,0.55,0.8,0.5,0.6698785873079776,0.647562586476193,0.5116071532102151,0.01913216316705752,0.0,1,0.0,4,10,1,0,4,31,1802.245173147042,9.0,28.1,R,0.7,0.8,0.5294117647058824,0.6113708900347083,0.6846226259382472,0.5422514152514153,0.0150360760403575,1.0,1,1.0,0,0,0,21,0,244,Diego Schwartzman,0,-237.10995215348657,55.0,-6.800000000000001,-0.1499999999999999,0.05850769727326921,4,1,0,0
2020-9406-287,2020-10-19,Hard,A,R16,3,2020,Alejandro Davidovich Fokina,1548.6921036807057,64.0,21.3,R,0.5,0.8,0.5,0.675289842719233,0.6258173366521254,0.4962225378255997,0.021342233798180784,,0,,4,10,2,0,0,32,1558.316735083898,71.0,30.8,R,0.5,0.4,0.45454545454545453,0.6076514141426833,0.7361646824068883,0.4937986323369888,0.08775729864176922,,0,,2,5,0,7,0,204,Steve Johnson,1,-9.624631403192325,-7.0,-9.5,0.0,0.06763842857654967,2,2,0,0
2020-0352-289,2020-11-02,Hard,M,R16,3,2020,Alejandro Davidovich Fokina,1591.7865088314154,63.0,21.4,R,0.6,0.8,0.5294117647058824,0.6720385338025294,0.6530967751505037,0.46678589137214666,0.017900471029403744,0.0,2,0.0,0,0,1,0,2,34,1813.666275608197,9.0,28.2,R,0.7,0.8,0.5333333333333333,0.6285248083849184,0.6969571146088174,0.48451846107856344,0.02090060366959101,2.0,2,1.0,0,0,0,14,2,248,Diego Schwartzman,0,-221.8797667767817,54.0,-6.800000000000001,-0.09999999999999998,0.043513725417611004,0,1,0,0
2020-0352-250,2020-11-02,Hard,M,R64,3,2020,Alejandro Davidovich Fokina,1558.62505422706,63.0,21.4,R,0.55,0.6,0.5294117647058824,0.6686739565194919,0.6465690154650885,0.4871173572918478,0.017529326287624894,,0,,0,0,2,0,0,35,1669.767140815999,19.0,24.4,R,0.55,0.4,0.5925925925925926,0.6527941062258249,0.7170220462887253,0.5581160057400094,0.05455412630038655,,0,,1,2,0,7,0,226,Karen Khachanov,1,-111.14208658893904,44.0,-3.0,0.0,0.01587985029366701,-1,2,0,0
2021-0375-295,2021-02-22,Hard,A,QF,3,2021,Alejandro Davidovich Fokina,1612.372856544473,56.0,21.7,R,0.65,0.8,0.7142857142857143,0.6695140120652023,0.6570112063317813,0.4492408557625949,0.018614836190793967,,0,,0,0,1,0,2,37,1631.7665962787366,83.0,28.2,R,0.5,0.6,0.5,0.6485211819823213,0.7012040884422598,0.4665814761270159,0.10004972230929661,,0,,0,0,0,14,1,48,Egor Gerasimov,0,-19.39373973426359,-27.0,-6.5,0.15000000000000002,0.020992830082880998,0,1,0,0
2021-0375-288,2021-02-22,Hard,A,R16,3,2021,Alejandro Davidovich Fokina,1595.45676260618,56.0,21.7,R,0.65,0.6,0.7142857142857143,0.6637481047596251,0.6585418185766793,0.4573053718916271,0.01474995009495736,1.0,1,1.0,0,0,2,0,0,38,1615.371270255196,30.0,24.0,R,0.6,0.6,0.5555555555555556,0.6710366567909173,0.766118841218956,0.5230940648536998,0.10873518961911632,0.0,1,0.0,0,0,0,14,0,97,Hubert Hurkacz,1,-19.91450764901583,26.0,-2.3000000000000007,0.050000000000000044,-0.007288552031292195,0,2,0,0
2021-0407-290,2021-03-01,Hard,A,R16,3,2021,Alejandro Davidovich Fokina,1619.3057031250294,51.0,21.7,R,0.65,0.6,0.7058823529411765,0.6689415990610772,0.6695254079705137,0.45173350041771093,0.031998674574632346,,0,,3,8,0,7,1,39,1639.147982833051,59.0,29.0,R,0.55,0.6,0.5,0.5693055288692365,0.6506305480948756,0.5279162010196494,0.04133118481987759,,0,,0,0,0,21,1,133,Marton Fucsovics,0,-19.84227970802158,-8.0,-7.300000000000001,0.09999999999999998,0.09963607019184073,3,0,0,0
2021-0407-278,2021-03-01,Hard,A,R32,3,2021,Alejandro Davidovich Fokina,1597.2650448197714,51.0,21.7,R,0.65,0.6,0.7058823529411765,0.6703451078330069,0.6618401801748396,0.4608868184955141,0.023665341241299015,,0,,3,8,1,0,0,40,1735.2626164028695,13.0,32.8,R,0.6,0.6,0.6111111111111112,0.6492832583137972,0.7468813275247406,0.5063721833733903,0.05442594409624122,,0,,4,9,0,7,3,276,Roberto Bautista Agut,1,-137.99757158309808,38.0,-11.099999999999998,0.050000000000000044,0.021061849519209752,-1,1,0,0
2021-0495-284,2021-03-15,Hard,A,R32,3,2021,Alejandro Davidovich Fokina,1609.9725119231732,52.0,21.7,R,0.65,0.6,0.6666666666666666,0.6744618340679323,0.6717964179919165,0.4694412312833366,0.030996089223047828,,0,,2,5,0,7,1,43,1668.3763636994543,33.0,29.0,R,0.5,0.4,0.5,0.6146237117546525,0.7291420777443072,0.4819631156920792,0.04725242073917173,,0,,1,2,0,7,0,116,Filip Krajinovic,0,-58.403851776281044,19.0,-7.300000000000001,0.15000000000000002,0.059838122313279785,1,0,0,0
2021-0495-267,2021-03-15,Hard,A,R64,3,2021,Alejandro Davidovich Fokina,1594.7258604613214,52.0,21.7,R,0.6,0.4,0.6666666666666666,0.6847538495876382,0.6648354672279096,0.4789650408071461,0.02952580129166126,,0,,2,5,1,0,0,44,1578.3549999650581,76.0,31.3,R,0.55,0.6,0.55,0.667159832197959,0.6746228263977563,0.5237135210331659,0.040105605137262634,,0,,0,0,0,21,2,160,Radu Albot,1,16.370860496263276,-24.0,-9.600000000000001,0.04999999999999993,0.01759401738967914,2,1,0,0
2021-9462-273,2021-04-05,Clay,A,R32,3,2021,Alejandro Davidovich Fokina,1596.6370580049374,56.0,21.8,R,0.6,0.4,0.3333333333333333,0.6658335353703941,0.622911352132227,0.44213398822175043,0.034385919731522406,1.0,1,1.0,0,0,0,21,1,45,1432.7073969547682,126.0,28.8,R,0.2,0.2,,0.6723793372034748,0.6326667839983934,0.4840710860459144,0.03090490697265359,0.0,1,0.0,0,0,0,14,0,188,Damir Dzumhur,1,163.92966105016922,-70.0,-7.0,0.39999999999999997,-0.006545801833080622,0,0,0,0
2021-9462-287,2021-04-05,Clay,A,R16,3,2021,Alejandro Davidovich Fokina,1605.6022626226572,56.0,21.8,R,0.65,0.6,0.3333333333333333,0.6694599221054532,0.6236071555677566,0.4671339882217504,0.03559073900863084,,0,,0,0,1,0,2,46,1494.9811362235687,115.0,27.1,R,0.4,0.4,,0.5372978195513406,0.630095818815331,0.3869444444444444,0.07459343179662181,,0,,0,0,0,14,1,46,Ilya Ivashka,0,110.62112639908855,-59.0,-5.300000000000001,0.25,0.13216210255411265,0,1,0,0
2021-0410-255,2021-04-12,Clay,M,R64,3,2021,Alejandro Davidovich Fokina,1584.6734095283225,58.0,21.8,R,0.6,0.4,0.4,0.6631933731204576,0.6232103301709311,0.4689485043507826,0.03588326826155613,0.0,1,0.0,2,5,0,7,0,47,1660.5770899653708,25.0,22.1,R,0.6,0.2,0.0,0.5995997684670838,0.6439224187079973,0.4475812804761839,0.05656229940910307,1.0,1,1.0,0,0,0,21,0,145,Alex De Minaur,1,-75.90368043704825,33.0,-0.3000000000000007,0.0,0.06359360465337371,2,0,0,0
2021-0410-290,2021-04-12,Clay,M,R16,3,2021,Alejandro Davidovich Fokina,1628.1806250886225,58.0,21.8,R,0.6,0.6,0.4,0.6601872525931507,0.6570359128008616,0.49450118696228873,0.026557529211557025,,0,,2,5,1,0,1,48,1626.2851424731484,86.0,27.1,R,0.55,0.6,0.0,0.5454572495137991,0.6906895218422733,0.4807212869113737,0.08997150722724581,,0,,1,3,0,7,0,191,Lucas Pouille,1,1.8954826154740658,-28.0,-5.300000000000001,0.04999999999999993,0.11473000307935155,1,1,0,0
2021-0410-278,2021-04-12,Clay,M,R32,3,2021,Alejandro Davidovich Fokina,1604.1143333023392,58.0,21.8,R,0.6,0.6,0.4,0.6572211508982353,0.6403135047741058,0.47911657157767334,0.029913119007824784,,0,,2,5,2,0,2,49,1796.8875148912891,10.0,24.9,R,0.7,0.8,0.6666666666666666,0.624263025614234,0.7325407298975652,0.5511027604555041,0.13629257371916506,,0,,0,0,0,63,6,129,Matteo Berrettini,1,-192.7731815889499,48.0,-3.099999999999998,-0.09999999999999998,0.03295812528400133,2,2,0,0
2021-0425-240,2021-04-19,Clay,A,R64,3,2021,Alejandro Davidovich Fokina,1644.0933357543583,48.0,21.8,R,0.65,0.8,0.625,0.6694619918655016,0.6695685073249815,0.49041027787137964,0.018224195878223694,,0,,3,6,0,7,3,50,1646.178503407219,42.0,23.8,R,0.6,0.6,0.375,0.5440148112195076,0.7594198745684355,0.48970065236923316,0.14178318745275204,,0,,1,3,0,7,0,91,Alexander Bublik,0,-2.0851676528607186,6.0,-2.0,0.050000000000000044,0.12544718064599403,2,0,0,0
2021-7290-290,2021-04-26,Clay,A,R16,3,2021,Alejandro Davidovich Fokina,1636.5702190955458,48.0,21.8,R,0.6,0.8,0.5555555555555556,0.680786778190288,0.6727898181778714,0.49687177012177014,0.016097290525511884,1.0,1,1.0,1,3,1,0,0,52,1677.781073903109,51.0,34.2,R,0.55,0.6,0.4,0.6102134054438653,0.6729669633083308,0.4274671563041223,0.057394413906860044,0.0,1,0.0,2,5,0,7,1,201,Jeremy Chardy,1,-41.21085480756324,-3.0,-12.400000000000002,0.04999999999999993,0.07057337274642272,-1,1,0,0
2021-7290-278,2021-04-26,Clay,A,R32,3,2021,Alejandro Davidovich Fokina,1628.1893601205334,48.0,21.8,R,0.6,0.6,0.5555555555555556,0.6770321994357091,0.6695286349166881,0.4920688144567455,0.018224195878223694,,0,,1,3,2,0,1,53,1448.199133551711,80.0,35.2,R,0.3,0.2,0.4,0.615602355436148,0.6410289587433802,0.45972270784770786,0.022347072838755686,,0,,2,5,0,7,0,79,Pablo Andujar,1,179.99022656882244,-32.0,-13.400000000000002,0.3,0.061429843999561085,-1,2,0,0
2021-7290-296,2021-04-26,Clay,A,QF,3,2021,Alejandro Davidovich Fokina,1654.4591984761353,48.0,21.8,R,0.65,0.8,0.5555555555555556,0.6871739383606121,0.6739009292889826,0.5391794624294624,0.019397101964858207,,0,,1,3,3,0,2,54,1657.9792496503685,31.0,22.8,L,0.6,0.4,0.5,0.613298126727395,0.7086494182308313,0.5046151386258294,0.08182569909348317,,0,,0,0,0,14,0,92,Ugo Humbert,1,-3.520051174233231,17.0,-1.0,0.050000000000000044,0.0738758116332171,1,3,0,0
2021-1536-270,2021-05-03,Clay,M,R32,3,2021,Alejandro Davidovich Fokina,1666.9147403876264,49.0,21.9,R,0.65,0.8,0.6153846153846154,0.7185800223245419,0.6794854092467998,0.49857262182262174,0.015804662938302468,,0,,4,9,0,7,3,55,1970.434150442808,3.0,25.2,R,0.85,0.8,0.0,0.5695611091519795,0.6624233455331854,0.5360403010578326,0.14410641583325107,,0,,0,0,0,42,1,255,Daniil Medvedev,0,-303.51941005518165,46.0,-3.3000000000000007,-0.19999999999999996,0.14901891317256233,4,0,0,0
2021-1536-239,2021-05-03,Clay,M,R64,3,2021,Alejandro Davidovich Fokina,1653.2387937446981,49.0,21.9,R,0.6,0.6,0.6153846153846154,0.7188314628693299,0.669852130648004,0.5128583361083361,0.01527035178062829,,0,,4,9,1,0,0,56,1602.4131337470365,85.0,30.1,R,0.5,0.4,0.42857142857142855,0.5886203529173525,0.6927865219507215,0.5300510915022036,0.11673560312412881,,0,,2,4,0,7,1,170,Pierre Hugues Herbert,1,50.82565999766166,-36.0,-8.200000000000003,0.09999999999999998,0.13021110995197738,2,1,0,0
2021-0416-284,2021-05-10,Clay,M,R32,3,2021,Alejandro Davidovich Fokina,1679.4294599660543,48.0,21.9,R,0.6,0.6,0.6,0.7408520850571311,0.6881857119881982,0.49188306138306137,0.017479304086627824,1.0,1,1.0,2,6,0,7,1,57,1665.3299205568778,49.0,25.7,L,0.65,0.8,0.6666666666666666,0.6571254365530645,0.6811632625054546,0.5515050367386296,0.07469319794030856,0.0,1,0.0,0,0,0,14,4,129,Cameron Norrie,1,14.099539409176487,-1.0,-3.8000000000000007,-0.050000000000000044,0.08372664850406653,2,0,0,0
2021-0416-266,2021-05-10,Clay,M,R64,3,2021,Alejandro Davidovich Fokina,1662.16591034119,48.0,21.9,R,0.6,0.6,0.6,0.7286810324255522,0.6763053701078564,0.5086687756687757,0.013531935665575192,,0,,2,6,1,0,2,58,1689.6607949669485,17.0,29.9,R,0.55,0.4,0.6363636363636364,0.610970981725387,0.6894010039453684,0.5102808027839658,0.05729527935662587,,0,,1,3,0,7,0,259,Grigor Dimitrov,1,-27.49488462575846,31.0,-8.0,0.04999999999999993,0.11771005070016516,1,1,0,0
2021-0416-293,2021-05-10,Clay,M,R16,3,2021,Alejandro Davidovich Fokina,1694.7805083895971,48.0,21.9,R,0.65,0.6,0.6,0.7356132560894884,0.6849248424229809,0.48470357420357424,0.015784388832390535,,0,,2,6,2,0,3,59,2066.258179961832,1.0,33.9,R,0.75,0.6,0.8235294117647058,0.6236252957680972,0.6737104441903203,0.525311167581241,0.06811417886652996,,0,,0,0,0,21,2,292,Novak Djokovic,0,-371.47767157223484,47.0,-12.0,-0.09999999999999998,0.11198796032139113,2,2,0,0
2021-520-222,2021-05-31,Clay,G,QF,5,2021,Alejandro Davidovich Fokina,1740.1975793302572,46.0,21.9,R,0.7,0.8,0.6111111111111112,0.7004367742590742,0.6555561427273695,0.45793369484545954,0.025439363225200462,0.0,2,0.0,0,0,0,21,0,60,1911.4820438706774,6.0,24.1,R,0.8,0.8,0.75,0.656510318082526,0.7403616301923225,0.5306970870491335,0.08153807369709168,2.0,2,1.0,0,0,0,21,0,346,Alexander Zverev,0,-171.28446454042023,40.0,-2.200000000000003,-0.10000000000000009,0.04392645617654822,0,0,1,1
2021-520-206,2021-05-31,Clay,G,R32,5,2021,Alejandro Davidovich Fokina,1707.952393002146,46.0,21.9,R,0.65,0.8,0.6111111111111112,0.7152917201476994,0.6663760980210091,0.5025890395008041,0.02730020634820805,0.0,1,0.0,0,0,2,0,1,62,1792.5983511980785,16.0,22.4,R,0.8,1.0,0.7419354838709677,0.6585129528889826,0.7623421705523159,0.6022423564024397,0.06537746626656536,1.0,1,1.0,0,0,0,14,6,120,Casper Ruud,1,-84.64595819593251,30.0,-0.5,-0.15000000000000002,0.05677876725871678,0,2,1,1
2021-520-217,2021-05-31,Clay,G,R16,5,2021,Alejandro Davidovich Fokina,1727.7751467181192,46.0,21.9,R,0.7,0.8,0.6111111111111112,0.7133814211443772,0.6602858724570992,0.4637612006729654,0.023669451720775687,,0,,0,0,3,0,2,63,1648.7543155121941,51.0,30.6,L,0.7,0.8,0.625,0.6395339531385257,0.7142336283759351,0.5414373391117577,0.03633614688043402,,0,,3,9,0,7,2,176,Federico Delbonis,1,79.0208312059251,-5.0,-8.700000000000003,0.0,0.07384746800585151,-3,3,1,1
2021-520-142,2021-05-31,Clay,G,R128,5,2021,Alejandro Davidovich Fokina,1691.407054535988,46.0,21.9,R,0.6,0.6,0.6111111111111112,0.7294482303042095,0.6596843476909607,0.4808800447918095,0.015784388832390535,,0,,0,0,4,0,3,64,1485.1160036781803,106.0,33.4,R,0.3,0.0,0.3333333333333333,0.6767138589936161,0.6110935428372581,0.4787221475618867,0.03172426726712505,,0,,0,0,0,56,0,152,Mikhail Kukushkin,1,206.2910508578077,-60.0,-11.5,0.3,0.05273437131059333,0,4,1,1
2021-0741-273,2021-06-21,Grass,A,R32,3,2021,Alejandro Davidovich Fokina,1731.5030406684784,35.0,22.0,R,0.7,0.8,,0.7608695652173914,0.45714285714285713,0.36363636363636365,0.02109153713824394,0.0,1,0.0,0,0,0,21,4,65,1526.3225564114884,98.0,22.7,R,0.4,0.4,,,,,0.017610170960446588,1.0,1,1.0,0,0,0,21,1,46,Mikael Ymer,1,205.18048425698998,-63.0,-0.6999999999999993,0.29999999999999993,,0,0,0,0
2021-540-103,2021-06-28,Grass,G,R128,5,2021,Alejandro Davidovich Fokina,1739.0183043211473,35.0,22.0,R,0.7,0.8,1.0,0.6804347826086956,0.548015873015873,0.4109848484848485,0.021019073370128,,0,,1,2,0,7,5,66,1452.414183291921,114.0,28.8,R,0.35,0.2,,0.5840331662147928,0.6953487804304729,0.5152513141318275,0.08411571048661085,,0,,0,0,0,98,1,91,Denis Kudla,0,286.60412102922623,-79.0,-6.800000000000001,0.35,0.09640161639390277,1,0,1,1
2021-0096-272,2021-07-24,Hard,A,R32,3,2021,Alejandro Davidovich Fokina,1716.4866271725068,35.0,22.1,R,0.7,0.6,0.6521739130434783,0.6893657709060663,0.7034894351197163,0.4960285328706381,0.032086719964090384,,0,,0,0,0,26,0,67,1560.805498173909,44.0,32.0,R,0.45,0.4,0.45454545454545453,0.6145604174318239,0.6448579395904809,0.48396591460322363,0.04296185797734262,,0,,0,0,0,12,0,183,John Millman,1,155.68112899859784,-9.0,-9.899999999999999,0.24999999999999994,0.07480535347424244,0,0,0,0
2021-0096-292,2021-07-24,Hard,A,R16,3,2021,Alejandro Davidovich Fokina,1725.7614323018643,35.0,22.1,R,0.7,0.6,0.6521739130434783,0.6891516954444662,0.7097351218001855,0.49959996144206664,0.041546179423549844,0.0,1,0.0,0,0,1,0,1,68,2131.0048053152227,1.0,34.1,R,0.95,1.0,0.875,0.6590500834148333,0.7726780812018065,0.5763249221287643,0.1036852407955858,1.0,1,1.0,0,0,0,26,19,314,Novak Djokovic,0,-405.24337301335845,34.0,-12.0,-0.25,0.030101612029632907,0,1,0,0
2021-0096-253,2021-07-24,Hard,A,R64,3,2021,Alejandro Davidovich Fokina,1712.1745435353266,35.0,22.1,R,0.7,0.6,0.6521739130434783,0.6860271381556688,0.6724024785979771,0.46388567572778105,0.026574628925683554,,0,,0,0,2,0,0,69,1389.1333041059638,120.0,33.1,R,0.25,0.2,0.2,0.6157307339331693,0.6715295411686159,0.47187965994966374,0.039421094930783815,,0,,0,0,0,12,0,28,Pedro Sousa,1,323.0412394293628,-85.0,-11.0,0.44999999999999996,0.0702964042224995,0,2,0,0
2021-0421-259,2021-08-09,Hard,M,R64,3,2021,Alejandro Davidovich Fokina,1722.9311854182095,34.0,22.1,R,0.65,0.6,0.6538461538461539,0.675757626826517,0.7058309514363877,0.49476125176464725,0.04803968591705634,,0,,0,0,0,16,1,70,1738.30894954491,30.0,36.2,R,0.7,1.0,0.6842105263157895,0.6885315479021827,0.8147417596797834,0.6026576016654539,0.2831583853160574,,0,,0,0,0,14,6,255,John Isner,0,-15.37776412670064,4.0,-14.100000000000001,-0.04999999999999993,-0.012773921075665773,0,0,0,0
2021-0422-265,2021-08-16,Hard,M,R64,3,2021,Alejandro Davidovich Fokina,1707.6388955490997,34.0,22.1,R,0.65,0.4,0.6296296296296297,0.670707121776012,0.7071924537838056,0.4749993470027425,0.03959524147261189,2.0,2,1.0,1,2,0,7,0,71,1711.4629615376089,12.0,24.5,R,0.6,0.4,0.625,0.6375048090503186,0.7730356268178636,0.5114002906126631,0.1046819731624109,0.0,2,0.0,2,6,0,7,1,124,Hubert Hurkacz,0,-3.824065988509119,22.0,-2.3999999999999986,0.050000000000000044,0.033202312725693406,-1,0,0,0
2021-560-151,2021-08-30,Hard,G,R128,5,2021,Alejandro Davidovich Fokina,1691.8149931848911,32.0,22.2,R,0.6,0.4,0.6071428571428571,0.6603984798007033,0.6954124849202872,0.47468974947952275,0.03888175742579451,,0,,0,0,0,14,0,72,1453.6673779541754,198.0,31.5,R,0.45,0.2,,0.6315821256038647,0.681929181929182,0.5239417989417989,0.042243233926443566,,0,,0,0,0,63,0,23,Marco Trungelliti,0,238.1476152307157,-166.0,-9.3,0.14999999999999997,0.02881635419683859,0,0,1,1
2021-0341-276,2021-09-20,Hard,A,R32,3,2021,Alejandro Davidovich Fokina,1666.294239112649,45.0,22.2,R,0.55,0.2,0.56,0.6600867914890148,0.7176347071425094,0.49427559935010085,0.043575634976814916,,0,,0,0,0,21,0,73,1442.8814053390995,99.0,36.7,R,0.2,0.2,0.4,0.5559685255805644,0.6900433735424305,0.4847352722299652,0.040562975199178876,,0,,0,0,0,28,0,246,Gilles Simon,1,223.41283377354944,-54.0,-14.500000000000004,0.35000000000000003,0.10411826590845041,0,0,0,0
2021-0341-289,2021-09-20,Hard,A,R16,3,2021,Alejandro Davidovich Fokina,1673.2228517613376,45.0,22.2,R,0.55,0.2,0.56,0.642466840282726,0.6909680404758427,0.46548772056222204,0.04348639574129771,,0,,0,0,1,0,1,74,1624.732530633386,36.0,29.5,R,0.55,0.4,0.48,0.5425400663628086,0.7464202815912244,0.5261062008795601,0.09468044207504636,,0,,0,0,0,21,0,225,Nikoloz Basilashvili,0,48.490321127951574,9.0,-7.300000000000001,0.0,0.09992677391991744,0,1,0,0
2021-7434-282,2021-09-27,Hard,A,R32,3,2021,Alejandro Davidovich Fokina,1655.00417696248,43.0,22.3,R,0.55,0.2,0.5555555555555556,0.6538314836145824,0.6972180404758428,0.46071318475320344,0.04922410065933049,,0,,2,6,0,7,0,75,1495.0054435108782,49.0,32.3,R,0.4,0.2,0.3333333333333333,0.5065635813930901,0.77925047954124,0.4292875184532967,0.12492286912135933,,0,,1,2,0,7,0,280,Benoit Paire,0,159.99873345160177,-6.0,-9.999999999999996,0.15000000000000002,0.14726790222149233,1,0,0,0
2021-0404-255,2021-10-04,Hard,M,R64,3,2021,Alejandro Davidovich Fokina,1644.4500062052123,43.0,22.3,R,0.55,0.4,0.5357142857142857,0.649806730123338,0.6766479265514806,0.4711240157522697,0.04603809530194954,,0,,1,2,0,7,0,76,1681.484978081063,31.0,24.6,R,0.55,0.6,0.6111111111111112,0.6604455192338515,0.7970969214726215,0.4524132325729028,0.1834890627669411,,0,,2,6,0,7,0,89,Lloyd Harris,0,-37.034971875850715,12.0,-2.3000000000000007,0.0,-0.010638789110513525,-1,0,0,0
2021-0404-208,2021-10-04,Hard,M,R128,3,2021,Alejandro Davidovich Fokina,1632.1161364457096,43.0,22.3,R,0.5,0.2,0.5357142857142857,0.6590876253018801,0.6789667671311908,0.46230048634050513,0.048681029498281805,1.0,1,1.0,1,2,1,0,0,77,1551.06831531037,82.0,31.7,R,0.5,0.4,0.5,0.5675369255882744,0.7455381593826593,0.5975616096866097,0.1178407979948179,0.0,1,0.0,0,0,0,35,1,227,Steve Johnson,1,81.04782113533952,-39.0,-9.399999999999999,0.0,0.09155069971360574,1,1,0,0
2021-7485-288,2021-10-18,Hard,A,R16,3,2021,Alejandro Davidovich Fokina,1643.071601323325,44.0,22.3,R,0.5,0.4,0.5,0.6356122759288839,0.6431355321695211,0.4961240157522697,0.03483717267245549,0.0,1,0.0,0,0,0,14,1,78,1632.7367957139047,17.0,25.3,R,0.55,0.4,0.3,0.6069555212674971,0.6797778868655799,0.5096341082325064,0.05687244085079459,1.0,1,1.0,0,0,0,14,1,119,Cristian Garin,1,10.3348056094203,27.0,-3.0,-0.050000000000000044,0.02865675466138684,0,0,0,0
2021-7485-295,2021-10-18,Hard,A,QF,3,2021,Alejandro Davidovich Fokina,1658.5958062596935,44.0,22.3,R,0.55,0.6,0.5,0.6492053495219574,0.6447824359903378,0.5009627254296892,0.030565888401171214,,0,,0,0,1,0,2,79,1681.3938243832179,70.0,20.9,R,0.7,0.6,0.6666666666666666,0.652871650616899,0.7021487937664797,0.5206756459484787,0.03341207313367185,,0,,0,0,0,14,1,21,Jenson Brooksby,0,-22.798018123524344,-26.0,1.4000000000000021,-0.1499999999999999,-0.003666301094941593,0,1,0,0
2021-7485-275,2021-10-18,Hard,A,R32,3,2021,Alejandro Davidovich Fokina,1630.149099220248,44.0,22.3,R,0.5,0.4,0.5,0.6549172952339031,0.6573177267864984,0.46755258718084114,0.04021499947885372,0.0,1,0.0,0,0,2,0,0,80,1562.4791780877151,72.0,27.4,R,0.55,0.4,0.52,0.575358614288761,0.7283358750540863,0.49754587875148093,0.12468144506738191,1.0,1,1.0,0,0,0,14,0,155,Jordan Thompson,1,67.66992113253286,-28.0,-5.099999999999998,-0.050000000000000044,0.07955868094514207,0,2,0,0
2021-0352-240,2021-11-01,Hard,M,R64,3,2021,Alejandro Davidovich Fokina,1643.6441895440921,45.0,22.4,R,0.5,0.6,0.5,0.6496439460131855,0.6402726320687692,0.5022960587630225,0.03229103460000162,1.0,1,1.0,0,0,0,14,1,81,1760.2439682829313,28.0,33.0,R,0.7,1.0,0.6,0.5851516443929307,0.8098771414828144,0.5095564969346829,0.18106330015292244,0.0,1,0.0,5,13,0,7,9,293,Marin Cilic,0,-116.59977873883918,17.0,-10.600000000000001,-0.19999999999999996,0.06449230162025488,-5,0,0,0
2021-0429-291,2021-11-08,Hard,A,R16,3,2021,Alejandro Davidovich Fokina,1646.3568614659005,49.0,22.4,R,0.45,0.6,0.4583333333333333,0.6565755584581465,0.6397219286201394,0.5121133736671262,0.036707550931086984,,0,,1,2,0,7,0,82,1630.8560267824878,26.0,31.4,R,0.45,0.2,0.48,0.626342414959988,0.7260858394117943,0.49295505246633053,0.04065277168310809,,0,,1,3,0,7,0,150,Daniel Evans,0,15.500834683412677,23.0,-9.0,0.0,0.030233143498158532,0,0,0,0
2021-0429-280,2021-11-08,Hard,A,R32,3,2021,Alejandro Davidovich Fokina,1632.8209037111462,49.0,22.4,R,0.45,0.4,0.4583333333333333,0.6530227634270906,0.6392999876918696,0.5052372352336107,0.03807401055841618,,0,,1,2,1,0,0,83,1578.8857857704031,55.0,26.5,R,0.5,0.4,0.5161290322580645,0.6535278775118234,0.6642958876167471,0.4899789523029046,0.07702222755134833,,0,,1,2,0,7,0,94,Mackenzie Mcdonald,1,53.93511794074311,-6.0,-4.100000000000001,-0.04999999999999999,-0.0005051140847327495,0,1,0,0
2022-9663-278,2022-01-10,Hard,A,R32,3,2022,Alejandro Davidovich Fokina,1629.6434949037332,51.0,22.6,R,0.4,0.4,0.46153846153846156,0.6532725705963351,0.6441560371472714,0.49549895360443025,0.04197132310662387,0.0,1,0.0,0,0,0,63,1,84,1501.8245644634312,43.0,31.5,R,0.4,0.2,0.3793103448275862,0.6639007946227362,0.6893621006542718,0.4234260487058523,0.07061370345367768,1.0,1,1.0,2,4,0,7,0,238,Dusan Lajovic,0,127.81893044030198,8.0,-8.899999999999999,0.0,-0.010628224026401067,-2,0,0,0
2022-580-154,2022-01-17,Hard,G,R128,5,2022,Alejandro Davidovich Fokina,1608.009144656782,50.0,22.6,R,0.4,0.2,0.4444444444444444,0.6337594803100617,0.6380156862700785,0.5265334363630509,0.03921869281545674,,0,,1,2,0,7,0,85,1482.2723562272233,152.0,29.0,L,0.45,0.2,0.45454545454545453,0.6010366152845295,0.6920920195244783,0.5318635327184571,0.07386660633234417,,0,,1,2,0,7,0,37,Alex Bolt,1,125.7367884295586,-102.0,-6.399999999999999,-0.04999999999999999,0.03272286502553223,0,0,1,1
2022-580-191,2022-01-17,Hard,G,R64,5,2022,Alejandro Davidovich Fokina,1618.4589666209363,50.0,22.6,R,0.4,0.4,0.4444444444444444,0.632517611593326,0.6430280932179693,0.5554223252519399,0.04125299204668087,,0,,1,2,1,0,1,86,1772.3667629359736,9.0,21.4,R,0.6,0.8,0.5952380952380952,0.599222022751106,0.7626204031155377,0.4626177180676331,0.11903643490415368,,0,,0,0,0,14,0,172,Felix Auger Aliassime,0,-153.90779631503733,41.0,1.2000000000000028,-0.19999999999999996,0.03329558884221995,1,1,1,1
2022-0407-285,2022-02-07,Hard,A,R32,3,2022,Alejandro Davidovich Fokina,1590.789135619927,46.0,22.6,R,0.35,0.2,0.43333333333333335,0.638568874799528,0.6628247170107566,0.5406333327318549,0.04288089482748109,,0,,1,2,0,7,0,88,1869.2438940118657,4.0,23.4,R,0.65,0.8,0.7142857142857143,0.631758999929931,0.7670236586539069,0.5413256861967439,0.10109429150969214,,0,,0,0,0,21,4,281,Stefanos Tsitsipas,0,-278.45475839193864,42.0,-0.7999999999999972,-0.30000000000000004,0.0068098748695969435,1,0,0,0
2022-0451-287,2022-02-14,Hard,A,R16,3,2022,Alejandro Davidovich Fokina,1593.4913152489225,47.0,22.6,R,0.35,0.4,0.41935483870967744,0.6353439808815647,0.6883441975302372,0.5264125535110757,0.0556246589998167,0.0,1,0.0,1,3,0,7,0,89,1701.4789564769428,28.0,31.7,R,0.6,0.6,0.4827586206896552,0.6158537139314233,0.7799037991680834,0.5735673801395217,0.06378351737745369,1.0,1,1.0,0,0,0,28,0,160,Daniel Evans,1,-107.98764122802027,19.0,-9.099999999999998,-0.25,0.019490266950141444,1,0,0,0
2022-0451-272,2022-02-14,Hard,A,R32,3,2022,Alejandro Davidovich Fokina,1585.4267459933528,47.0,22.6,R,0.3,0.2,0.41935483870967744,0.6610582665958505,0.6645563187423584,0.512776189874712,0.03879926217441986,,0,,1,3,1,0,1,90,1396.4427173254985,303.0,38.0,R,0.25,0.2,0.3333333333333333,0.5358139250228879,0.5675348954114607,0.4577676611284107,0.04413699401473831,,0,,0,0,0,336,0,140,Malek Jaziri,1,188.98402866785432,-256.0,-15.399999999999999,0.04999999999999999,0.1252443415729626,1,1,0,0
2022-0451-294,2022-02-14,Hard,A,QF,3,2022,Alejandro Davidovich Fokina,1614.3101458313783,47.0,22.6,R,0.4,0.4,0.41935483870967744,0.64323871772367,0.6973367600724956,0.5432401397179722,0.0628841871304882,1.0,1,1.0,1,3,2,0,2,91,1690.5507065764298,16.0,33.8,R,0.55,0.6,0.5945945945945946,0.6715029932340414,0.7610027743054039,0.5346486849350627,0.04019613283161215,0.0,1,0.0,0,0,0,14,0,330,Roberto Bautista Agut,0,-76.24056074505143,31.0,-11.199999999999996,-0.15000000000000002,-0.02826427551037136,1,2,0,0
2022-0495-274,2022-02-21,Hard,A,R32,3,2022,Alejandro Davidovich Fokina,1601.7658629117377,43.0,22.7,R,0.4,0.4,0.4411764705882353,0.6532637803803116,0.6833685061042416,0.5321290286068612,0.05586664327083908,,0,,3,7,0,7,0,92,1821.712720450667,10.0,20.5,R,0.75,0.8,0.7307692307692307,0.6373548379553621,0.7631737216190877,0.5400220585865747,0.08742554908361502,,0,,0,0,0,35,2,125,Jannik Sinner,0,-219.94685753892918,33.0,2.1999999999999993,-0.35,0.015908942424949557,3,0,0,0
2022-0404-215,2022-03-07,Hard,M,R128,3,2022,Alejandro Davidovich Fokina,1594.7283309790241,45.0,22.7,R,0.4,0.4,0.4,0.6570451924265821,0.6808368605346213,0.5393512508290834,0.05335367956920366,,0,,0,0,0,14,0,93,1687.72446525174,167.0,25.3,R,0.6,0.6,,0.665345631025924,0.752397993649119,0.5616639079874374,0.12542544192671012,,0,,0,0,0,371,0,221,Borna Coric,1,-92.99613427271584,-122.0,-2.6000000000000014,-0.19999999999999996,-0.00830043859934193,0,0,0,0
2022-0404-258,2022-03-07,Hard,M,R64,3,2022,Alejandro Davidovich Fokina,1614.9115343609046,45.0,22.7,R,0.4,0.6,0.4,0.6614534049869685,0.6788660288436477,0.5589959739220823,0.050757061211715734,,0,,0,0,1,0,1,94,1717.9650374728838,13.0,22.8,L,0.7,0.6,0.5897435897435898,0.6120532483245252,0.790104879773949,0.5587796757765797,0.11093228538408906,,0,,0,0,0,14,3,241,Denis Shapovalov,0,-103.05350311197913,32.0,-0.10000000000000142,-0.29999999999999993,0.04940015666244324,0,1,0,0
2022-0403-208,2022-03-21,Hard,M,R128,3,2022,Alejandro Davidovich Fokina,1603.5228770297342,43.0,22.7,R,0.4,0.4,0.39285714285714285,0.666057741793502,0.678339713054174,0.537801693013756,0.04777198658485007,,0,,0,0,0,14,0,95,1718.7581570729214,38.0,21.7,R,0.6,0.4,0.6129032258064516,0.6180611026595941,0.7027026313168674,0.4761479591836735,0.059430848308884586,,0,,0,0,1,0,2,65,Sebastian Korda,0,-115.23528004318723,5.0,1.0,-0.19999999999999996,0.04799663913390784,0,-1,0,0
2022-0360-277,2022-04-04,Clay,A,R32,3,2022,Alejandro Davidovich Fokina,1592.6432603205162,45.0,22.8,R,0.4,0.2,0.7,0.6802759642531184,0.6573374695086963,0.46674595538185804,0.044614091848007964,,0,,0,0,0,14,0,96,1517.0919067652321,60.0,30.0,R,0.35,0.2,0.5454545454545454,0.6615679803427112,0.6560728993076269,0.5380611669593027,0.038685577270241016,,0,,0,0,0,14,0,61,Federico Coria,0,75.5513535552841,-15.0,-7.199999999999999,0.050000000000000044,0.018707983910407178,0,0,0,0
2022-0410-293,2022-04-11,Clay,M,R16,3,2022,Alejandro Davidovich Fokina,1620.3636336309612,46.0,22.8,R,0.4,0.4,0.6842105263157895,0.6568026711239974,0.6429577121223258,0.465214616350519,0.04000863264304938,0.0,1,0.0,1,3,0,7,0,97,1630.115405593148,47.0,31.3,R,0.55,1.0,0.7142857142857143,0.5420801246851419,0.7230235124352771,0.5012915742880953,0.049056529829402076,1.0,1,1.0,5,13,0,7,6,310,David Goffin,1,-9.751771962186695,-1.0,-8.5,-0.15000000000000002,0.11472254643885549,-4,0,0,0
2022-0410-299,2022-04-11,Clay,M,SF,3,2022,Alejandro Davidovich Fokina,1660.9970881806735,46.0,22.8,R,0.45,0.8,0.6842105263157895,0.6705288686737244,0.6622927966213449,0.4696420104965832,0.011714901357431685,1.0,1,1.0,1,3,1,0,1,98,1747.3444250189311,29.0,30.9,R,0.6,0.6,0.42857142857142855,0.6076048575644767,0.7477159497554559,0.48948078118687166,0.05353982635936081,0.0,1,0.0,0,0,0,21,0,296,Grigor Dimitrov,1,-86.34733683825766,17.0,-8.099999999999998,-0.14999999999999997,0.06292401110924772,1,1,0,0
2022-0410-268,2022-04-11,Clay,M,R64,3,2022,Alejandro Davidovich Fokina,1573.217814754114,46.0,22.8,R,0.35,0.2,0.6842105263157895,0.6654933555574661,0.6433391115448212,0.46714278077868343,0.04069252322055698,,0,,1,3,2,0,2,99,1594.032392936117,54.0,28.7,R,0.4,0.2,0.2857142857142857,0.5962985876154866,0.6785676791965262,0.46554634899841635,0.07228830305028379,,0,,1,2,0,7,0,82,Marcos Giron,1,-20.81457818200306,-8.0,-5.899999999999999,-0.050000000000000044,0.06919476794197954,0,2,0,0
2022-0410-285,2022-04-11,Clay,M,R32,3,2022,Alejandro Davidovich Fokina,1590.175216370653,46.0,22.8,R,0.4,0.4,0.6842105263157895,0.6542559818200925,0.6600905792551929,0.46567757931348197,0.04000863264304938,0.0,2,0.0,1,3,3,0,3,100,2078.888084346857,1.0,34.8,R,0.75,0.6,0.85,0.6368441841442354,0.7378088956320501,0.5857948185201594,0.1384509786360456,2.0,2,1.0,0,0,0,49,2,338,Novak Djokovic,1,-488.7128679762038,45.0,-11.999999999999996,-0.35,0.0174117976758571,1,3,0,0
2022-0410-300,2022-04-11,Clay,M,F,3,2022,Alejandro Davidovich Fokina,1680.8936337603418,46.0,22.8,R,0.5,1.0,0.6842105263157895,0.6848533524495356,0.6498936770322031,0.47019146104603377,0.014369768614068851,0.0,1,0.0,1,3,4,0,4,101,1879.2623550201358,5.0,23.6,R,0.75,0.8,0.8148148148148148,0.6080478885026613,0.734909103239205,0.5678990182749581,0.09581273620700156,1.0,1,1.0,0,0,0,21,1,297,Stefanos Tsitsipas,0,-198.36872125979403,41.0,-0.8000000000000007,-0.25,0.07680546394687426,1,4,0,0
2022-0410-297,2022-04-11,Clay,M,QF,3,2022,Alejandro Davidovich Fokina,1636.8126014325373,46.0,22.8,R,0.4,0.6,0.6842105263157895,0.6664283395731954,0.6393862835508972,0.4629923941282968,0.02292179790915582,1.0,1,1.0,1,3,5,0,0,102,1833.0443499379076,13.0,24.4,R,0.75,0.8,0.375,0.5998451395217028,0.7219207468281261,0.5564859988660478,0.07429653195535953,0.0,1,0.0,2,5,0,7,0,269,Taylor Fritz,1,-196.2317485053702,33.0,-1.5999999999999979,-0.35,0.06658320005149254,-1,5,0,0
2022-7290-291,2022-04-25,Clay,A,R16,3,2022,Alejandro Davidovich Fokina,1673.150552322238,28.0,22.8,R,0.45,0.8,0.7142857142857143,0.6963888757497647,0.63481675395528,0.47458960919418186,0.014005494464041868,1.0,1,1.0,0,0,0,14,1,103,1425.5802024492461,123.0,25.2,R,0.3,0.4,0.25,0.6270980964940638,0.6152603049551779,0.4321628146493358,0.03181622351203774,0.0,1,0.0,2,4,0,7,1,26,Bernabe Zapata Miralles,1,247.57034987299176,-95.0,-2.3999999999999986,0.15000000000000002,0.06929077925570093,-2,0,0,0
2022-7290-296,2022-04-25,Clay,A,QF,3,2022,Alejandro Davidovich Fokina,1679.3540307293958,28.0,22.8,R,0.5,0.8,0.7142857142857143,0.7003266046874936,0.6209069795191898,0.4910398256443983,0.012221770941187912,,0,,0,0,1,0,2,104,1687.7029696636023,29.0,24.2,R,0.6,0.6,0.42857142857142855,0.5735200092985006,0.706110643329353,0.5048295650665878,0.0618400818666753,,0,,2,4,0,7,1,222,Frances Tiafoe,0,-8.348938934206444,-1.0,-1.3999999999999986,-0.09999999999999998,0.12680659538899308,-2,1,0,0
2022-1536-283,2022-05-02,Clay,M,R32,3,2022,Alejandro Davidovich Fokina,1677.6444755560665,29.0,22.9,R,0.5,0.6,0.6842105263157895,0.7103796035410592,0.6548418036714052,0.5345693016012091,0.015611601449662487,2.0,3,0.6666666666666666,2,5,0,7,0,105,1798.4429231508268,14.0,25.2,R,0.7,0.8,0.5,0.6063972700240231,0.7407839004531588,0.5709194732564298,0.1682526779758248,1.0,3,0.3333333333333333,0,0,0,21,2,171,Hubert Hurkacz,0,-120.79844759476032,15.0,-2.3000000000000007,-0.19999999999999996,0.10398233351703612,2,0,0,0
2022-1536-264,2022-05-02,Clay,M,R64,3,2022,Alejandro Davidovich Fokina,1663.7384395866607,29.0,22.9,R,0.5,0.6,0.6842105263157895,0.7096366269912566,0.613680187509789,0.5003863930554819,0.012221770941187912,0.0,1,0.0,2,5,1,0,0,106,1618.006289891157,38.0,25.1,R,0.45,0.4,0.5,0.6431855426030975,0.7105020563410238,0.49564449464749316,0.12709284860046727,1.0,1,1.0,1,2,0,7,0,111,Lloyd Harris,1,45.73214969550372,-9.0,-2.200000000000003,0.04999999999999999,0.06645108438815917,1,1,0,0
2022-0416-282,2022-05-09,Clay,M,R32,3,2022,Alejandro Davidovich Fokina,1682.128645807723,29.0,22.9,R,0.55,0.6,0.6842105263157895,0.7391989921588105,0.6512811976107992,0.512854426438058,0.01720538819494631,0.0,1,0.0,2,5,0,7,1,107,1775.206340640373,9.0,21.7,R,0.6,0.6,0.5,0.6816127005837717,0.6810481607177029,0.5049019607843137,0.0747254728595307,1.0,1,1.0,3,6,0,7,2,199,Felix Auger Aliassime,0,-93.07769483264997,20.0,1.1999999999999993,-0.04999999999999993,0.057586291575038806,-1,0,0,0
2022-0416-263,2022-05-09,Clay,M,R64,3,2022,Alejandro Davidovich Fokina,1666.99362226367,29.0,22.9,R,0.5,0.4,0.6842105263157895,0.736638751194955,0.6589002452298467,0.5273043443362517,0.019571997489266448,0.0,1,0.0,2,5,1,0,0,108,1648.1925669218365,50.0,28.2,R,0.45,0.4,0.375,0.6130462399426095,0.6674007001416936,0.4902244401813367,0.054673246692753065,1.0,1,1.0,1,3,0,7,0,103,Ilya Ivashka,1,18.80105534183349,-21.0,-5.300000000000001,0.04999999999999999,0.1235925112523455,1,1,0,0
2022-520-119,2022-05-23,Clay,G,R128,5,2022,Alejandro Davidovich Fokina,1670.3153482312605,28.0,22.9,R,0.55,0.4,0.6666666666666666,0.7390645835566599,0.6567624810332591,0.525817389401021,0.021372054861612977,,0,,0,0,0,14,1,109,1490.9388620678342,58.0,25.8,R,0.4,0.4,0.42857142857142855,0.6546774221984883,0.6594710328701202,0.5106672932330827,0.04852770763962608,,0,,3,8,0,7,1,33,Tallon Griekspoor,0,179.3764861634263,-30.0,-2.900000000000002,0.15000000000000002,0.08438716135817159,-3,0,1,1
2022-0311-289,2022-06-13,Grass,A,R16,3,2022,Alejandro Davidovich Fokina,1658.810049997451,44.0,23.0,R,0.5,0.4,0.5,0.6751490491526723,0.6336516711516711,0.4559984971169182,0.02319698483360177,1.0,2,0.5,0,0,1,0,1,111,1688.516051527221,21.0,23.3,R,0.55,0.4,0.7,0.6166377175181632,0.7258949025441499,0.5520747350007699,0.027484594199431833,1.0,2,0.5,1,2,0,7,0,208,Alex De Minaur,1,-29.706001529769992,23.0,-0.3000000000000007,-0.050000000000000044,0.058511331634509056,-1,1,0,0
2022-0311-295,2022-06-13,Grass,A,QF,3,2022,Alejandro Davidovich Fokina,1676.1747380812449,44.0,23.0,R,0.55,0.6,0.5,0.659350008552907,0.6456310143406917,0.4790845119792488,0.022465194500041523,1.0,1,1.0,0,0,2,0,2,112,1698.3075712603636,29.0,26.6,R,0.6,0.6,0.3333333333333333,0.6431192459800297,0.7240430155293411,0.5802159571980544,0.06691539707481073,0.0,1,0.0,1,3,0,7,0,54,Botic Van De Zandschulp,0,-22.132833179118734,15.0,-3.6000000000000014,-0.04999999999999993,0.016230762572877366,-1,2,0,0
2022-540-131,2022-06-27,Grass,G,R128,5,2022,Alejandro Davidovich Fokina,1661.1926161962642,37.0,23.0,R,0.55,0.4,0.5,0.6311576868659846,0.6446925119505764,0.482570426649374,0.026876959205923878,2.0,4,0.5,0,0,0,14,0,113,1836.2674226577992,10.0,25.3,R,0.7,1.0,0.8333333333333334,0.6186315916970815,0.7889910392778561,0.5744180139207702,0.12523071484804377,2.0,4,0.5,0,0,0,14,5,186,Hubert Hurkacz,1,-175.074806461535,27.0,-2.3000000000000007,-0.1499999999999999,0.012526095168903129,0,0,1,1
2022-540-179,2022-06-27,Grass,G,R64,5,2022,Alejandro Davidovich Fokina,1684.6355492287225,37.0,23.0,R,0.55,0.6,0.5,0.6251290252015188,0.6537840578623989,0.49678744459072144,0.027380341304398002,,0,,0,0,1,0,1,114,1531.6337721219586,68.0,28.9,L,0.35,0.4,1.0,0.6869351251177427,0.7570995243720874,0.5390549188568639,0.14619679414011927,,0,,0,0,0,35,0,182,Jiri Vesely,0,153.00177710676394,-31.0,-5.899999999999999,0.20000000000000007,-0.06180609991622388,0,1,1,1
2022-0316-276,2022-07-11,Clay,A,R32,3,2022,Alejandro Davidovich Fokina,1662.0122719796955,36.0,23.0,R,0.55,0.6,0.5714285714285714,0.7277116423801894,0.6416719377737018,0.5262005311634731,0.03468371209091486,,0,,0,0,0,14,0,115,1451.0508625157827,60.0,33.2,R,0.5,0.2,0.5454545454545454,0.6635742515101402,0.686316021556555,0.5226973026973026,0.05281370700089912,,0,,0,0,0,14,0,256,Joao Sousa,1,210.9614094639128,-24.0,-10.200000000000003,0.050000000000000044,0.06413739087004922,0,0,0,0
2022-0316-289,2022-07-11,Clay,A,R16,3,2022,Alejandro Davidovich Fokina,1669.3378703672022,36.0,23.0,R,0.6,0.6,0.5714285714285714,0.7083184012127546,0.6455467514845811,0.5404434097241927,0.03613259125985964,,0,,0,0,1,0,1,116,1631.7397068451578,34.0,21.5,R,0.6,0.6,0.6538461538461539,0.6949622592946495,0.6955112595865436,0.5914985443394045,0.024614037922861452,,0,,0,0,0,14,1,42,Sebastian Baez,0,37.59816352204439,2.0,1.5,0.0,0.01335614191810508,0,1,0,0
2022-0414-277,2022-07-18,Clay,A,R32,3,2022,Alejandro Davidovich Fokina,1651.6131383343547,35.0,23.1,R,0.6,0.4,0.5625,0.7054013248443508,0.6384777859673396,0.5398939591747421,0.03772775077581123,1.0,2,0.5,2,4,0,7,0,117,1709.2137336948488,25.0,26.7,R,0.65,0.6,0.6428571428571429,0.6725128574491732,0.7101043765449268,0.5372004160713838,0.10906291370553409,1.0,2,0.5,0,0,0,21,1,63,Botic Van De Zandschulp,1,-57.600595360494026,10.0,-3.599999999999998,-0.050000000000000044,0.03288846739517759,2,0,0,0
2022-0414-289,2022-07-18,Clay,A,R16,3,2022,Alejandro Davidovich Fokina,1670.2417052057558,35.0,23.1,R,0.6,0.6,0.5625,0.7067085143868345,0.6436975661871198,0.5193582448890278,0.036522931498702796,,0,,2,4,1,0,1,118,1422.8823884336466,186.0,29.7,R,0.4,0.4,0.5,0.5965482867130392,0.6430614422176474,0.45113482765145835,0.03465050484726906,,0,,0,0,0,154,0,60,Jozef Kovalik,1,247.3593167721092,-151.0,-6.599999999999998,0.19999999999999996,0.1101602276737953,2,1,0,0
2022-0414-295,2022-07-18,Clay,A,QF,3,2022,Alejandro Davidovich Fokina,1676.4512609624514,35.0,23.1,R,0.6,0.6,0.5625,0.6944374521157721,0.6816975661871199,0.523636319755338,0.044261026736798034,,0,,2,4,2,0,2,119,1612.6986144443104,62.0,20.3,R,0.55,0.4,0.6153846153846154,0.6624159826411022,0.6262631839592535,0.5211575238947698,0.025485899609305578,,0,,1,2,0,7,0,74,Lorenzo Musetti,0,63.75264651814109,-27.0,2.8000000000000007,0.04999999999999993,0.032021469474669884,1,2,0,0
2022-0421-265,2022-08-08,Hard,M,R64,3,2022,Alejandro Davidovich Fokina,1657.5478564114292,36.0,23.1,R,0.55,0.6,0.34615384615384615,0.657636689161923,0.6597072344216953,0.48669058190264486,0.04226102673679803,0.0,3,0.0,0,0,0,21,0,120,1670.578892939548,15.0,29.9,R,0.5,0.4,0.6176470588235294,0.6321315056470913,0.6758988891101637,0.5128785335307076,0.007666204314792204,3.0,3,1.0,0,0,1,0,0,356,Diego Schwartzman,0,-13.031036528118875,21.0,-6.799999999999997,0.050000000000000044,0.025505183514831664,0,-1,0,0
2022-0422-264,2022-08-15,Hard,M,R64,3,2022,Alejandro Davidovich Fokina,1642.1476765861635,37.0,23.1,R,0.5,0.4,0.34615384615384615,0.6489651585341679,0.6582177924910769,0.460568132923053,0.04280089384643259,,0,,1,3,0,7,0,121,1900.690112158191,28.0,27.3,R,0.85,0.8,0.7272727272727273,0.6548225245589737,0.8105992467659471,0.5646882737145894,0.19908345238989575,,0,,4,10,0,7,1,221,Nick Kyrgios,0,-258.54243557202744,9.0,-4.199999999999999,-0.35,-0.005857366024805799,-3,0,0,0
2022-560-200,2022-08-29,Hard,G,R32,5,2022,Alejandro Davidovich Fokina,1664.7636031702452,39.0,23.2,R,0.5,0.4,0.34615384615384615,0.659830583790708,0.6391567921208743,0.45962183284631813,0.053947149652726324,,0,,0,0,0,14,0,122,1547.3686858421565,94.0,26.1,R,0.45,0.6,0.25,0.62977366690637,0.6932018932154802,0.5230866958645846,0.04404356098113155,,0,,0,0,0,35,0,47,Daniel Elahi Galan,1,117.3949173280887,-55.0,-2.900000000000002,0.04999999999999999,0.03005691688433798,0,0,1,1
2022-560-173,2022-08-29,Hard,G,R64,5,2022,Alejandro Davidovich Fokina,1650.587774604922,39.0,23.2,R,0.5,0.4,0.34615384615384615,0.6361996314097557,0.6595953886121023,0.4710842834392036,0.049514634315303015,0.0,1,0.0,0,0,1,0,1,123,1610.8034153466165,98.0,30.5,R,0.5,0.4,0.37037037037037035,0.6254224217503608,0.7085928895747562,0.5142228946357803,0.05519735714040872,1.0,1,1.0,1,3,0,7,0,201,Marton Fucsovics,1,39.784359258305585,-59.0,-7.300000000000001,0.0,0.010777209659394882,-1,1,1,1
2022-560-214,2022-08-29,Hard,G,R16,5,2022,Alejandro Davidovich Fokina,1675.5541289924527,39.0,23.2,R,0.55,0.6,0.34615384615384615,0.6508305837907081,0.634977063803215,0.4716569917374608,0.05064377886620948,1.0,1,1.0,0,0,2,0,2,124,1868.751890026133,14.0,26.3,R,0.8,0.6,0.64,0.6219724333284767,0.7763526062960522,0.49830041598442315,0.12911406163426614,0.0,1,0.0,0,0,0,14,0,200,Matteo Berrettini,0,-193.1977610336803,25.0,-3.1000000000000014,-0.25,0.02885815046223139,0,2,1,1
2022-560-118,2022-08-29,Hard,G,R128,5,2022,Alejandro Davidovich Fokina,1636.2539631925247,39.0,23.2,R,0.45,0.4,0.34615384615384615,0.6468950032725233,0.6423806884186788,0.4843443566992768,0.044931870977409714,,0,,0,0,3,0,0,125,1599.9414927865867,55.0,26.9,L,0.55,0.6,0.48,0.6536501433351043,0.6662547288686037,0.5789238130476886,0.02931580325048726,,0,,0,0,0,21,0,167,Yoshihito Nishioka,1,36.31247040593803,-16.0,-3.6999999999999993,-0.10000000000000003,-0.006755140062581044,0,3,1,1
2022-2807-277,2022-10-10,Hard,A,R32,3,2022,Alejandro Davidovich Fokina,1642.8511345045367,31.0,23.3,R,0.5,0.6,0.4,0.6447918757349081,0.6406033778374632,0.49082932733836787,0.04441781108920325,,0,,1,2,0,7,0,127,1691.0084039267485,48.0,35.4,R,0.6,0.4,0.48484848484848486,0.5909032293739674,0.7565607808745038,0.4339434002543675,0.06675596774648287,,0,,0,0,0,17,0,219,Andy Murray,0,-48.15726942221181,-17.0,-12.099999999999998,-0.09999999999999998,0.053888646360940706,1,0,0,0
2022-0328-280,2022-10-24,Hard,A,R32,3,2022,Alejandro Davidovich Fokina,1629.054764630623,31.0,23.3,R,0.45,0.4,0.34782608695652173,0.6508368795487905,0.6378067676679717,0.4567829815273162,0.04441781108920325,0.0,1,0.0,0,0,0,14,0,128,1701.878329304589,28.0,23.1,R,0.5,0.6,0.6451612903225806,0.6188427613361125,0.6916201423097974,0.530723602484472,0.06724841382139593,1.0,1,1.0,3,6,0,7,1,168,Miomir Kecmanovic,0,-72.82356467396608,3.0,0.1999999999999993,-0.04999999999999999,0.03199411821267806,-3,0,0,0
2022-0352-257,2022-10-31,Hard,M,R64,3,2022,Alejandro Davidovich Fokina,1616.3601492580449,32.0,23.4,R,0.45,0.2,0.3333333333333333,0.6608032535446807,0.6347512121124161,0.4538393314011596,0.0364734452240453,2.0,2,1.0,1,3,0,7,0,129,1836.3593829545557,11.0,25.0,R,0.75,0.8,0.7380952380952381,0.609250223933133,0.7879461510300364,0.49882106118038844,0.1340602874309596,0.0,2,0.0,2,6,0,7,1,302,Taylor Fritz,0,-219.99923369651083,21.0,-1.6000000000000014,-0.3,0.05155302961154773,-1,0,0,0
2023-8998-278,2023-01-09,Hard,A,R32,3,2023,Alejandro Davidovich Fokina,1609.3242723732758,32.0,23.5,R,0.45,0.0,0.3181818181818182,0.6598196469873037,0.6458623232235272,0.4716171091789375,0.04139147801093055,,0,,0,0,0,70,0,130,1716.236453293139,47.0,21.4,R,0.75,1.0,0.6190476190476191,0.6725530590103789,0.7612995480113922,0.5297406088535122,0.1082439264504722,,0,,0,0,0,63,5,92,Brandon Nakashima,1,-106.9121809198632,-15.0,2.1000000000000014,-0.3,-0.012733412023075208,0,0,0,0
2023-8998-290,2023-01-09,Hard,A,R16,3,2023,Alejandro Davidovich Fokina,1630.098026750778,32.0,23.5,R,0.45,0.2,0.3181818181818182,0.6648030356916227,0.6555355258379063,0.4944742520360804,0.04478018232986743,1.0,1,1.0,0,0,1,0,1,131,1542.8309256740697,148.0,33.5,R,0.4,0.4,0.4375,0.6316209625954556,0.657278475236701,0.5670093051343051,0.05148179120696335,0.0,1,0.0,0,0,1,0,1,232,John Millman,1,87.26710107670829,-116.0,-10.0,0.04999999999999999,0.03318207309616705,0,0,0,0
2023-8998-296,2023-01-09,Hard,A,QF,3,2023,Alejandro Davidovich Fokina,1642.1616623550617,32.0,23.5,R,0.45,0.4,0.3181818181818182,0.6605705012704091,0.6721289324313129,0.512151019712848,0.04827329808713413,1.0,2,0.5,0,0,2,0,2,132,1718.1091492034777,26.0,34.7,R,0.55,0.4,0.5757575757575758,0.6556543603960927,0.7303718840643599,0.5813362289197204,0.05318609766758535,1.0,2,0.5,2,5,0,7,0,374,Roberto Bautista Agut,0,-75.94748684841602,6.0,-11.200000000000003,-0.10000000000000003,0.004916140874316355,-2,2,0,0
2023-580-160,2023-01-16,Hard,G,R128,5,2023,Alejandro Davidovich Fokina,1629.6045101341467,32.0,23.6,R,0.45,0.4,0.375,0.6589496415100144,0.6512778686015256,0.5130608625581747,0.0408384848383674,0.0,1,0.0,3,6,0,7,0,133,1608.6597449996384,36.0,25.5,R,0.45,0.0,0.5294117647058824,0.6133752388180056,0.7721846662809637,0.44457455608007024,0.16287366598036582,1.0,1,1.0,1,2,0,7,0,183,Alexander Bublik,1,20.944765134508316,-4.0,-1.8999999999999986,0.0,0.04557440269200885,2,0,1,1
2023-580-194,2023-01-16,Hard,G,R64,5,2023,Alejandro Davidovich Fokina,1644.6411347876178,32.0,23.6,R,0.45,0.6,0.375,0.6572648589013188,0.6485914650927537,0.5227917114194585,0.03841094860648334,,0,,3,6,1,0,1,134,1736.7276439189422,35.0,25.6,R,0.6,0.6,0.6052631578947368,0.6164642932950477,0.7211986279266305,0.5749775634900097,0.0731198076423436,,0,,2,4,0,7,0,160,Tommy Paul,0,-92.08650913132442,-3.0,-2.0,-0.14999999999999997,0.0408005656062711,1,1,1,1
2023-0375-289,2023-02-06,Hard,A,R16,3,2023,Alejandro Davidovich Fokina,1632.785285168028,32.0,23.6,R,0.45,0.6,0.391304347826087,0.6595001530189658,0.6487482049046659,0.5122252626177155,0.03794036037118922,,0,,0,0,0,21,0,135,1426.4452563477485,70.0,26.2,R,0.3,0.6,0.25,0.6355132108357211,0.8249784924532291,0.441000038478117,0.20652626932920443,,0,,0,0,0,21,0,47,Quentin Halys,0,206.34002882027949,-38.0,-2.599999999999998,0.15000000000000002,0.02398694218324471,0,0,0,0
2023-0407-277,2023-02-13,Hard,A,R32,3,2023,Alejandro Davidovich Fokina,1608.2622343122157,31.0,23.6,R,0.4,0.4,0.391304347826087,0.6520781902972052,0.6491204844006568,0.5031640381279197,0.0401186671306772,0.0,1,0.0,1,2,0,7,0,136,1874.9905090425307,11.0,27.0,R,0.6,0.6,0.6904761904761905,0.6765021208103922,0.7515874638231381,0.4767374791174948,0.12367287422877382,1.0,1,1.0,0,0,0,28,0,375,Daniil Medvedev,0,-266.728274730315,20.0,-3.3999999999999986,-0.19999999999999996,-0.02442393051318703,1,0,0,0
2023-0451-273,2023-02-20,Hard,A,R32,3,2023,Alejandro Davidovich Fokina,1602.5917281856102,31.0,23.7,R,0.4,0.2,0.3333333333333333,0.6447800536512425,0.6431882810108263,0.4896791896430711,0.0397770522238449,,0,,1,3,0,7,0,137,1551.2844566998542,53.0,30.7,R,0.5,0.4,0.5555555555555556,0.6753067436408039,0.6642330396672038,0.43311840052980655,0.04843170782483268,,0,,1,2,0,7,0,24,Constant Lestienne,1,51.30727148575602,-22.0,-7.0,-0.09999999999999998,-0.03052668998956143,0,0,0,0
2023-0451-294,2023-02-20,Hard,A,QF,3,2023,Alejandro Davidovich Fokina,1633.498802140522,31.0,23.7,R,0.4,0.4,0.3333333333333333,0.627383420407814,0.6708125542202059,0.5034329220205798,0.04625621662380139,0.0,2,0.0,1,3,1,0,1,138,1840.7608290321916,9.0,22.5,R,0.7,0.6,0.6818181818181818,0.6119644178530959,0.80621469713861,0.49231502394545873,0.14930941045741805,2.0,2,1.0,3,6,0,7,2,256,Felix Auger Aliassime,0,-207.26202689166962,22.0,1.1999999999999993,-0.29999999999999993,0.015419002554718175,-2,1,0,0
2023-0451-287,2023-02-20,Hard,A,R16,3,2023,Alejandro Davidovich Fokina,1616.2459681293235,31.0,23.7,R,0.4,0.4,0.3333333333333333,0.6315276919778281,0.6511612539837992,0.5125783493069366,0.04593089837769106,,0,,1,3,2,0,0,139,1643.5067183169367,68.0,25.2,R,0.6,0.6,0.52,0.5801760698475824,0.7439127487361622,0.5006636032619488,0.09752257264428243,,0,,1,2,1,0,1,107,Soon Woo Kwon,1,-27.260750187613212,-37.0,-1.5,-0.19999999999999996,0.05135162213024569,0,1,0,0
2023-0495-286,2023-02-27,Hard,A,R16,3,2023,Alejandro Davidovich Fokina,1632.0398730780298,29.0,23.7,R,0.45,0.6,0.391304347826087,0.6350336936318578,0.6932057166133683,0.5249713835590413,0.0513015538002861,0.0,1,0.0,3,6,0,7,1,140,1805.8345198426084,6.0,25.3,R,0.55,0.4,0.6363636363636364,0.6214313319530712,0.7745711711848984,0.4869726911491153,0.11385851266286047,1.0,1,1.0,2,6,0,7,1,336,Andrey Rublev,0,-173.7946467645786,23.0,-1.6000000000000014,-0.10000000000000003,0.01360236167878659,1,0,0,0
2023-0495-271,2023-02-27,Hard,A,R32,3,2023,Alejandro Davidovich Fokina,1626.052221273041,29.0,23.7,R,0.4,0.4,0.391304347826087,0.6326527412509053,0.6908125542202058,0.5234329220205798,0.044195326694059,1.0,1,1.0,3,6,1,0,0,141,1370.8830126723174,444.0,39.1,R,0.2,0.0,,0.5245393927586648,0.5577519588254553,0.4415555399162896,0.044271280639277044,0.0,1,0.0,0,0,0,329,0,143,Malek Jaziri,1,255.16920860072355,-415.0,-15.400000000000002,0.2,0.10811334849224052,3,1,0,0
2023-0404-288,2023-03-06,Hard,M,R16,3,2023,Alejandro Davidovich Fokina,1659.9269613763258,28.0,23.7,R,0.45,0.6,0.4,0.6169576662768563,0.7074655701319428,0.533789867942042,0.04640893216472882,1.0,2,0.5,2,5,0,7,1,142,1616.9707397631,97.0,26.7,R,0.4,0.8,0.2222222222222222,0.6223235210593988,0.6751029201077443,0.46695903901167063,0.06994759738871595,1.0,2,0.5,2,4,0,7,0,166,Cristian Garin,1,42.95622161322581,-69.0,-3.0,0.04999999999999999,-0.0053658547825424785,0,0,0,0
2023-0404-295,2023-03-06,Hard,M,QF,3,2023,Alejandro Davidovich Fokina,1673.9587728606436,28.0,23.7,R,0.45,0.8,0.4,0.60310833707149,0.7146402086191508,0.5451858793380533,0.05165145022458435,0.0,2,0.0,2,5,1,0,2,143,2016.1710191338927,6.0,27.0,R,0.95,1.0,0.7692307692307693,0.6461256089673802,0.7823291886140382,0.579839194484754,0.11386211642429289,2.0,2,1.0,5,10,0,7,14,389,Daniil Medvedev,0,-342.2122462732491,22.0,-3.3000000000000007,-0.49999999999999994,-0.04301727189589022,-3,1,0,0
2023-0404-275,2023-03-06,Hard,M,R32,3,2023,Alejandro Davidovich Fokina,1638.0470982190843,28.0,23.7,R,0.45,0.6,0.4,0.6347156547524981,0.7165498724575241,0.5431946298468039,0.047866938101519464,1.0,1,1.0,2,5,2,0,0,144,1771.9903848079186,15.0,26.7,R,0.6,0.6,0.5625,0.6710614407730672,0.7202155603598893,0.522074472798157,0.1022430452409778,0.0,1,0.0,1,2,0,7,0,357,Karen Khachanov,1,-133.94328658883433,13.0,-3.0,-0.14999999999999997,-0.03634578602056904,1,2,0,0
2023-0404-248,2023-03-06,Hard,M,R64,3,2023,Alejandro Davidovich Fokina,1623.4365307507967,28.0,23.7,R,0.45,0.6,0.4,0.6377459577828012,0.6890498724575241,0.5184634470511049,0.05089724113182249,,0,,2,5,3,0,1,145,1593.1892004099818,67.0,23.3,R,0.5294117647058824,1.0,0.7777777777777778,0.6266896902171137,0.7107401563361712,0.5801881959905429,0.05875465207841479,,0,,0,0,0,28,5,16,Yibing Wu,1,30.24733034081487,-39.0,0.3999999999999986,-0.07941176470588235,0.01105626756568745,2,3,0,0
2023-0403-267,2023-03-20,Hard,M,R64,3,2023,Alejandro Davidovich Fokina,1670.042094897778,25.0,23.7,R,0.45,0.6,0.4444444444444444,0.6147586102955338,0.7093467075709328,0.5511858793380532,0.048066750771032424,1.0,1,1.0,0,0,0,14,2,146,1686.3646038099703,45.0,21.6,R,0.6,0.6,0.6216216216216216,0.6825914841577354,0.7659113543039358,0.4579816743284235,0.09950470388599338,0.0,1,0.0,0,0,0,14,1,98,Brandon Nakashima,1,-16.322508912192234,-20.0,2.099999999999998,-0.14999999999999997,-0.0678328738622016,0,0,0,0
2023-0403-284,2023-03-20,Hard,M,R32,3,2023,Alejandro Davidovich Fokina,1686.7932216850254,25.0,23.7,R,0.5,0.8,0.4444444444444444,0.6152623218543886,0.7369770241683106,0.5548431416160052,0.054296867420025,0.0,1,0.0,0,0,1,0,3,147,1795.1347141075594,19.0,25.8,R,0.7,0.6,0.6511627906976745,0.6708073510886694,0.713257834928563,0.5697380860720244,0.07254862004739925,1.0,1,1.0,0,0,0,14,2,175,Tommy Paul,0,-108.34149242253397,6.0,-2.1000000000000014,-0.19999999999999996,-0.05554502923428084,0,1,0,0
2023-7290-295,2023-04-03,Clay,A,QF,3,2023,Alejandro Davidovich Fokina,1683.3364157392482,24.0,23.8,R,0.55,0.6,0.5789473684210527,0.6856680160610165,0.6472722018384818,0.5032115551791009,0.05040824048848945,,0,,0,0,1,0,1,149,1531.5767332992796,96.0,30.5,R,0.45,0.8,0.5,0.6588119961261365,0.6438890094412414,0.5303823247867737,0.05407605844613024,,0,,0,0,0,35,0,172,Marco Cecchinato,0,151.75968243996863,-72.0,-6.699999999999999,0.10000000000000003,0.02685601993487996,0,1,0,0
2023-0410-250,2023-04-10,Clay,M,R64,3,2023,Alejandro Davidovich Fokina,1660.7606073003803,24.0,23.8,R,0.55,0.4,0.6,0.671158350808777,0.6464339007952626,0.5058871404633817,0.05112252620277517,2.0,2,1.0,2,4,0,7,0,150,1792.6274571306515,12.0,26.8,R,0.65,0.8,0.5625,0.6432531588274737,0.6631124731651541,0.49899700599700597,0.10099361514741867,0.0,2,0.0,0,0,0,21,4,364,Karen Khachanov,0,-131.86684983027112,12.0,-3.0,-0.09999999999999998,0.027905191981303257,2,0,0,0
2023-0425-297,2023-04-17,Clay,A,QF,3,2023,Alejandro Davidovich Fokina,1679.3383964742668,38.0,23.8,R,0.55,0.6,0.4666666666666667,0.6851805767939653,0.6480692088395592,0.5259627443726571,0.034866639232602484,,0,,1,2,0,7,0,151,2022.437474763373,2.0,19.9,R,0.9,0.8,0.8787878787878788,0.6343163774166906,0.7000497453366306,0.5348062596973667,0.04944195397774455,,0,,0,0,0,28,2,133,Carlos Alcaraz,0,-343.0990782891063,36.0,3.900000000000002,-0.35,0.05086419937727471,1,0,0,0
2023-0425-292,2023-04-17,Clay,A,R16,3,2023,Alejandro Davidovich Fokina,1662.7012190916296,38.0,23.8,R,0.5,0.4,0.4666666666666667,0.6845139101272987,0.6369653765434568,0.4943197423442595,0.03319997256593582,1.0,1,1.0,1,2,1,0,0,152,1676.544671446383,40.0,24.0,R,0.5,0.6,0.42857142857142855,0.6578049965213709,0.6402011766494902,0.498250799412324,0.05767123195484114,0.0,1,0.0,1,2,0,7,0,133,Emil Ruusuvuori,1,-13.843452354753481,-2.0,-0.1999999999999993,0.0,0.026708913605927753,0,1,0,0
2023-0425-283,2023-04-17,Clay,A,R32,3,2023,Alejandro Davidovich Fokina,1650.5575798884304,38.0,23.8,R,0.5,0.4,0.4666666666666667,0.6836491302530849,0.629767234128596,0.5043197423442595,0.040342829708792965,,0,,1,2,2,0,1,153,1565.1372598956168,59.0,23.7,R,0.6,0.8,0.5,0.6441338825634477,0.710477014266117,0.53894737504809,0.08063964395052972,,0,,0,0,0,14,3,41,Tomas Martin Etcheverry,1,85.42031999281357,-21.0,0.10000000000000142,-0.09999999999999998,0.03951524768963721,1,2,0,0
2023-1536-290,2023-04-24,Clay,M,R16,3,2023,Alejandro Davidovich Fokina,1706.0232422128468,35.0,23.8,R,0.6,0.8,0.5,0.6963130498225831,0.658706874645198,0.5277521427137796,0.02867037040098095,1.0,1,1.0,3,6,1,0,3,155,1672.7891005997765,20.0,26.4,R,0.45,0.4,0.375,0.6074156959995974,0.7196297946872104,0.5370227096876272,0.05621481457504277,0.0,1,0.0,1,3,0,7,0,260,Borna Coric,0,33.23414161307028,15.0,-2.599999999999998,0.14999999999999997,0.08889735382298569,2,1,0,0
2023-1536-278,2023-04-24,Clay,M,R32,3,2023,Alejandro Davidovich Fokina,1682.1158319315125,35.0,23.8,R,0.55,0.6,0.5,0.6968550552426375,0.6474286791564763,0.5063235712852082,0.028377687474151682,,0,,3,6,2,0,0,156,1870.293836625161,7.0,19.9,R,0.75,1.0,0.75,0.6038391334608875,0.7459130293428105,0.4939626304359341,0.04221108817810019,,0,,4,9,0,7,7,104,Holger Rune,1,-188.17800469364852,28.0,3.900000000000002,-0.19999999999999996,0.09301592178175,-1,2,0,0
2023-0416-277,2023-05-08,Clay,M,R32,3,2023,Alejandro Davidovich Fokina,1696.9824996065668,34.0,23.9,R,0.6,0.6,0.5294117647058824,0.7180473048149026,0.6520549658688412,0.5198377042111058,0.01846127845090652,0.0,2,0.0,0,0,0,14,1,157,1880.1683228644176,6.0,25.5,R,0.75,0.6,0.7272727272727273,0.5878202056618369,0.7691750376131914,0.5202801280681901,0.0749789171588737,2.0,2,1.0,0,0,0,14,2,359,Andrey Rublev,0,-183.18582325785087,28.0,-1.6000000000000014,-0.15000000000000002,0.13022709915306574,0,0,0,0
2023-0416-252,2023-05-08,Clay,M,R64,3,2023,Alejandro Davidovich Fokina,1688.497404392597,34.0,23.9,R,0.6,0.6,0.5294117647058824,0.715122573632107,0.6313451725175384,0.5189286133020148,0.021353297230249244,,0,,0,0,1,0,0,158,1511.42280257272,484.0,32.9,L,0.4,0.6,0.3333333333333333,0.6592178829427339,0.6116993476925167,0.4346439985882711,0.021845432521709875,,0,,0,0,0,49,1,215,Guido Pella,1,177.074601819877,-450.0,-9.0,0.19999999999999996,0.05590469068937309,0,1,0,0
2023-520-119,2023-05-29,Clay,G,R128,5,2023,Alejandro Davidovich Fokina,1688.7149328575258,34.0,23.9,R,0.55,0.6,0.5625,0.7224949792335073,0.6559765344962922,0.5018081475608593,0.019885697055557684,,0,,0,0,0,21,1,159,1630.4444183990772,63.0,18.9,R,0.6923076923076923,0.8,0.8,0.5577647466652684,0.7084662418560723,0.5086194067370539,0.079855297344854,,0,,3,7,0,7,4,13,Arthur Fils,1,58.27051445844859,-29.0,5.0,-0.14230769230769225,0.16473023256823882,-3,0,1,1
2023-520-200,2023-05-29,Clay,G,R32,5,2023,Alejandro Davidovich Fokina,1709.6972549559173,34.0,23.9,R,0.6,0.6,0.5625,0.7080175911820981,0.6897394766878366,0.5104913995177686,0.018598921002123608,1.0,3,0.3333333333333333,0,0,2,0,3,161,2067.3916461970393,3.0,36.0,R,0.8,0.8,0.625,0.6569163458422266,0.7063944669486146,0.5596974674071447,0.05257999649183722,2.0,3,0.6666666666666666,0,0,0,21,1,407,Novak Djokovic,0,-357.69439124112205,31.0,-12.100000000000001,-0.20000000000000007,0.05110124533987148,0,2,1,1
2023-0311-284,2023-06-19,Grass,A,R32,3,2023,Alejandro Davidovich Fokina,1706.076753405416,33.0,24.0,R,0.6,0.6,0.5,0.6368755375007672,0.661904800629599,0.49718901401688126,0.021098921002123606,,0,,0,0,0,21,0,162,1651.2978944805445,36.0,21.6,R,0.5,0.4,0.3333333333333333,0.6491580116628796,0.8233278187877869,0.47469546725839634,0.06130381100772673,,0,,2,5,0,7,1,60,Jiri Lehecka,0,54.77885892487143,-3.0,2.3999999999999986,0.09999999999999998,-0.012282474162112367,-2,0,0,0
2023-8994-286,2023-06-26,Grass,A,R16,3,2023,Alejandro Davidovich Fokina,1687.574791241811,34.0,24.0,R,0.55,0.4,0.3333333333333333,0.6376488796049438,0.6521896100159084,0.5231423714338089,0.022171980362854195,0.0,1,0.0,1,2,0,7,0,163,1509.7477233056886,116.0,24.6,R,0.4,0.4,,0.5142857142857142,0.9166666666666666,0.5294117647058824,0.04634494328761361,1.0,1,1.0,0,0,0,63,0,20,Pavel Kotov,0,177.82706793612238,-82.0,-0.6000000000000014,0.15000000000000002,0.12336316531922953,1,0,0,0
2023-540-112,2023-07-03,Grass,G,R128,5,2023,Alejandro Davidovich Fokina,1664.0329059315422,34.0,24.0,R,0.5,0.4,0.0,0.6425586904396301,0.6518829297160719,0.5323665958288896,0.02691402546634509,1.0,1,1.0,1,3,0,7,0,164,1599.0260768603262,61.0,19.0,R,0.6,0.6,0.0,0.5833333333333334,0.8095238095238095,0.43333333333333335,0.08375415992018717,0.0,1,0.0,0,0,0,21,0,15,Arthur Fils,1,65.00682907121609,-27.0,5.0,-0.09999999999999998,0.05922535710629673,1,0,1,1
2023-540-170,2023-07-03,Grass,G,R64,5,2023,Alejandro Davidovich Fokina,1677.073682819171,34.0,24.0,R,0.5,0.4,0.0,0.638346733917891,0.6742845860307717,0.5663733298356236,0.024381974184293803,2.0,3,0.6666666666666666,1,3,1,0,1,165,1610.436159914139,44.0,27.7,R,0.45,0.2,0.0,0.6042646722338139,0.7424829880038205,0.4985498714144935,0.05276398820402933,1.0,3,0.3333333333333333,1,3,0,7,0,111,Botic Van De Zandschulp,1,66.63752290503203,-10.0,-3.6999999999999993,0.04999999999999999,0.034082061684077125,0,1,1,1
2023-540-199,2023-07-03,Grass,G,R32,5,2023,Alejandro Davidovich Fokina,1690.0419957359816,34.0,24.0,R,0.55,0.4,0.0,0.6450134005845577,0.6821905689367547,0.5718220477843416,0.02788416305233633,1.0,1,1.0,1,3,2,0,2,166,1881.8021265943862,6.0,20.1,R,0.8,0.8,0.75,0.658888482856129,0.738044138156824,0.5221242146529502,0.059823753110188026,0.0,1,0.0,0,0,0,14,3,120,Holger Rune,0,-191.76013085840464,28.0,3.8999999999999986,-0.25,-0.013875082271571304,1,2,1,1
2023-0316-278,2023-07-17,Clay,A,R32,3,2023,Alejandro Davidovich Fokina,1682.0734409587546,35.0,24.1,R,0.5,0.4,0.5882352941176471,0.7038194779745507,0.6640409711647697,0.5192093482357173,0.0320757798188034,1.0,1,1.0,0,0,0,14,0,167,1427.29902257126,159.0,30.6,R,0.4,0.4,0.5,0.6174549449133295,0.6219892205747468,0.4674580295965006,0.02889817631246867,0.0,1,0.0,0,0,0,91,1,64,Jozef Kovalik,0,254.77441838749473,-124.0,-6.5,0.09999999999999998,0.08636453306122116,0,0,0,0
2023-0414-290,2023-07-24,Clay,A,R16,3,2023,Alejandro Davidovich Fokina,1669.299453704534,39.0,24.1,R,0.5,0.6,0.5333333333333333,0.6915411194766801,0.6701901050711355,0.4968908579025212,0.03419337563761873,2.0,2,1.0,1,2,0,7,0,168,1513.3589415820622,77.0,19.2,R,0.35294117647058826,0.4,0.4444444444444444,0.6017709183122621,0.6720893273556643,0.4870096731122871,0.03500554823704245,0.0,2,0.0,2,4,0,7,0,16,Luca Van Assche,0,155.94051212247177,-38.0,4.900000000000002,0.14705882352941174,0.08977020116441792,-1,0,0,0
2023-0414-278,2023-07-24,Clay,A,R32,3,2023,Alejandro Davidovich Fokina,1656.0721619813853,39.0,24.1,R,0.5,0.4,0.5333333333333333,0.6972321763872491,0.6575747204557508,0.4791023963640596,0.03550435124737482,,0,,1,2,1,0,0,169,1595.2497621744592,49.0,28.2,R,0.6,1.0,0.5416666666666666,0.6243660323351631,0.7443983912624844,0.4885790198314213,0.0689621406541513,,0,,5,11,0,7,5,48,Pedro Cachin,1,60.822399806926114,-10.0,-4.099999999999998,-0.09999999999999998,0.07286614405208602,-4,1,0,0
2023-0421-298,2023-08-07,Hard,M,SF,3,2023,Alejandro Davidovich Fokina,1721.2291258893401,37.0,24.1,R,0.6,0.8,0.4642857142857143,0.6110074583743363,0.7054537494436502,0.5407875595169448,0.04901107130135445,2.0,3,0.6666666666666666,0,0,0,14,1,170,1809.0074270089883,18.0,24.4,R,0.75,0.8,0.6511627906976745,0.5561327137414095,0.7436638763535315,0.5250454438828822,0.03521269010399446,1.0,3,0.3333333333333333,5,12,0,7,2,284,Alex De Minaur,0,-87.77830111964818,19.0,-0.29999999999999716,-0.15000000000000002,0.05487474463292685,-5,0,0,0
2023-0421-275,2023-08-07,Hard,M,R32,3,2023,Alejandro Davidovich Fokina,1661.8282193601578,37.0,24.1,R,0.55,0.4,0.4642857142857143,0.6231883394987159,0.7268656708555717,0.550236516357206,0.04352394772186182,0.0,3,0.0,0,0,1,0,0,171,1858.0490552202987,16.0,26.2,R,0.8,1.0,0.4666666666666667,0.7133562409962105,0.7498982389027589,0.5293057785562529,0.0897302434622893,3.0,3,1.0,0,0,0,14,6,475,Alexander Zverev,1,-196.22083586014082,21.0,-2.099999999999998,-0.25,-0.09016790149749465,0,1,0,0
2023-0421-288,2023-08-07,Hard,M,R16,3,2023,Alejandro Davidovich Fokina,1686.0123350542988,37.0,24.1,R,0.55,0.6,0.4642857142857143,0.6144581807685572,0.7273101153000161,0.5602365163572061,0.045468392166306264,1.0,2,0.5,0,0,2,0,1,172,1799.3414354215122,5.0,24.6,R,0.7,0.6,0.5714285714285714,0.6373046622749752,0.7424929559015756,0.5550939914879256,0.05129705569747498,1.0,2,0.5,0,0,0,14,2,277,Casper Ruud,1,-113.32910036721341,32.0,-0.5,-0.1499999999999999,-0.022846481506417993,0,2,0,0
2023-0421-248,2023-08-07,Hard,M,R64,3,2023,Alejandro Davidovich Fokina,1646.564427249662,37.0,24.1,R,0.5,0.4,0.4642857142857143,0.6189026252130018,0.7267947488697561,0.5477002844731481,0.03744841406012127,,0,,0,0,3,0,2,173,1630.566579480425,43.0,24.6,R,0.55,0.6,0.5641025641025641,0.5760234302481188,0.7822102887822886,0.5354241625165539,0.11971571299441701,,0,,3,6,0,7,0,75,J J Wolf,1,15.997847769237069,-6.0,-0.5,-0.050000000000000044,0.042879194964883016,-3,3,0,0
2023-0421-295,2023-08-07,Hard,M,QF,3,2023,Alejandro Davidovich Fokina,1707.0537880405222,37.0,24.1,R,0.55,0.8,0.4642857142857143,0.613580987786101,0.7133613973512982,0.5499801061007957,0.05062340298101427,1.0,1,1.0,0,0,4,0,3,174,1667.2586326378719,59.0,28.3,R,0.5,0.8,0.5609756097560976,0.6330856897153794,0.7395137362331335,0.583812320443678,0.05066276998840078,0.0,1,0.0,2,4,0,7,0,187,Mackenzie Mcdonald,1,39.79515540265038,-22.0,-4.199999999999999,0.050000000000000044,-0.019504701929278334,-2,4,0,0
2023-0422-239,2023-08-14,Hard,M,R64,3,2023,Alejandro Davidovich Fokina,1709.1875989888265,23.0,24.1,R,0.55,0.8,0.53125,0.6197031105482496,0.658694490184391,0.5004366823239624,0.04692773796802112,1.0,1,1.0,5,11,0,7,4,175,1574.76938003645,31.0,24.0,R,0.45,0.4,0.3333333333333333,0.6167810888397529,0.6849027576690243,0.5245456349206348,0.06444833743962984,0.0,1,0.0,1,2,0,7,0,60,Tomas Martin Etcheverry,1,134.4182189523765,-8.0,0.10000000000000142,0.10000000000000003,0.002922021708496647,4,0,0,0
2023-560-185,2023-08-28,Hard,G,R64,5,2023,Alejandro Davidovich Fokina,1728.5518979492024,21.0,24.2,R,0.6,0.8,0.5625,0.6330784837465003,0.665899254037692,0.5017828361701162,0.040439194963949855,,0,,0,0,0,14,5,176,1499.3840654144133,93.0,21.7,L,0.4,0.8,0.75,0.6189887740636122,0.6593406436726578,0.4490256769374417,0.03937572907691424,,0,,4,10,0,7,3,35,Juan Manuel Cerundolo,1,229.1678325347891,-72.0,2.5,0.19999999999999996,0.01408970968288814,-4,0,1,1
2023-560-143,2023-08-28,Hard,G,R128,5,2023,Alejandro Davidovich Fokina,1719.2888276359165,21.0,24.2,R,0.55,0.8,0.5625,0.6238280850224174,0.656509853116033,0.509475143862424,0.043494448094053284,1.0,1,1.0,0,0,1,0,6,177,1563.2980844050833,62.0,30.0,R,0.4,0.4,0.5,0.5937047627252094,0.6913404988774194,0.4919324983260648,0.07838170619410537,0.0,1,0.0,1,2,0,7,0,152,Marcos Giron,1,155.99074323083323,-41.0,-5.800000000000001,0.15000000000000002,0.030123322297207933,-1,1,1,1
2023-560-206,2023-08-28,Hard,G,R32,5,2023,Alejandro Davidovich Fokina,1735.3023643385445,21.0,24.2,R,0.6,0.8,0.5625,0.6359412288445394,0.6757483106414657,0.5184495028367829,0.045971407849103904,0.0,2,0.0,0,0,2,0,7,178,1778.565916379738,14.0,26.2,R,0.7,0.8,0.6744186046511628,0.5983050186345235,0.726404792469822,0.5255842730392436,0.07575224225115865,2.0,2,1.0,0,0,0,14,2,207,Tommy Paul,0,-43.26355204119341,7.0,-2.0,-0.09999999999999998,0.03763621021001595,0,2,1,1
2023-0747-289,2023-09-27,Hard,A,R16,3,2023,Alejandro Davidovich Fokina,1727.9716738737027,25.0,24.3,R,0.6,0.8,0.5483870967741935,0.6300020754271275,0.6823369408369409,0.5493590218167886,0.05859871664720275,1.0,4,0.25,0,0,0,30,0,179,1931.783998975812,10.0,26.4,R,0.85,1.0,0.6451612903225806,0.7235862908292632,0.7482533606248066,0.5227936746163347,0.10487793258965909,3.0,4,0.75,4,11,0,7,7,491,Alexander Zverev,0,-203.8123251021093,15.0,-2.099999999999998,-0.25,-0.09358421540213568,-4,0,0,0
2023-5014-256,2023-10-02,Hard,M,R64,3,2023,Alejandro Davidovich Fokina,1720.411027805983,25.0,24.3,R,0.55,0.6,0.5454545454545454,0.6255637952606921,0.6578441872137525,0.5518100022089455,0.05295840226902432,2.0,2,1.0,2,5,0,5,1,181,1597.2888307357694,44.0,19.3,R,0.5,0.4,0.5,0.6179096888286874,0.7814701509810206,0.5135958717651479,0.07377703825277208,0.0,2,0.0,0,0,0,35,1,25,Arthur Fils,0,123.12219707021359,-19.0,5.0,0.050000000000000044,0.007654106432004704,2,0,0,0
2023-0352-266,2023-10-30,Hard,M,R64,3,2023,Alejandro Davidovich Fokina,1698.9670428615793,28.0,24.4,R,0.55,0.4,0.5806451612903226,0.6407774704743672,0.6492354915615784,0.5186521074721033,0.05159088090150295,,0,,0,0,0,28,0,182,1715.2154061219785,16.0,21.0,L,0.7,0.8,0.6060606060606061,0.6798477224099323,0.7720589425834763,0.5301943534011845,0.10909210086448688,,0,,1,2,0,7,0,53,Ben Shelton,1,-16.248363260399174,12.0,3.3999999999999986,-0.1499999999999999,-0.039070251935565126,-1,0,0,0
2023-0352-284,2023-10-30,Hard,M,R32,3,2023,Alejandro Davidovich Fokina,1715.7147626064918,28.0,24.4,R,0.6,0.4,0.5806451612903226,0.6349879967901566,0.6531719994980865,0.5292748180948141,0.04655328691654054,0.0,1,0.0,0,0,1,0,1,183,1679.7013903721424,23.0,27.3,R,0.5,0.6,0.6060606060606061,0.6178090883683159,0.7650236002845601,0.5274317590429145,0.10527621603987984,1.0,1,1.0,3,8,0,7,1,102,Tallon Griekspoor,0,36.01337223434939,5.0,-2.900000000000002,0.09999999999999998,0.017178908421840666,-3,1,0,0
2024-9900-286,2024-01-01,Hard,A,RR,3,2024,Alejandro Davidovich Fokina,1704.2114081583502,26.0,24.5,R,0.6,0.4,0.59375,0.6454503508719192,0.689156404956176,0.5397706228240284,0.05332505565834258,3.0,5,0.6,0,0,0,63,0,184,1842.7152401487253,9.0,26.8,R,0.75,0.6,0.6938775510204082,0.6388918338590828,0.7903825668479032,0.5311926498904278,0.2140217874398082,2.0,5,0.4,0,0,1,0,1,278,Hubert Hurkacz,1,-138.50383199037515,17.0,-2.3000000000000007,-0.15000000000000002,0.0065585170128363846,0,-1,0,0
2024-9900-282,2024-01-01,Hard,A,RR,3,2024,Alejandro Davidovich Fokina,1698.0621998453687,26.0,24.5,R,0.6,0.4,0.59375,0.632447889838285,0.6509497772758641,0.5127530789643793,0.04577788584702182,0.0,1,0.0,0,0,1,0,1,185,1448.6003428899912,79.0,23.8,R,0.3,0.2,0.0,0.6048504046189229,0.6566391901551718,0.4985018742244908,0.0684477600748775,1.0,1,1.0,0,0,0,56,0,30,Thiago Seyboth Wild,1,249.46185695537747,-53.0,0.6999999999999993,0.3,0.027597485219362117,0,1,0,0
2024-580-143,2024-01-15,Hard,G,R128,5,2024,Alejandro Davidovich Fokina,1726.2720464744089,24.0,24.6,R,0.6,0.6,0.6129032258064516,0.648554292060402,0.6897748341460339,0.5517615730502727,0.052834959681213725,1.0,1,1.0,0,0,0,14,2,186,1441.7438534946045,99.0,31.6,R,0.25,0.2,0.16666666666666666,0.5996646281568612,0.6683830979060472,0.45836684145270745,0.07723667230776944,0.0,1,0.0,0,0,0,70,0,38,Constant Lestienne,1,284.5281929798043,-75.0,-7.0,0.35,0.04888966390354088,0,0,1,1
2024-580-185,2024-01-15,Hard,G,R64,5,2024,Alejandro Davidovich Fokina,1731.4801837907132,24.0,24.6,R,0.65,0.8,0.6129032258064516,0.6573317215274866,0.677274834146034,0.5580115730502727,0.06118135466553974,,0,,0,0,1,0,3,187,1475.9259715994056,69.0,26.9,R,0.3,0.4,0.29411764705882354,0.6525858336315127,0.6842324954726184,0.47500658089367764,0.08167532813914394,,0,,2,5,0,7,0,38,Nuno Borges,0,255.55421219130767,-45.0,-2.299999999999997,0.35000000000000003,0.004745887895973966,-2,1,1,1
2024-0496-290,2024-02-05,Hard,A,R16,3,2024,Alejandro Davidovich Fokina,1714.0330006855445,24.0,24.6,R,0.65,0.8,0.6129032258064516,0.6547652040113893,0.6828267636979635,0.5428600578987576,0.056580186925716536,2.0,2,1.0,0,0,0,21,0,188,1698.4944890588,55.0,24.8,R,0.55,0.6,0.5862068965517241,0.6057012201005125,0.7342256814368839,0.5808026044379033,0.07495054653886352,0.0,2,0.0,0,0,0,21,1,166,Emil Ruusuvuori,1,15.538511626744594,-31.0,-0.1999999999999993,0.09999999999999998,0.04906398391087674,0,0,0,0
2024-0496-278,2024-02-05,Hard,A,R32,3,2024,Alejandro Davidovich Fokina,1705.4570559281801,24.0,24.6,R,0.65,0.6,0.6129032258064516,0.6501288403750257,0.6648132956844955,0.5428600578987576,0.05598927783480745,,0,,0,0,1,0,1,189,1530.905012411195,105.0,29.9,R,0.4,0.4,0.4230769230769231,0.6412889535427284,0.7246953609961989,0.5485397702502965,0.07036066567983959,,0,,2,6,0,7,1,92,Gregoire Barrere,1,174.55204351698512,-81.0,-5.299999999999997,0.25,0.008839886832297306,-2,1,0,0
2024-0496-296,2024-02-05,Hard,A,QF,3,2024,Alejandro Davidovich Fokina,1729.3179024935037,24.0,24.6,R,0.7,0.8,0.6129032258064516,0.6722327860098637,0.6740855049567047,0.5086688814281694,0.053834191502375575,1.0,1,1.0,0,0,2,0,2,190,1771.5750839515886,21.0,25.6,L,0.75,0.8,0.6944444444444444,0.6273162567657644,0.7861964986260956,0.6249002217294899,0.10073805577977175,0.0,1,0.0,0,0,0,21,1,200,Ugo Humbert,0,-42.257181458084915,3.0,-1.0,-0.050000000000000044,0.04491652924409928,0,2,0,0
2024-0407-279,2024-02-12,Hard,A,R32,3,2024,Alejandro Davidovich Fokina,1715.2543783402016,24.0,24.6,R,0.65,0.6,0.6363636363636364,0.6802424947477277,0.6808859508875853,0.5107050805231921,0.051873773279821435,,0,,3,7,0,7,0,191,1626.3418551606524,25.0,33.8,R,0.45,0.4,0.42105263157894735,0.6121892463863643,0.7368390871058259,0.4902788955796827,0.12234062175695977,,0,,0,0,0,28,1,325,Jan Lennard Struff,0,88.91252317954923,-1.0,-9.199999999999996,0.2,0.0680532483613634,3,0,0,0
2024-0495-297,2024-02-26,Hard,A,QF,3,2024,Alejandro Davidovich Fokina,1686.2468002164705,24.0,24.7,R,0.55,0.4,0.6129032258064516,0.6835452336754667,0.6935360378969402,0.5171400315370903,0.06636584370939186,0.0,3,0.0,1,2,0,7,0,193,1995.8427882714432,4.0,28.0,R,0.7,0.8,0.7843137254901961,0.6303923871204683,0.7437364840584325,0.4817239284818978,0.07430522151123248,3.0,3,1.0,0,0,0,42,1,457,Daniil Medvedev,0,-309.5959880549726,20.0,-3.3000000000000007,-0.1499999999999999,0.05315284655499841,1,0,0,0
2024-0495-282,2024-02-26,Hard,A,R32,3,2024,Alejandro Davidovich Fokina,1672.7730174584262,24.0,24.7,R,0.55,0.4,0.6129032258064516,0.6784315973118302,0.6808087651696675,0.5051400315370904,0.060002207345755496,,0,,1,2,1,0,0,194,1617.4541328360608,59.0,24.3,R,0.55,0.4,0.55,0.6555848072806769,0.7043620433613467,0.46615323029796707,0.06063114596965994,,0,,2,4,0,7,1,27,Fabian Marozsan,1,55.31888462236543,-35.0,0.3999999999999986,0.0,0.022846790031153308,-1,1,0,0
2024-0404-264,2024-03-04,Hard,M,R64,3,2024,Alejandro Davidovich Fokina,1681.6376983863015,23.0,24.7,R,0.55,0.2,0.6129032258064516,0.6785137871345861,0.6739636694758876,0.495056698203757,0.058818673898071105,2.0,3,0.6666666666666666,2,5,0,7,1,195,1600.8358469857158,43.0,19.7,R,0.55,0.4,0.5769230769230769,0.629927737423462,0.76628696089237,0.519359677149051,0.10676519912580362,1.0,3,0.3333333333333333,2,5,0,7,1,51,Arthur Fils,0,80.80185140058575,-20.0,5.0,0.0,0.048586049711124124,0,0,0,0
2024-0403-277,2024-03-18,Hard,M,R32,3,2024,Alejandro Davidovich Fokina,1673.727141873568,28.0,24.7,R,0.5,0.4,0.5714285714285714,0.6654802420660297,0.706001222869338,0.4726846938464585,0.061285662152562426,2.0,3,0.6666666666666666,0,0,0,14,0,196,1809.7059693444523,8.0,25.2,R,0.8,0.8,0.6486486486486487,0.6600547985192862,0.7495787682088423,0.5825587838087839,0.05465392570290238,1.0,3,0.3333333333333333,0,0,0,14,0,312,Casper Ruud,0,-135.97882747088443,20.0,-0.5,-0.30000000000000004,0.005425443546743569,0,0,0,0
2024-0403-252,2024-03-18,Hard,M,R64,3,2024,Alejandro Davidovich Fokina,1661.9823025030284,28.0,24.7,R,0.5,0.2,0.5714285714285714,0.6737149306918663,0.6971141796799692,0.46226802717979193,0.06778334614638641,,0,,0,0,1,0,0,197,1567.306858448925,124.0,19.1,L,0.5,0.6,0.5,0.6006564340876668,0.6798371547447271,0.5417096377496857,0.04158376358211007,,0,,0,0,0,14,1,24,Juncheng Shang,1,94.67544405410354,-96.0,5.599999999999998,0.0,0.0730584966041995,0,1,0,0
2024-0410-239,2024-04-08,Clay,M,R64,3,2024,Alejandro Davidovich Fokina,1663.6879104340396,29.0,24.8,R,0.45,0.4,0.5333333333333333,0.6803904519623762,0.6801095990331827,0.47833293828077184,0.06173917689179144,0.0,1,0.0,0,0,0,21,1,198,1737.6828638278655,27.0,23.7,R,0.5,0.6,0.25,0.6308729183232298,0.6778438615114643,0.442233958327882,0.14725281097069978,1.0,1,1.0,0,0,0,21,1,166,Sebastian Korda,0,-73.99495339382588,2.0,1.1000000000000014,-0.04999999999999999,0.04951753363914646,0,0,0,0
2024-0425-290,2024-04-15,Clay,A,R16,3,2024,Alejandro Davidovich Fokina,1651.0449011248697,27.0,24.8,R,0.45,0.2,0.5333333333333333,0.6771546796046526,0.654931789644847,0.4673439272917608,0.057739176891791456,0.0,2,0.0,1,2,0,7,0,199,1630.3439675739066,59.0,33.7,R,0.5,0.6,0.6,0.6753037781702909,0.6999431278866771,0.51515522875817,0.03998987979693367,2.0,2,1.0,0,0,0,28,0,322,Dusan Lajovic,0,20.7009335509631,-32.0,-8.900000000000002,-0.04999999999999999,0.0018509014343617292,1,0,0,0
2024-1536-273,2024-04-22,Clay,M,R32,3,2024,Alejandro Davidovich Fokina,1646.6622349572483,28.0,24.8,R,0.45,0.4,0.46153846153846156,0.6604582646542332,0.6509490822382006,0.4747681697160033,0.05505332346223093,0.0,3,0.0,1,3,0,7,0,200,1790.9803288183468,8.0,26.5,R,0.65,0.2,0.6470588235294118,0.6107440317414128,0.7185668072014504,0.542707828738629,0.1095266396774059,3.0,3,1.0,1,2,0,7,0,428,Andrey Rublev,0,-144.31809386109853,20.0,-1.6999999999999993,-0.2,0.0497142329128204,0,0,0,0
2024-1536-244,2024-04-22,Clay,M,R64,3,2024,Alejandro Davidovich Fokina,1634.0927144000295,28.0,24.8,R,0.4,0.2,0.46153846153846156,0.6662126506191454,0.6507451046757324,0.4706772606250941,0.044695698630921876,1.0,1,1.0,1,3,1,0,0,201,1558.4267926929338,111.0,19.2,L,0.5,0.4,0.0,0.6431737168551631,0.6468486410496719,0.5205232396602366,0.034680292722920426,0.0,1,0.0,1,2,0,7,0,27,Juncheng Shang,1,75.66592170709578,-83.0,5.600000000000001,-0.09999999999999998,0.02303893376398225,0,1,0,0
2024-0416-239,2024-05-06,Clay,M,R64,3,2024,Alejandro Davidovich Fokina,1636.9507459750791,33.0,24.9,R,0.45,0.2,0.4166666666666667,0.6734524507007448,0.6494339307230489,0.4799405835091067,0.04604169555525418,,0,,0,0,0,14,1,202,1578.6252191188244,121.0,20.8,R,0.55,0.8,0.5,0.57355546631892,0.6976389817660155,0.4811230437165726,0.16177086578398794,,0,,0,0,0,14,0,21,Hamad Medjedovic,0,58.32552685625478,-88.0,4.099999999999998,-0.10000000000000003,0.09989698438182482,0,0,0,0
2024-520-364,2024-05-27,Clay,G,R64,5,2024,Alejandro Davidovich Fokina,1627.8903995302826,32.0,24.9,R,0.45,0.4,0.36363636363636365,0.6756922382574106,0.6283974014628354,0.5086422263283965,0.04137789685395547,2.0,4,0.5,0,0,0,21,0,203,1881.302110266154,7.0,25.4,R,0.8,1.0,0.8,0.6832647931899014,0.6885952644759711,0.6207026152989148,0.048441795620051444,2.0,4,0.5,4,11,0,7,4,336,Casper Ruud,0,-253.41171073587134,25.0,-0.5,-0.35000000000000003,-0.00757255493249076,-4,0,1,1
2024-0311-283,2024-06-17,Grass,A,R32,3,2024,Alejandro Davidovich Fokina,1621.8533496729272,33.0,25.0,R,0.4,0.4,0.4,0.6459744414657582,0.6835739681462408,0.5891297400920339,0.043862368903644915,,0,,0,0,0,21,1,205,1650.155914950827,24.0,27.0,L,0.6,0.6,,0.5900900831234446,0.755698848954663,0.42341644204851747,0.0746231716104615,,0,,0,0,0,21,0,73,Alejandro Tabilo,0,-28.30256527789993,9.0,-2.0,-0.19999999999999996,0.055884358342313645,0,0,0,0
2024-6116-278,2024-07-22,Hard,A,R32,3,2024,Alejandro Davidovich Fokina,1607.1538555461589,43.0,25.1,R,0.35,0.2,0.5714285714285714,0.6676722299723034,0.7228411397092549,0.46234601291954236,0.04728511038792992,,0,,0,0,0,35,0,206,1523.158078943787,92.0,21.9,R,0.3888888888888889,0.2,0.5,0.596909546180249,0.7822801068100194,0.5152588543778631,0.1412360353662408,,0,,0,0,0,21,1,18,Arthur Cazaux,1,83.99577660237196,-49.0,3.200000000000003,-0.03888888888888892,0.0707626837920543,0,0,0,0
2024-6116-296,2024-07-22,Hard,A,QF,3,2024,Alejandro Davidovich Fokina,1637.9176656802038,43.0,25.1,R,0.4,0.6,0.5714285714285714,0.6667861016079142,0.7300156673093143,0.4933434553747853,0.05845876591979442,1.0,2,0.5,0,0,1,0,1,207,1637.528416684589,41.0,30.2,R,0.45,0.6,0.5882352941176471,0.5928016403230062,0.7085847668468055,0.5473329347954776,0.08226697586427516,1.0,2,0.5,0,0,0,21,1,257,Jordan Thompson,0,0.3892489956147074,2.0,-5.099999999999998,-0.04999999999999999,0.07398446128490799,0,1,0,0
2024-6116-290,2024-07-22,Hard,A,R16,3,2024,Alejandro Davidovich Fokina,1619.3593471944016,43.0,25.1,R,0.35,0.4,0.5714285714285714,0.6688150871151606,0.7285471358407828,0.47040227890419706,0.06001432147534998,,0,,0,0,2,0,0,208,1675.3933561832093,430.0,26.8,R,0.5,0.8,,0.634311985506128,0.8226558310313914,0.5981951611053778,0.22970388569390665,,0,,4,11,0,7,2,168,Reilly Opelka,1,-56.03400898880773,-387.0,-1.6999999999999993,-0.15000000000000002,0.03450310160903258,-4,2,0,0
2024-0418-289,2024-07-29,Hard,A,R16,3,2024,Alejandro Davidovich Fokina,1630.1402113824004,44.0,25.1,R,0.35,0.6,0.5806451612903226,0.6515233589310945,0.7328834135981132,0.5122710782497766,0.07944044939376026,,0,,3,7,0,7,1,209,1626.1932185375929,48.0,22.2,R,0.55,0.6,0.5,0.5261427345043387,0.7066517261291622,0.43557216117467956,0.07412830283416379,,0,,2,4,0,7,1,57,Flavio Cobolli,0,3.9469928448074825,-4.0,2.900000000000002,-0.20000000000000007,0.1253806244267558,1,0,0,0
2024-0418-277,2024-07-29,Hard,A,R32,3,2024,Alejandro Davidovich Fokina,1621.8997401090085,44.0,25.1,R,0.35,0.4,0.5806451612903226,0.6590427387760558,0.7355149925454815,0.5066490686803986,0.06199858892864398,,0,,3,7,1,0,0,210,1437.9454311677655,192.0,30.5,R,0.25,0.4,0.3333333333333333,0.6661760685759195,0.7171933079804549,0.5392500000000001,0.04581860937055626,,0,,0,0,0,175,0,25,Mitchell Krueger,1,183.95430894124297,-148.0,-5.399999999999999,0.09999999999999998,-0.007133329799863697,3,1,0,0
2024-0421-281,2024-08-05,Hard,M,R32,3,2024,Alejandro Davidovich Fokina,1629.2256641631147,42.0,25.1,R,0.4,0.6,0.5757575757575758,0.6455683702369169,0.7380552427994854,0.5238064317851301,0.07729489165714809,0.0,4,0.0,2,6,0,7,1,211,1951.0975289195374,5.0,28.4,R,0.7,0.6,0.74,0.6257240318560081,0.7004634124593803,0.5158794563117702,0.09511562904528825,4.0,4,1.0,3,6,0,7,2,493,Daniil Medvedev,1,-321.8718647564226,37.0,-3.299999999999997,-0.29999999999999993,0.01984433838090882,-1,0,0,0
2024-0421-260,2024-08-05,Hard,M,R64,3,2024,Alejandro Davidovich Fokina,1613.9584534636901,42.0,25.1,R,0.35,0.6,0.5757575757575758,0.6471052554828185,0.737611783819441,0.5158064317851302,0.07750457522558117,,0,,2,6,1,0,2,212,1598.0349961788224,66.0,26.9,R,0.35,0.4,0.4827586206896552,0.570277484479677,0.7163157064419087,0.46408450176647936,0.07744909643869671,,0,,3,6,0,7,1,89,Roman Safiullin,1,15.923457284867709,-24.0,-1.7999999999999972,0.0,0.07682777100314153,-1,1,0,0
2024-0422-248,2024-08-12,Hard,M,R64,3,2024,Alejandro Davidovich Fokina,1656.8884035073122,53.0,25.1,R,0.45,0.6,0.5666666666666667,0.6373432620118087,0.7431246872439299,0.54255643178513,0.07989229425455069,0.0,1,0.0,2,5,0,7,3,213,1654.2399033050474,26.0,26.5,R,0.5,0.6,0.5151515151515151,0.5839717514638598,0.7501665456806216,0.4700079039734211,0.12967709557557522,1.0,1,1.0,1,2,0,7,0,358,Frances Tiafoe,0,2.648500202264813,27.0,-1.3999999999999986,-0.04999999999999999,0.053371510547948864,1,0,0,0
2024-560-154,2024-08-26,Hard,G,R128,5,2024,Alejandro Davidovich Fokina,1640.7664379280889,59.0,25.2,R,0.4,0.6,0.5333333333333333,0.6466353856409214,0.7254163539105967,0.5340737555605183,0.07782170601925656,,0,,0,0,0,14,0,214,1523.4241228004391,62.0,23.5,R,0.3,0.6,0.5,0.5553874761263171,0.6475612098377524,0.5050271071427227,0.0296488938583247,,0,,3,8,0,7,0,56,Rinky Hijikata,0,117.34231512764973,-3.0,1.6999999999999993,0.10000000000000003,0.09124790951460426,-3,0,1,1
2024-0747-390,2024-09-26,Hard,A,R16,3,2024,Alejandro Davidovich Fokina,1638.249015065063,64.0,25.3,R,0.45,0.6,0.5,0.6512990819851209,0.6998973700483666,0.5321268447207108,0.07349162764651507,0.0,4,0.0,0,0,0,31,0,215,1818.9951483312693,6.0,26.9,R,0.7,0.8,0.6981132075471698,0.5954324748223042,0.7819255843524969,0.5392103113175095,0.12867368028450726,4.0,4,1.0,0,0,0,31,2,460,Andrey Rublev,0,-180.74613326620624,58.0,-1.5999999999999979,-0.24999999999999994,0.05586660716281666,0,0,0,0
2024-0747-375,2024-09-26,Hard,A,R32,3,2024,Alejandro Davidovich Fokina,1619.5591294764774,64.0,25.3,R,0.4,0.4,0.5,0.6459045570253785,0.7106286896032155,0.5108033153089461,0.07947516500404989,,0,,0,0,1,0,0,216,1678.529071161868,43.0,27.9,R,0.55,0.8,0.5357142857142857,0.6522631504653595,0.7488036151213318,0.5966277548294203,0.10373987231483643,,0,,0,0,0,8,2,98,Zhizhen Zhang,1,-58.969941685390495,21.0,-2.599999999999998,-0.15000000000000002,-0.0063585934399810196,0,1,0,0
2024-5014-292,2024-10-02,Hard,M,R128,3,2024,Alejandro Davidovich Fokina,1629.895045182404,64.0,25.3,R,0.4,0.4,0.5185185185185185,0.6568834975695365,0.6669186466441113,0.5323338840581849,0.059076043230930644,,0,,2,5,0,6,1,217,1475.014751607721,105.0,23.0,R,0.25,0.4,0.4,0.643237817351558,0.6802401414804515,0.4583928906358808,0.09367010786860128,,0,,0,0,0,37,0,12,Gabriel Diallo,1,154.8802935746828,-41.0,2.3000000000000007,0.15000000000000002,0.013645680217978406,2,0,0,0
2024-5014-324,2024-10-02,Hard,M,R64,3,2024,Alejandro Davidovich Fokina,1639.2002438738364,64.0,25.3,R,0.45,0.4,0.5185185185185185,0.6560501642362031,0.6613387093400359,0.512333884058185,0.058826043230930644,,0,,2,5,1,0,2,218,1714.0981484557763,33.0,23.9,R,0.5,0.6,0.6,0.5961733381929819,0.7374134533651996,0.509700454645732,0.08593902596473622,,0,,4,11,0,7,0,66,Tomas Machac,0,-74.89790458193988,31.0,1.4000000000000021,-0.04999999999999999,0.0598768260432212,-2,1,0,0
2024-0429-377,2024-10-14,Hard,A,R16,3,2024,Alejandro Davidovich Fokina,1638.5453161124356,64.0,25.3,R,0.5,0.6,0.5172413793103449,0.6828242940765837,0.6655573328218172,0.5107691614408307,0.04933504298677847,,0,,0,0,0,12,0,219,1543.2922416606134,217.0,39.5,R,0.35,0.4,0.2727272727272727,0.5484904757547737,0.7743114390298603,0.5577632453243384,0.10715904037918315,,0,,0,0,0,12,1,293,Stan Wawrinka,0,95.25307445182216,-153.0,-14.2,0.15000000000000002,0.13433381832181002,0,0,0,0
2024-0429-369,2024-10-14,Hard,A,R32,3,2024,Alejandro Davidovich Fokina,1626.596964747775,64.0,25.3,R,0.45,0.4,0.5172413793103449,0.6661744794490139,0.6645573328218174,0.5055060035460939,0.062429077364938225,,0,,0,0,1,0,0,220,1536.660124557999,121.0,23.5,R,0.5,0.6,,0.6728571428571428,0.6314935064935066,0.5984848484848485,0.05437282852959076,,0,,0,0,0,84,0,16,Thiago Agustin Tirante,1,89.93684018977592,-57.0,1.8000000000000007,-0.04999999999999999,-0.006682663408128953,0,1,0,0
2024-0337-356,2024-10-21,Hard,A,R32,3,2024,Alejandro Davidovich Fokina,1618.2654469961099,62.0,25.3,R,0.45,0.4,0.5161290322580645,0.6830631806573897,0.6730138365500691,0.5131997169963862,0.051038408171655905,0.0,1,0.0,2,5,0,7,1,221,1708.6653325903765,31.0,22.4,R,0.6,0.6,0.5714285714285714,0.5489472289012348,0.7257498230920281,0.4728141677387108,0.05789911827444992,1.0,1,1.0,0,0,0,19,1,74,Flavio Cobolli,0,-90.3998855942666,31.0,2.900000000000002,-0.14999999999999997,0.13411595175615487,2,0,0,0
2025-143683-2,2025-01-06,Hard,A,R32,3,2025,Alejandro Davidovich Fokina,1598.0703129463227,22.0,25.6,R,0.45,0.2,0.4642857142857143,0.6902339042871297,0.6709755834752307,0.4901562387355168,0.04703821892556503,1.0,3,0.3333333333333333,0,0,0,77,0,222,1650.040918286301,93.0,36.7,R,0.55,0.6,0.45454545454545453,0.6993548745377446,0.7239376053344457,0.568213716108453,0.040140156271561055,2.0,3,0.6666666666666666,0,0,0,63,0,454,Roberto Bautista Agut,1,-51.97060533997819,-71.0,-11.100000000000001,-0.10000000000000003,-0.009120970250614868,0,0,0,0
2025-143683-18,2025-01-06,Hard,A,R16,3,2025,Alejandro Davidovich Fokina,1606.337045524246,22.0,25.6,R,0.45,0.4,0.4642857142857143,0.6851833992366246,0.6729200279196752,0.49667797786595147,0.047759719647065754,0.0,2,0.0,0,0,1,0,1,223,1789.546503135738,16.0,24.5,R,0.7,0.4,0.64,0.5926270620403723,0.7500537849817025,0.5716539015650257,0.10863169929112519,2.0,2,1.0,0,0,0,133,0,196,Sebastian Korda,0,-183.2094576114921,6.0,1.1000000000000014,-0.24999999999999994,0.09255633719625234,0,1,0,0
2025-143923-32,2025-01-06,Hard,G,R128,5,2025,Alejandro Davidovich Fokina,1619.6860047835662,22.0,25.6,R,0.5,0.4,0.4642857142857143,0.6860004321344351,0.6518777009182688,0.4839271783708282,0.040779574737498374,2.0,2,1.0,0,0,2,0,2,226,1621.1598214257724,59.0,19.9,L,0.55,0.4,0.6060606060606061,0.6394829319147827,0.7244506642782504,0.4796718669686936,0.09469022289682262,0.0,2,0.0,3,5,0,7,1,61,Juncheng Shang,1,-1.4738166422062022,-37.0,5.700000000000003,-0.050000000000000044,0.0465175002196524,-3,2,1,1
2025-143923-113,2025-01-06,Hard,G,R16,5,2025,Alejandro Davidovich Fokina,1628.7311459008513,22.0,25.6,R,0.5,0.4,0.4642857142857143,0.6959790493831876,0.6733709135879521,0.510063542007192,0.04510958186508213,0.0,3,0.0,0,0,3,0,3,227,1790.514858049166,17.0,27.7,R,0.6,0.4,0.6666666666666666,0.6000338798460229,0.7262072571976599,0.5411670267202149,0.0784899321662991,3.0,3,1.0,0,0,0,0,2,287,Tommy Paul,0,-161.78371214831463,5.0,-2.099999999999998,-0.09999999999999998,0.0959451695371647,0,3,1,1
2025-144949-18,2025-02-03,Hard,A,R16,3,2025,Alejandro Davidovich Fokina,1658.2343508530225,22.0,25.7,R,0.55,0.8,0.5,0.6556311872578011,0.6594194993367475,0.4778441657996124,0.03664692167627388,,0,,0,0,1,0,1,229,1592.1498069406948,103.0,24.0,R,0.35,0.0,0.46153846153846156,0.5755778061813513,0.7313074038223719,0.4925439682555088,0.07778521038883632,,0,,0,0,0,28,0,86,Matteo Arnaldi,0,66.08454391232772,-81.0,1.6999999999999993,0.20000000000000007,0.08005338107644977,0,1,0,0
2025-145482-26,2025-02-10,Hard,A,SF,3,2025,Alejandro Davidovich Fokina,1675.3890826422562,22.0,25.7,R,0.55,0.8,0.4838709677419355,0.6802317477463313,0.6198615399634495,0.4404343002075386,0.03437347492399841,0.0,1,0.0,2,4,1,0,1,231,1634.9878781917853,103.0,24.0,R,0.5,0.8,0.4827586206896552,0.6095717320420004,0.754404633309778,0.5290818421463238,0.08604676828175213,1.0,1,1.0,3,7,0,7,0,89,Matteo Arnaldi,1,40.401204450470914,-81.0,1.6999999999999993,0.050000000000000044,0.07066001570433089,-1,1,0,0
2025-145482-7,2025-02-10,Hard,A,R32,3,2025,Alejandro Davidovich Fokina,1671.0768860589717,22.0,25.7,R,0.55,0.6,0.4838709677419355,0.6800747152363577,0.6249724047084604,0.4514777784684082,0.03071589067817887,,0,,2,4,3,0,0,233,1416.8858993834376,323.0,32.0,R,0.15,0.2,0.1875,0.6500319524172266,0.6706604237218932,0.5085503687983786,0.04440014359292914,,0,,1,3,0,7,0,208,Taro Daniel,1,254.19098667553408,-301.0,-6.300000000000001,0.4,0.030042762819131097,1,3,0,0
2025-145482-24,2025-02-10,Hard,A,QF,3,2025,Alejandro Davidovich Fokina,1650.1156821846191,22.0,25.7,R,0.55,0.8,0.4838709677419355,0.6726420041565877,0.6257956058975154,0.44105541821996097,0.03217567272619622,2.0,3,0.6666666666666666,2,4,4,0,1,234,1880.0629243528172,7.0,27.3,R,0.6,0.8,0.631578947368421,0.6793841384673927,0.8120287432023222,0.5520738131658254,0.15262187679109673,1.0,3,0.3333333333333333,2,5,0,7,0,462,Taylor Fritz,1,-229.94724216819804,15.0,-1.6000000000000014,-0.04999999999999993,-0.006742134310804948,0,4,0,0
2025-146383-30,2025-02-24,Hard,A,SF,3,2025,Alejandro Davidovich Fokina,1701.084644439047,22.0,25.7,R,0.65,0.8,0.5588235294117647,0.7141518984844347,0.6588073337986713,0.44431652305715275,0.03961522802842309,0.0,1,0.0,0,0,0,14,2,235,1804.292352922344,34.0,25.9,L,0.85,1.0,0.6774193548387096,0.5994705079669711,0.7478747564358375,0.5525608341635022,0.11417177524395317,1.0,1,1.0,0,0,0,21,6,361,Denis Shapovalov,1,-103.20770848329698,-12.0,-0.1999999999999993,-0.19999999999999996,0.11468139051746362,0,0,0,0
2025-146383-24,2025-02-24,Hard,A,R16,3,2025,Alejandro Davidovich Fokina,1677.0919942841383,22.0,25.7,R,0.6,0.8,0.5588235294117647,0.6877670229286653,0.6235967433327991,0.44225158799221764,0.030349590311878498,0.0,2,0.0,0,0,1,0,3,236,1672.312587579537,19.0,27.1,R,0.5,0.6,0.5277777777777778,0.591621306254738,0.7678211156309396,0.5316385817820677,0.11063806817069732,2.0,2,1.0,0,0,0,21,0,382,Frances Tiafoe,1,4.779406704601342,3.0,-1.4000000000000021,0.09999999999999998,0.09614571667392735,0,1,0,0
2025-146383-9,2025-02-24,Hard,A,R32,3,2025,Alejandro Davidovich Fokina,1701.3757836423292,22.0,25.7,R,0.65,0.8,0.5588235294117647,0.7084483933426331,0.6603781264711588,0.46192139583443925,0.03719012546499055,,0,,0,0,2,0,4,237,1561.2817543961128,77.0,23.7,L,0.45,0.8,0.5294117647058824,0.6193460153540747,0.6857287844694375,0.5296923653831549,0.08724389717464576,,0,,0,0,0,21,3,20,Mattia Bellucci,1,140.09402924621645,-55.0,2.0,0.2,0.08910237798855836,0,2,0,0
2025-147936-62,2025-03-17,Hard,M,R64,3,2025,Alejandro Davidovich Fokina,1694.83739070743,22.0,25.8,R,0.7,0.6,0.5945945945945946,0.6705726701906269,0.6753885745322398,0.5299768910638477,0.03819783896028059,1.0,3,0.3333333333333333,0,0,0,14,0,241,1645.9087995516938,19.0,27.2,R,0.4,0.6,0.5277777777777778,0.5855138397931494,0.7539394314513073,0.4954242713177573,0.09831815684994949,2.0,3,0.6666666666666666,0,0,0,14,0,386,Frances Tiafoe,0,48.92859115573606,3.0,-1.3999999999999986,0.29999999999999993,0.08505883039747753,0,0,0,0
2025-147936-27,2025-03-17,Hard,M,R128,3,2025,Alejandro Davidovich Fokina,1687.0102702863883,22.0,25.8,R,0.65,0.6,0.5945945945945946,0.6798901133108869,0.6675314316750969,0.5076166426166426,0.034761838341181385,,0,,0,0,1,0,0,242,1491.1197210830721,81.0,34.9,R,0.3,0.2,0.3,0.6227535070185838,0.7067442409513305,0.4901976755215937,0.1092310174951527,,0,,0,0,0,14,0,10,Jan-Lennard Struff,1,195.89054920331614,-59.0,-9.099999999999998,0.35000000000000003,0.057136606292303105,0,1,0,0
2025-149241-49,2025-03-31,Clay,M,QF,3,2025,Alejandro Davidovich Fokina,1731.7280970279417,22.0,25.9,R,0.75,0.8,0.2857142857142857,0.684634352275461,0.649853922944818,0.5583894216502912,0.034739045645139466,,0,,0,0,0,14,1,243,1702.5967906907672,55.0,25.7,R,0.45,0.6,0.3333333333333333,0.6453232941028135,0.7045022435234157,0.45811742285847146,0.11069880936758517,,0,,0,0,0,14,0,200,Alexei Popyrin,1,29.131306337174465,-33.0,0.1999999999999993,0.3,0.03931105817264746,0,0,0,0
2025-149241-13,2025-03-31,Clay,M,R64,3,2025,Alejandro Davidovich Fokina,1676.5989243924516,22.0,25.8,R,0.7,0.4,0.2857142857142857,0.679620809685982,0.642997508816566,0.5055764515234913,0.03984058218197118,1.0,1,1.0,0,0,1,0,2,244,1747.757988155987,5.0,22.5,L,0.6,0.6,0.6363636363636364,0.6509813110988218,0.7403813408657561,0.5354878021277722,0.11413636244900882,0.0,1,0.0,0,0,0,14,0,135,Ben Shelton,1,-71.15906376353541,17.0,3.3000000000000007,0.09999999999999998,0.028639498587160195,0,1,0,0
2025-149241-53,2025-03-31,Clay,M,SF,3,2025,Alejandro Davidovich Fokina,1746.3896857839106,22.0,25.9,R,0.75,0.8,0.2857142857142857,0.6787194586584396,0.6878606797015747,0.5855689088297784,0.034739045645139466,0.0,1,0.0,0,0,2,0,3,245,1984.969063668332,2.0,21.9,R,0.85,0.6,0.8823529411764706,0.6521867920496044,0.7129137599052854,0.5821912319706437,0.06536045812220587,1.0,1,1.0,0,0,0,14,0,270,Carlos Alcaraz,0,-238.57937788442132,20.0,4.0,-0.09999999999999998,0.026532666608835243,0,2,0,0
2025-149241-42,2025-03-31,Clay,M,R16,3,2025,Alejandro Davidovich Fokina,1706.1375978904687,22.0,25.8,R,0.7,0.6,0.2857142857142857,0.6830795126620697,0.6620160851069802,0.5418517040487438,0.044308254684687486,,0,,0,0,3,0,0,246,1946.6394164821818,9.0,23.3,L,0.8,0.8,0.4166666666666667,0.615485615520084,0.7604017891193584,0.5508069489991396,0.09444832070074734,,0,,0,0,0,14,0,133,Jack Draper,1,-240.50181859171312,13.0,2.5,-0.10000000000000009,0.06759389714198571,0,3,0,0
2025-149241-31,2025-03-31,Clay,M,R32,3,2025,Alejandro Davidovich Fokina,1695.8308551843866,22.0,25.8,R,0.7,0.6,0.2857142857142857,0.6826265509895958,0.6632718990604685,0.5425461484931883,0.04079177116820397,2.0,2,1.0,0,0,4,0,1,247,1566.5495221248923,25.0,25.7,R,0.4,0.4,0.5555555555555556,0.6074193313573925,0.6972122452489136,0.46537591625510827,0.07600484449199507,0.0,2,0.0,0,0,0,0,0,141,Tomas Martin Etcheverry,1,129.28133305949427,-3.0,0.10000000000000142,0.29999999999999993,0.07520721963220334,0,4,0,0
2025-149666-22,2025-04-14,Clay,A,R16,3,2025,Alejandro Davidovich Fokina,1746.409945188225,22.0,25.9,R,0.7,0.8,0.5454545454545454,0.6731293112775046,0.6817469046361868,0.5715212897821593,0.03773988934739618,0.0,5,0.0,0,0,0,14,2,248,1696.2532917375672,12.0,27.5,R,0.5,0.2,0.6666666666666666,0.5736021563646494,0.718518946154849,0.5103120505153901,0.08726767877712784,5.0,5,1.0,0,0,0,14,1,492,Andrey Rublev,1,50.156653450657814,10.0,-1.6000000000000014,0.19999999999999996,0.09952715491285524,0,0,0,0
2025-149666-25,2025-04-14,Clay,A,QF,3,2025,Alejandro Davidovich Fokina,1760.1160590991685,22.0,25.9,R,0.75,0.8,0.5454545454545454,0.6708037298821556,0.6759703894846716,0.5715212897821593,0.03214592328831385,2.0,3,0.6666666666666666,0,0,1,0,3,249,1723.8468771987864,15.0,28.9,R,0.55,0.6,0.5555555555555556,0.6413251885586513,0.719850473809834,0.4936822314395844,0.06938552156350448,1.0,3,0.3333333333333333,0,0,0,14,0,467,Karen Khachanov,0,36.26918190038214,7.0,-3.0,0.19999999999999996,0.02947854132350436,0,1,0,0
2025-149666-16,2025-04-14,Clay,A,R32,3,2025,Alejandro Davidovich Fokina,1739.9232734268305,22.0,25.9,R,0.7,0.8,0.5454545454545454,0.6792180625674942,0.6949225803118624,0.5665212897821592,0.03749133922312112,0.0,1,0.0,0,0,2,0,0,250,1502.025195774455,71.0,40.1,R,0.35,0.2,0.3333333333333333,0.564193957542161,0.6926250636263424,0.5473171734682822,0.08053760939070789,1.0,1,1.0,0,0,0,14,0,307,Stan Wawrinka,1,237.8980776523756,-49.0,-14.200000000000003,0.35,0.11502410502533322,0,2,0,0
2025-150259-67,2025-04-21,Clay,M,R32,3,2025,Alejandro Davidovich Fokina,1753.5139782096517,22.0,25.9,R,0.7,0.6,0.6153846153846154,0.6622830270555705,0.6812539947682769,0.5579176861785557,0.033576316012642625,1.0,5,0.2,3,6,0,7,1,251,1896.5282823394923,3.0,28.0,R,0.7,1.0,0.8055555555555556,0.6852467190221784,0.721166803055101,0.5965722888222889,0.10333528432498802,4.0,5,0.8,5,11,0,7,5,620,Alexander Zverev,0,-143.01430412984064,19.0,-2.1000000000000014,0.0,-0.022963691966607858,-2,0,0,0
2025-150259-47,2025-04-21,Clay,M,R64,3,2025,Alejandro Davidovich Fokina,1742.4518424279397,22.0,25.9,R,0.7,0.6,0.6153846153846154,0.6620947917614528,0.678855004869287,0.5615212897821593,0.03528855020209305,0.0,1,0.0,3,6,1,0,0,252,1631.6144847518885,49.0,28.2,R,0.55,0.6,0.6470588235294118,0.6287010152876974,0.6324677801870328,0.4915434719614982,0.05321567027692372,1.0,1,1.0,0,0,0,21,0,105,Nuno Borges,1,110.83735767605117,-27.0,-2.3000000000000007,0.1499999999999999,0.03339377647375541,3,1,0,0
2025-151304-58,2025-05-05,Clay,M,R64,3,2025,Alejandro Davidovich Fokina,1743.7516476375517,22.0,25.9,R,0.65,0.6,0.6153846153846154,0.6578355877024709,0.692092941492098,0.557979797979798,0.03230521372863071,,0,,0,0,0,14,1,253,1538.2620527724325,106.0,24.9,R,0.3888888888888889,0.4,0.3333333333333333,0.5466448466131959,0.6392570579062514,0.42545225368501227,0.09205914628497246,,0,,0,0,0,21,0,17,Jesper De Jong,0,205.48959486511922,-84.0,1.0,0.2611111111111111,0.11119074108927496,0,0,0,0
2025-152424-21,2025-05-12,Clay,A,R16,3,2025,Alejandro Davidovich Fokina,1737.0137720886444,22.0,26.0,R,0.65,0.4,0.6153846153846154,0.6675140159655429,0.6255090118558428,0.5114438502673797,0.026590928014344994,0.0,2,0.0,1,2,0,7,0,254,1621.1329434808358,13.0,23.0,R,0.45,0.6,0.6190476190476191,0.5638452845645752,0.6557069815807595,0.5827583527583526,0.019078665078339996,2.0,2,1.0,1,2,0,7,0,93,Flavio Cobolli,0,115.88082860780855,9.0,3.0,0.2,0.10366873140096777,0,0,0,0
2025-152424-14,2025-05-12,Clay,A,R32,3,2025,Alejandro Davidovich Fokina,1719.25668414753,22.0,26.0,R,0.65,0.4,0.6153846153846154,0.6535802685535347,0.6541762748254314,0.514058229352347,0.032305213728630704,1.0,1,1.0,1,2,1,0,0,255,1757.565865235725,94.0,38.7,R,0.7,0.4,0.42857142857142855,0.6102261877642279,0.6665704731226674,0.429814481856816,0.10080762967573162,0.0,1,0.0,0,0,0,21,1,361,Gael Monfils,1,-38.30918108819492,-72.0,-12.700000000000003,-0.04999999999999993,0.043354080789306804,1,1,0,0
2025-152849-84,2025-05-19,Clay,G,R64,5,2025,Alejandro Davidovich Fokina,1724.0037148424612,22.0,26.0,R,0.6,0.4,0.6,0.6888235500628758,0.6015633441601752,0.48529411764705876,0.025166198409657493,,0,,2,4,0,7,1,256,1654.4713768452293,14.0,23.6,R,0.5,0.6,0.42857142857142855,0.6316587632408888,0.6190847006626767,0.46752068636939215,0.061164548953516897,,0,,3,7,0,7,0,24,Jiri Lehečka,0,69.53233799723193,8.0,2.3999999999999986,0.09999999999999998,0.057164786821987,-1,0,1,1
2025-155450-23,2025-06-23,Grass,A,QF,3,2025,Alejandro Davidovich Fokina,1710.1988669534344,22.0,26.1,R,0.6,0.6,,0.6513130072603792,0.6850592369651759,0.5743073541415049,0.028364706204856694,1.0,1,1.0,0,0,1,0,2,259,1709.1349190247306,25.0,19.8,R,0.75,0.6,0.5,0.5765779702970297,0.6802660753880266,0.6521739130434783,0.12701639345680332,0.0,1,0.0,2,6,0,7,0,32,Jakub Menšik,1,1.063947928703783,-3.0,6.300000000000001,-0.15000000000000002,0.07473503696334949,-2,1,0,0
2025-155450-17,2025-06-23,Grass,A,R16,3,2025,Alejandro Davidovich Fokina,1704.8437083991698,22.0,26.1,R,0.55,0.4,,0.6468933041564655,0.6818113359488259,0.5753526503087522,0.025475129321471758,,0,,0,0,2,0,3,260,1426.1073858385168,79.0,33.4,R,0.15,0.0,0.0,0.5700085822098269,0.7258165491419599,0.5265406663118151,0.07199928979174482,,0,,0,0,0,14,0,135,James Duckworth,1,278.736322560653,-57.0,-7.299999999999997,0.4,0.07688472194663865,0,2,0,0
2025-155450-26,2025-06-23,Grass,A,SF,3,2025,Alejandro Davidovich Fokina,1726.1498704937837,22.0,26.1,R,0.6,0.6,,0.6628197152067157,0.6927983673999585,0.5809740208081715,0.028517704980866483,3.0,4,0.75,0,0,3,0,4,261,1823.7224731237409,7.0,27.7,R,0.65,0.8,0.8571428571428571,0.670533406600079,0.8176126416410454,0.6166930363747134,0.15778528295323846,1.0,4,0.25,1,3,0,7,0,484,Taylor Fritz,0,-97.57260262995715,15.0,-1.5999999999999979,-0.050000000000000044,-0.007713691393363309,-1,3,0,0
2025-155924-82,2025-06-30,Grass,G,R64,5,2025,Alejandro Davidovich Fokina,1726.3323279924637,22.0,26.1,R,0.65,0.8,0.75,0.6585962119108913,0.717483131184568,0.5596881425073678,0.03277648006679269,,0,,4,10,0,7,0,262,1500.7438875217758,51.0,29.7,R,0.3333333333333333,0.4,,0.5867768595041323,0.8028169014084507,0.6,0.047570084210836285,,0,,0,0,0,42,0,14,Botic Van de Zandschulp,1,225.58844047068783,-29.0,-3.599999999999998,0.3166666666666667,0.07181935240675907,4,0,1,1
2025-155924-26,2025-06-30,Grass,G,R128,5,2025,Alejandro Davidovich Fokina,1721.205341204828,22.0,26.1,R,0.6,0.6,0.75,0.6586940592690126,0.691596606361873,0.5794317322509575,0.02156803442438478,1.0,1,1.0,4,10,1,0,1,263,1433.4236742441287,189.0,27.2,R,0.21428571428571427,0.2,0.5,0.5901639344262295,0.6388888888888888,0.36,0.06437007648688389,0.0,1,0.0,0,0,0,14,1,14,Brandon Holt,1,287.78166696069934,-167.0,-1.0999999999999979,0.3857142857142857,0.06853012484278309,4,1,1,1
2025-155924-97,2025-06-30,Grass,G,R32,5,2025,Alejandro Davidovich Fokina,1733.1931973998735,22.0,26.1,R,0.65,0.8,0.75,0.6587215131157105,0.7200127109479298,0.5622522450714704,0.033048820492324604,3.0,5,0.6,4,10,2,0,2,264,1873.603798718034,7.0,27.7,R,0.7,0.8,0.8571428571428571,0.6397292839200232,0.8098940580854833,0.600906999941325,0.17029426784098572,2.0,5,0.4,4,11,0,7,4,488,Taylor Fritz,0,-140.41060131816062,15.0,-1.5999999999999979,-0.04999999999999993,0.018992229195687327,0,2,1,1
2025-157365-18,2025-07-14,Hard,A,R16,3,2025,Alejandro Davidovich Fokina,1723.3288897776392,22.0,26.1,R,0.6,0.6,0.5945945945945946,0.6789777738588885,0.6742600707098882,0.5248340339209905,0.03689497433847845,1.0,1,1.0,0,0,0,14,0,265,1452.463740981904,79.0,33.5,R,0.2,0.4,0.15384615384615385,0.6109740660527916,0.6930998949883187,0.46111899494375486,0.08256150484151828,0.0,1,0.0,0,0,2,0,1,140,James Duckworth,0,270.8651487957352,-57.0,-7.399999999999999,0.39999999999999997,0.06800370780609688,0,-2,0,0
2025-158037-47,2025-07-21,Hard,A,F,3,2025,Alejandro Davidovich Fokina,1760.8057570656404,22.0,26.1,R,0.6,0.8,0.5789473684210527,0.6435281612179439,0.6807599638344086,0.5586097310920365,0.04283001784162893,,0,,1,2,0,7,0,266,1771.0365261454335,7.0,26.4,R,0.7,1.0,0.7,0.5676764458442405,0.7166501782531195,0.5729208754208754,0.04553335609019107,,0,,0,0,0,21,1,40,Alex de Minaur,0,-10.230769079793163,15.0,-0.29999999999999716,-0.09999999999999998,0.07585171537370339,1,0,0,0
2025-158037-46,2025-07-21,Hard,A,SF,3,2025,Alejandro Davidovich Fokina,1743.7007801515347,22.0,26.1,R,0.6,0.6,0.5789473684210527,0.6452138212369373,0.6667883651170472,0.5486097310920365,0.042222730392236216,2.0,2,1.0,1,2,1,0,0,267,1767.7333048332735,5.0,22.8,L,0.65,1.0,0.6363636363636364,0.6540286935959931,0.7919657922535298,0.5659869765416993,0.18155530894738736,0.0,2,0.0,0,0,0,21,3,158,Ben Shelton,1,-24.032524681738778,17.0,3.3000000000000007,-0.050000000000000044,-0.00881487235905587,1,1,0,0
2025-158037-31,2025-07-21,Hard,A,R32,3,2025,Alejandro Davidovich Fokina,1696.889141402651,22.0,26.1,R,0.55,0.6,0.5789473684210527,0.6793512565853125,0.6807345718185357,0.5066522157391724,0.04006957751308162,,0,,1,2,2,0,1,268,1630.1472550463682,34.0,28.2,R,0.5,0.6,0.4444444444444444,0.6582515550338893,0.7081253893402701,0.5536691458192473,0.049600349187537265,,0,,0,0,0,21,0,245,Jaume Munar,1,66.74188635628275,-12.0,-2.099999999999998,0.050000000000000044,0.021099701551423156,1,2,0,0
2025-158037-37,2025-07-21,Hard,A,R16,3,2025,Alejandro Davidovich Fokina,1709.8528210219226,22.0,26.1,R,0.55,0.6,0.5789473684210527,0.6638316884341654,0.6793060003899642,0.5274314365183932,0.043782347810919234,,0,,1,2,3,0,2,269,1585.5599549960814,18.0,19.6,L,0.4,0.6,0.5714285714285714,0.6613608985236291,0.651264398261372,0.5151910528882853,0.0545826242802398,,0,,0,0,0,21,1,37,Learner Tien,1,124.29286602584125,4.0,6.5,0.15000000000000002,0.0024707899105362863,1,3,0,0
2025-158037-44,2025-07-21,Hard,A,QF,3,2025,Alejandro Davidovich Fokina,1720.3612208284846,22.0,26.1,R,0.6,0.6,0.5789473684210527,0.6461233551008319,0.68014063784432,0.5420981031850597,0.04488778998778999,3.0,6,0.5,1,2,4,0,3,270,1892.5822850875359,7.0,27.7,R,0.8,1.0,0.6410256410256411,0.6754913189356568,0.82607010530157,0.49352963766151625,0.18183717851226086,3.0,6,0.5,0,0,0,21,4,494,Taylor Fritz,1,-172.22106425905122,15.0,-1.5999999999999979,-0.20000000000000007,-0.029367963834824984,1,4,0,0
2025-158960-86,2025-07-21,Hard,M,R16,3,2025,Alejandro Davidovich Fokina,1772.2213441831125,22.0,26.2,R,0.65,0.8,0.5789473684210527,0.628175723597997,0.6879677560422008,0.5824281979883065,0.037065713919430275,1.0,6,0.16666666666666666,1,2,0,0,4,271,1719.6525500440925,12.0,27.8,R,0.7,0.6,0.5833333333333334,0.6030523254836392,0.7842049470634835,0.44382603488840805,0.10149048867081778,5.0,6,0.8333333333333334,3,8,0,0,0,516,Andrey Rublev,0,52.56879413901993,10.0,-1.6000000000000014,-0.04999999999999993,0.02512339811435782,-2,0,0,0
2025-158960-59,2025-07-21,Hard,M,R64,3,2025,Alejandro Davidovich Fokina,1745.2767652642815,22.0,26.2,R,0.6,0.8,0.5789473684210527,0.6463711450468432,0.6779677560422008,0.5535415049711787,0.04314340815501925,,0,,1,2,1,0,0,272,1685.0821088133237,30.0,26.3,L,0.65,0.8,0.35294117647058826,0.6372193930002743,0.5989802501645821,0.5255361249242503,0.04860704730347838,,0,,0,0,0,0,3,181,Corentin Moutet,1,60.19465645095784,-8.0,-0.10000000000000142,-0.050000000000000044,0.009151752046568928,1,1,0,0
2025-158960-73,2025-07-21,Hard,M,R32,3,2025,Alejandro Davidovich Fokina,1758.5321062363198,22.0,26.2,R,0.6,0.8,0.5789473684210527,0.630886910812609,0.6699677560422008,0.5691212151161061,0.0459942853480017,2.0,2,1.0,1,2,2,0,1,273,1708.0012476085444,25.0,19.9,R,0.65,0.6,0.7,0.6278208503441431,0.7754077007370797,0.49219219219219223,0.14166024542839734,0.0,2,0.0,0,0,0,21,2,37,Jakub Menšik,1,50.53085862777539,-3.0,6.300000000000001,-0.050000000000000044,0.0030660604684658033,1,2,0,0
2025-159600-44,2025-08-04,Hard,M,R64,3,2025,Alejandro Davidovich Fokina,1753.818768084791,22.0,26.2,R,0.65,0.6,0.6097560975609756,0.629728968299853,0.6805353236097684,0.5747865642597163,0.04214234943344897,,0,,0,0,0,14,2,274,1660.3765688112053,20.0,19.0,R,0.5,0.6,0.6923076923076923,0.6401632420085697,0.7608113624183742,0.5600980354927723,0.09199035954213401,,0,,0,0,0,14,0,43,Joao Fonseca,0,93.44219927358563,2.0,7.199999999999999,0.15000000000000002,-0.010434273708716635,0,0,0,0
2025-161362-1,2025-08-18,Hard,G,R128,5,2025,Alejandro Davidovich Fokina,1733.61643325976,22.0,26.2,R,0.6,0.4,0.5897435897435898,0.6077320642750853,0.6830681142022604,0.5833579928311449,0.04859031323435394,,0,,0,0,0,14,0,275,1525.6200504314127,82.0,24.7,R,0.3,0.6,0.4,0.6255547366112222,0.689136702899189,0.448416634337687,0.04156058546520792,,0,,0,0,0,28,2,100,Alexander Shevchenko,1,207.99638282834735,-60.0,1.5,0.3,-0.01782267233613688,0,0,1,1
2025-161362-73,2025-08-18,Hard,G,R64,5,2025,Alejandro Davidovich Fokina,1741.038887860516,22.0,26.2,R,0.65,0.6,0.5897435897435898,0.5987133052563263,0.6931538096538097,0.6136087765302044,0.054506619150659866,0.0,1,0.0,0,0,1,0,1,276,1596.2424521139833,21.0,30.1,R,0.55,0.4,0.34615384615384615,0.6417710714035657,0.7094537815126051,0.5016247242540346,0.4224163802794679,1.0,1,1.0,1,2,0,7,0,183,Arthur Rinderknech,0,144.79643574653278,1.0,-3.900000000000002,0.09999999999999998,-0.04305776614723944,-1,1,1,1
2025-163907-4,2025-09-22,Hard,A,R32,3,2025,Alejandro Davidovich Fokina,1701.6581149709684,22.0,26.3,R,0.6,0.2,0.6,0.6018486005556432,0.6806763742351978,0.5630111472091708,0.05132361392767874,,0,,0,0,0,35,0,277,1504.4208626212032,57.0,26.3,R,0.4,0.2,0.3333333333333333,0.5388502416806764,0.6734299620977253,0.4640384077259906,0.06276984079026497,,0,,1,2,0,7,0,50,Camilo Ugo Carabelli,1,197.23725234976519,-35.0,0.0,0.19999999999999996,0.06299835887496674,-1,0,0,0
2025-163907-23,2025-09-22,Hard,A,R16,3,2025,Alejandro Davidovich Fokina,1718.731761296072,22.0,26.3,R,0.6,0.4,0.6,0.6014319338889766,0.6988680953680955,0.5989085831066068,0.05382361392767874,1.0,5,0.2,0,0,1,0,1,278,1695.382740077553,3.0,29.6,R,0.5,0.4,0.575,0.609217920410221,0.7991812511604939,0.49601079848021634,0.16710734213587397,4.0,5,0.8,2,5,0,7,0,561,Daniil Medvedev,0,23.34902121851883,19.0,-3.3000000000000007,0.09999999999999998,-0.0077859865212444035,-2,1,0,0
2025-164569-80,2025-09-29,Hard,M,R32,3,2025,Alejandro Davidovich Fokina,1719.6074653057556,22.0,26.3,R,0.6,0.6,0.6,0.6088316818827131,0.6940909251497487,0.5909492800677443,0.06474253041195782,1.0,6,0.16666666666666666,2,4,0,7,0,279,1726.0479194578816,3.0,29.7,R,0.6,0.8,0.575,0.6318969324313384,0.7672245991625661,0.48732477535301666,0.13468533107351202,5.0,6,0.8333333333333334,4,9,0,7,0,565,Daniil Medvedev,0,-6.440454152125994,19.0,-3.3999999999999986,0.0,-0.023065250548625293,-2,0,0,0
2025-164569-58,2025-09-29,Hard,M,R64,3,2025,Alejandro Davidovich Fokina,1709.43949005841,22.0,26.3,R,0.6,0.4,0.6,0.6096730280365592,0.6946915257503493,0.598317701120376,0.05885310733503475,1.0,2,0.5,2,4,1,0,0,280,1576.6956761610868,103.0,24.6,R,0.4,0.2,0.4074074074074074,0.568861602895601,0.7234487238052185,0.46521718780376276,0.07621609638281754,1.0,2,0.5,0,0,0,14,0,122,Matteo Arnaldi,1,132.7438138973232,-81.0,1.6999999999999993,0.19999999999999996,0.04081142514095826,2,1,0,0
2025-165814-16,2025-10-13,Hard,A,R16,3,2025,Alejandro Davidovich Fokina,1703.9040252125521,22.0,26.4,R,0.6,0.4,0.6,0.6102668670678983,0.7072176097858673,0.5737952839663798,0.06414067856010597,2.0,2,1.0,0,0,0,14,1,281,1588.2016203308592,38.0,32.2,R,0.35,0.4,0.5142857142857142,0.5909319976656562,0.7361691382403701,0.5298015843913862,0.06722316943993015,0.0,2,0.0,0,0,0,14,0,262,Marcos Giron,1,115.70240488169293,-16.0,-5.800000000000004,0.25,0.01933486940224216,0,0,0,0
2025-165814-24,2025-10-13,Hard,A,QF,3,2025,Alejandro Davidovich Fokina,1714.7643414917525,22.0,26.4,R,0.6,0.6,0.6,0.6293175543531216,0.714579928626447,0.5534536690595475,0.06512865106869703,,0,,0,0,1,0,2,282,1483.910676518318,32.0,23.8,R,0.3076923076923077,0.6,0.3333333333333333,0.6219560191983486,0.7123365211181006,0.3566172851887138,0.0859699316590484,,0,,0,0,0,56,0,12,Raphael Collignon,0,230.85366497343443,-10.0,2.599999999999998,0.29230769230769227,0.007361535154773002,0,1,0,0
2025-166551-28,2025-10-20,Hard,A,QF,3,2025,Alejandro Davidovich Fokina,1715.8522089933158,22.0,26.4,R,0.6,0.6,0.6,0.6634234041141844,0.726855274771656,0.5208385804999313,0.05892943519833489,2.0,5,0.4,2,5,0,7,0,283,1798.2908208688914,14.0,26.8,R,0.65,1.0,0.5714285714285714,0.6861328706506585,0.8101540526148157,0.6070804685510568,0.0996823709289579,3.0,5,0.6,4,9,0,7,4,413,Casper Ruud,1,-82.43861187557559,8.0,-0.40000000000000213,-0.050000000000000044,-0.0227094665364741,-2,0,0,0
2025-166551-17,2025-10-20,Hard,A,R16,3,2025,Alejandro Davidovich Fokina,1689.4632627847398,22.0,26.4,R,0.55,0.6,0.6,0.6580561388280075,0.7126816235417013,0.5223977684384296,0.06781129947052351,0.0,1,0.0,2,5,1,0,1,284,1712.3925910150515,57.0,25.0,R,0.6,0.6,0.47368421052631576,0.643582354189188,0.7269055610236704,0.5341805208212284,0.05390423217005894,1.0,1,1.0,0,0,0,21,0,110,Jenson Brooksby,1,-22.92932823031174,-35.0,1.3999999999999986,-0.04999999999999993,0.014473784638819542,2,1,0,0
2025-166551-31,2025-10-20,Hard,A,F,3,2025,Alejandro Davidovich Fokina,1750.5838887864577,22.0,26.4,R,0.65,0.8,0.6,0.6800560764704991,0.7406746985910797,0.5457030099873152,0.056313140169949996,0.0,1,0.0,2,5,2,0,2,285,1679.787304048183,20.0,19.2,R,0.55,0.6,0.631578947368421,0.6445410064628733,0.7105929715508669,0.5110479041257073,0.07910405611483648,1.0,1,1.0,1,2,0,7,0,49,Joao Fonseca,0,70.79658473827476,2.0,7.199999999999999,0.09999999999999998,0.03551507000762588,1,2,0,0
2025-166551-2,2025-10-20,Hard,A,R32,3,2025,Alejandro Davidovich Fokina,1706.517667011284,22.0,26.4,R,0.55,0.6,0.6,0.6522305936566679,0.7174824770267653,0.5170947381353992,0.06366799728983816,,0,,2,5,3,0,0,286,1552.4090724840296,56.0,30.4,R,0.5,0.4,0.42857142857142855,0.6573483009993699,0.7188434052251326,0.4925744653216844,0.06538836460248806,,0,,3,7,0,7,0,333,Lorenzo Sonego,1,154.10859452725435,-34.0,-4.0,0.050000000000000044,-0.005117707342702005,-1,3,0,0
2025-166551-30,2025-10-20,Hard,A,SF,3,2025,Alejandro Davidovich Fokina,1735.5789689169283,22.0,26.4,R,0.65,0.8,0.6,0.6838333862888725,0.7292461271625084,0.5337696149826898,0.05572087904860227,1.0,2,0.5,2,5,4,0,1,287,1713.9431544867957,26.0,27.3,L,0.55,0.8,0.6451612903225806,0.6786370797733368,0.7440399970880346,0.5634746713330641,0.09574716195200286,1.0,2,0.5,4,9,0,7,3,294,Ugo Humbert,1,21.63581443013254,-4.0,-0.9000000000000021,0.09999999999999998,0.005196306515535709,-2,4,0,0
2025-140742-48,2025-10-27,Hard,M,R16,3,2025,Alejandro Davidovich Fokina,1750.1663123856656,22.0,26.4,R,0.6,0.8,0.6363636363636364,0.6931705480496446,0.7437183876793936,0.5287885743085775,0.05043951651100024,1.0,6,0.16666666666666666,5,11,0,7,2,288,1873.8261254555403,3.0,28.5,R,0.7,0.8,0.7555555555555555,0.7343318688580065,0.7366210265515132,0.5412290853480785,0.0883807126037056,5.0,6,0.8333333333333334,5,10,0,7,3,666,Alexander Zverev,0,-123.65981306987464,19.0,-2.1000000000000014,-0.09999999999999998,-0.04116132080836188,0,0,0,0
2025-140742-34,2025-10-27,Hard,M,R32,3,2025,Alejandro Davidovich Fokina,1740.786945627684,22.0,26.4,R,0.6,0.8,0.6363636363636364,0.6933531779197745,0.7418665358275417,0.5335940662994242,0.05305721131619505,1.0,1,1.0,5,11,1,0,0,289,1587.8544495684114,69.0,23.2,R,0.6,0.4,0.4375,0.6214770299253057,0.7480058458378542,0.4645563325563325,0.11959692163715155,0.0,1,0.0,0,0,0,14,0,55,Arthur Cazaux,1,152.93249605927258,-47.0,3.1999999999999993,0.0,0.07187614799446873,5,1,0,0
2025-140742-24,2025-10-27,Hard,M,R64,3,2025,Alejandro Davidovich Fokina,1731.3679730368908,22.0,26.4,R,0.6,0.8,0.6363636363636364,0.6958531779197745,0.7447923456499033,0.5517758844812424,0.060443574952558685,,0,,5,11,2,0,1,290,1579.4719071147815,70.0,24.4,R,0.5263157894736842,0.4,0.5625,0.6612400570667325,0.7301894657941067,0.5805572789199792,0.08356249484714379,,0,,2,4,0,7,1,19,Valentin Royer,1,151.8960659221093,-48.0,2.0,0.0736842105263158,0.03461312085304202,3,2,0,0
2022-9667-287,2022-01-10,Hard,A,R16,3,2022,Aleksandar Vukic,1483.6035408754205,160.0,25.7,R,0.3,0.4,0.3333333333333333,0.5798458794692294,0.7483684556665575,0.5386104805764621,0.11100418509580916,0.0,1,0.0,1,3,1,0,1,10,1556.5246797702405,84.0,32.0,R,0.5,0.4,0.47058823529411764,0.5192827166111739,0.7413733987008236,0.5617867909800566,0.09758197716370794,1.0,1,1.0,2,6,0,7,0,230,Steve Johnson,1,-72.92113889481993,76.0,-6.300000000000001,-0.2,0.06056316285805552,-1,1,0,0
2022-9667-294,2022-01-10,Hard,A,QF,3,2022,Aleksandar Vukic,1502.9132269402646,160.0,25.7,R,0.36363636363636365,0.6,0.3333333333333333,0.5828138236447794,0.7583094981300331,0.552838945697596,0.11511830867714583,,0,,1,3,2,0,2,11,1595.669190759755,145.0,25.7,R,0.5,0.8,0.5,0.6439019861671125,0.7754827184479136,0.5255792436927201,0.1403355119389011,,0,,4,10,0,7,2,38,Thanasi Kokkinakis,0,-92.75596381949049,15.0,0.0,-0.13636363636363635,-0.06108816252233307,-3,2,0,0
2022-580-119,2022-01-17,Hard,G,R128,5,2022,Aleksandar Vukic,1491.0861242404033,144.0,25.7,R,0.3333333333333333,0.4,0.4444444444444444,0.5861486028964631,0.7496916630711281,0.5501866300752047,0.11580755407227358,,0,,3,7,0,7,0,12,1675.9789873136924,33.0,24.8,R,0.6,0.4,0.5945945945945946,0.6470931967951667,0.7651998805724045,0.5115398745519713,0.15230678740810152,,0,,1,3,0,7,0,97,Lloyd Harris,1,-184.89286307328916,111.0,0.8999999999999986,-0.26666666666666666,-0.06094459389870366,2,0,1,1
2022-580-173,2022-01-17,Hard,G,R64,5,2022,Aleksandar Vukic,1514.8786659881832,144.0,25.7,R,0.38461538461538464,0.6,0.4444444444444444,0.5852412356158563,0.7555693120115519,0.5543726765868326,0.11195983004696228,,0,,3,7,1,0,1,13,1455.0407017690775,124.0,32.1,R,0.35,0.2,0.4166666666666667,0.6581578505707839,0.6623723018648194,0.5289202184534856,0.03351926541878379,,0,,0,0,0,140,0,172,Radu Albot,0,59.83796421910574,20.0,-6.400000000000002,0.03461538461538466,-0.07291661495492763,3,1,1,1
2022-0891-286,2022-01-31,Hard,A,R16,3,2022,Aleksandar Vukic,1513.0630878115421,140.0,25.8,R,0.4,0.6,0.45454545454545453,0.5831445314707036,0.7656294541657346,0.5642363494015881,0.11135528793391636,,0,,0,0,1,0,1,15,1509.7535928183922,66.0,19.9,R,0.25,0.2,0.4,0.6441922827184712,0.6754026191435711,0.5093268741062859,0.04532342560298366,,0,,0,0,0,14,0,50,Lorenzo Musetti,0,3.309494993149883,74.0,5.900000000000002,0.15000000000000002,-0.06104775124776762,0,1,0,0
2022-7434-283,2022-09-26,Hard,A,R32,3,2022,Aleksandar Vukic,1496.91068454422,144.0,26.4,R,0.375,0.4,0.5,0.5918733731567308,0.7602690938053741,0.582109156419132,0.11280456329623519,,0,,0,0,0,238,0,16,1585.4180383054268,57.0,35.3,R,0.4,0.4,0.3888888888888889,0.5766972817431767,0.6937395313153907,0.45799690910333873,0.04147279075670888,,0,,0,0,0,28,0,312,Fabio Fognini,1,-88.50735376120679,87.0,-8.899999999999999,-0.025000000000000022,0.015176091413554138,0,0,0,0
2022-7434-292,2022-09-26,Hard,A,R16,3,2022,Aleksandar Vukic,1516.9006603190744,144.0,26.4,R,0.4117647058823529,0.6,0.5,0.5853759549123247,0.7653017735439362,0.5828268597684142,0.11110490753031436,,0,,0,0,1,0,1,17,1452.0547781904997,116.0,38.8,L,0.3,0.2,0.0,0.6576688116243399,0.6849620184741738,0.4505554920600702,0.06016233281133134,,0,,1,2,0,7,0,255,Fernando Verdasco,1,64.84588212857466,28.0,-12.399999999999999,0.11176470588235293,-0.07229285671201513,-1,1,0,0
2022-7434-297,2022-09-26,Hard,A,QF,3,2022,Aleksandar Vukic,1529.948596161696,144.0,26.4,R,0.4444444444444444,0.6,0.5,0.5932884128247826,0.7630029229692237,0.5931525700941245,0.10723285365826048,0.0,1,0.0,0,0,2,0,2,18,1897.0081582053863,10.0,21.1,R,0.75,0.8,0.7674418604651163,0.5447796671719983,0.7571142094231155,0.5298626626157115,0.09990643561939207,1.0,1,1.0,0,0,0,28,3,166,Jannik Sinner,0,-367.0595620436902,134.0,5.299999999999997,-0.3055555555555556,0.04850874565278429,0,2,0,0
2023-0499-273,2023-02-13,Hard,A,R32,3,2023,Aleksandar Vukic,1508.8584523429015,171.0,26.8,R,0.4,0.4,0.5,0.5794991524397775,0.7242777767703934,0.5693272581511655,0.100660411915606,,0,,0,0,0,28,0,20,1451.5158000394347,102.0,26.7,R,0.35,0.4,0.38461538461538464,0.6949924351019867,0.7199916972556176,0.4698003070643231,0.1431122863827824,,0,,1,3,0,7,0,36,Christopher Eubanks,1,57.34265230346682,69.0,0.10000000000000142,0.050000000000000044,-0.11549328266220926,-1,0,0,0
2023-0499-287,2023-02-13,Hard,A,R16,3,2023,Aleksandar Vukic,1522.2414449930066,171.0,26.8,R,0.45,0.6,0.5,0.5804713217116038,0.7272864458167982,0.5541757429996504,0.08140764790493119,0.0,1,0.0,0,0,1,0,1,21,1499.0565332027045,113.0,33.2,R,0.45,0.4,0.5,0.6331721699801505,0.6888139710692549,0.5206836943249987,0.0472209131005586,1.0,1,1.0,2,5,0,7,1,194,Radu Albot,0,23.184911790302067,58.0,-6.400000000000002,0.0,-0.05270084826854671,-2,1,0,0
2023-0404-208,2023-03-06,Hard,M,R128,3,2023,Aleksandar Vukic,1505.1753223942908,186.0,26.9,R,0.45,0.4,0.5,0.5808269910813577,0.7259824219717909,0.5459886084967265,0.07694044062082249,,0,,0,0,0,21,0,22,1662.7342137665787,100.0,37.9,R,0.5,0.6,0.5,0.5594804248308873,0.7830232202674658,0.504963708632377,0.10723983797673486,,0,,0,0,0,14,2,238,Stan Wawrinka,0,-157.55889137228792,86.0,-11.0,-0.04999999999999999,0.021346566250470378,0,0,0,0
2023-0403-212,2023-03-20,Hard,M,R128,3,2023,Aleksandar Vukic,1495.9715517233585,168.0,26.9,R,0.4,0.2,0.42857142857142855,0.590321891518463,0.7174145670624725,0.5386201874440949,0.07781465140275548,,0,,0,0,0,14,0,23,1561.2182562707712,58.0,27.7,R,0.4,0.4,0.47619047619047616,0.605922196676269,0.7088267414621059,0.5303001609271584,0.06429780273451721,,0,,0,0,0,14,0,201,Laslo Djere,0,-65.24670454741272,110.0,-0.8000000000000007,0.0,-0.015600305157805971,0,0,0,0
2023-0717-279,2023-04-03,Clay,A,R32,3,2023,Aleksandar Vukic,1482.941442271803,151.0,26.9,R,0.4,0.2,,0.49411764705882355,0.7142857142857143,0.37209302325581395,0.07919249983942743,,0,,0,0,0,14,0,24,1431.6206249286802,137.0,30.6,R,0.25,0.2,0.0,0.5786936774022502,0.6987752562001653,0.5418425825806548,0.059827345737076196,,0,,0,0,0,14,0,136,Denis Kudla,0,51.320817343122826,14.0,-3.700000000000003,0.15000000000000002,-0.08457603034342664,0,0,0,0
2023-0741-276,2023-06-26,Grass,A,R32,3,2023,Aleksandar Vukic,1464.5950718176957,91.0,27.2,R,0.4,0.2,,0.6190476190476191,0.8461538461538461,0.5625,0.08716821977166908,,0,,0,0,0,84,0,25,1632.390177220095,51.0,21.8,R,0.5,0.2,0.5714285714285714,0.6513039615602016,0.7665656445366908,0.530611967080209,0.06385809263310721,,0,,2,5,0,7,0,109,Brandon Nakashima,1,-167.79510540239926,40.0,5.399999999999999,-0.09999999999999998,-0.03225634251258258,-2,0,0,0
2023-0741-289,2023-06-26,Grass,A,R16,3,2023,Aleksandar Vukic,1487.7727607528686,91.0,27.2,R,0.45,0.2,,0.6119431643625193,0.8164102564102564,0.5975765306122449,0.09109528849537175,,0,,0,0,1,0,1,26,1598.6921561454692,41.0,23.8,R,0.45,0.2,0.4,0.672111346274766,0.6945585473301203,0.49842308690048387,0.051288042070456716,,0,,1,2,0,7,0,202,Miomir Kecmanovic,0,-110.91939539260056,50.0,3.3999999999999986,0.0,-0.06016818191224671,-1,1,0,0
2023-540-134,2023-07-03,Grass,G,R128,5,2023,Aleksandar Vukic,1476.7140428683228,87.0,27.2,R,0.4,0.2,0.5,0.6268675822118288,0.7791219891219892,0.6302684117125111,0.0972992086536167,,0,,2,5,0,7,0,27,1466.475727156232,66.0,24.8,R,0.35,0.4,0.0,0.62493074902171,0.7314099733814307,0.4745080569106056,0.057135692428874105,,0,,0,0,0,21,0,70,Daniel Altmaier,1,10.238315712090753,21.0,2.3999999999999986,0.050000000000000044,0.0019368331901188363,2,0,1,1
2023-540-181,2023-07-03,Grass,G,R64,5,2023,Aleksandar Vukic,1492.2426874358162,87.0,27.2,R,0.45,0.4,0.5,0.6331941649197412,0.7810081585081585,0.6039513087843833,0.10316072234121734,,0,,2,5,1,0,1,28,1523.5769905540362,79.0,26.6,R,0.5,0.4,0.5,0.5611788066956441,0.8393205977915308,0.5519731323275014,0.13601558721850468,,0,,0,0,0,35,0,66,Quentin Halys,0,-31.334303118220078,8.0,0.5999999999999979,-0.04999999999999999,0.0720153582240971,2,1,1,1
2023-6116-295,2023-07-24,Hard,A,QF,3,2023,Aleksandar Vukic,1501.5452749256988,82.0,27.2,R,0.45,0.6,0.375,0.5991888757194817,0.7244454387331746,0.4992597900895114,0.1262643104617597,1.0,1,1.0,1,2,0,7,0,30,1669.769727135454,32.0,27.2,R,0.7,0.8,0.47058823529411764,0.6757335512188039,0.7270594645998648,0.5859620494499527,0.16338593393089826,0.0,1,0.0,0,0,0,21,2,58,Christopher Eubanks,1,-168.22445220975533,50.0,0.0,-0.24999999999999994,-0.0765446754993222,1,0,0,0
2023-6116-300,2023-07-24,Hard,A,F,3,2023,Aleksandar Vukic,1543.0888846429928,82.0,27.2,R,0.5,0.8,0.375,0.6229310573988627,0.7245248038125396,0.5041131823113247,0.13927826991620856,,0,,1,2,2,0,2,32,1785.4545979056588,9.0,25.7,R,0.6,0.8,0.7291666666666666,0.5917108837118006,0.7951028675115759,0.5391538422572577,0.13772074405104512,,0,,0,0,0,21,1,358,Taylor Fritz,0,-242.36571326266608,73.0,1.5,-0.09999999999999998,0.03122017368706209,1,2,0,0
2023-6116-298,2023-07-24,Hard,A,SF,3,2023,Aleksandar Vukic,1524.7387481686205,82.0,27.2,R,0.45,0.6,0.375,0.6070409737668435,0.7150009942887301,0.5030875412856838,0.13316086218589762,,0,,1,2,3,0,0,33,1576.143143899361,38.0,25.0,L,0.45,0.8,0.42857142857142855,0.5965880554779758,0.7433902334303117,0.5306676206522077,0.09961591394311767,,0,,3,6,0,7,2,168,Ugo Humbert,1,-51.40439573074036,44.0,2.1999999999999993,0.0,0.01045291828886774,-2,3,0,0
2023-6116-288,2023-07-24,Hard,A,R16,3,2023,Aleksandar Vukic,1478.6773267852925,82.0,27.2,R,0.4,0.4,0.375,0.6055277623509323,0.7199216292093651,0.5157370628167841,0.10759904785810034,,0,,1,2,4,0,1,34,1638.140858599851,31.0,27.8,L,0.5,0.6,0.6363636363636364,0.6225371741628903,0.6370780613394749,0.5570559453467769,0.03118776749621579,,0,,0,0,0,21,0,202,Yoshihito Nishioka,1,-159.46353181455856,51.0,-0.6000000000000014,-0.09999999999999998,-0.01700941181195803,1,4,0,0
2023-0418-267,2023-07-31,Hard,A,R64,3,2023,Aleksandar Vukic,1536.7342028428152,62.0,27.3,R,0.45,0.8,0.5384615384615384,0.6316466537291379,0.7577748038125397,0.5067798489779913,0.13653789102904074,1.0,1,1.0,5,13,0,7,2,35,1585.7406814793517,70.0,21.9,R,0.4,0.2,0.6111111111111112,0.678850911801668,0.7432233425774784,0.4879038344604787,0.08320764530037386,0.0,1,0.0,2,5,0,7,1,113,Brandon Nakashima,0,-49.006478636536485,-8.0,5.400000000000002,0.04999999999999999,-0.04720425807253015,3,0,0,0
2023-0421-258,2023-08-07,Hard,M,R64,3,2023,Aleksandar Vukic,1522.976185692444,62.0,27.3,R,0.45,0.6,0.5,0.6249597236379525,0.7502748038125396,0.5066397929555824,0.12997107075254297,,0,,1,2,0,7,0,36,1651.8914875860623,15.0,26.7,R,0.55,0.4,0.6,0.6290979122568763,0.7075840931544619,0.5304932567432566,0.06332097658678529,,0,,3,6,0,7,0,278,Borna Coric,1,-128.91530189361833,47.0,0.6000000000000014,-0.10000000000000003,-0.004138188618923788,-2,0,0,0
2023-0421-291,2023-08-07,Hard,M,R16,3,2023,Aleksandar Vukic,1569.4693484181314,62.0,27.3,R,0.45,0.6,0.5,0.6322862697930662,0.7639018604789396,0.525877195119814,0.1265947669493266,,0,,1,2,1,0,1,37,1733.7578234466994,276.0,36.9,R,0.55,0.8,0.5714285714285714,0.593906933468346,0.745790450452528,0.5206600555241859,0.08267688941701579,,0,,3,7,0,7,0,276,Gael Monfils,0,-164.28847502856797,-214.0,-9.599999999999998,-0.10000000000000003,0.03837933632472024,-2,1,0,0
2023-0421-280,2023-08-07,Hard,M,R32,3,2023,Aleksandar Vukic,1544.6547153632673,62.0,27.3,R,0.45,0.6,0.5,0.6356722421931231,0.7487764686294097,0.5166631029788924,0.1250488732295198,,0,,1,2,2,0,0,38,1759.9582776495213,32.0,23.0,R,0.6,0.4,0.7,0.6101222013485536,0.7699909908112368,0.5518479688271332,0.11437478622833228,,0,,1,3,0,7,0,128,Sebastian Korda,1,-215.30356228625396,30.0,4.300000000000001,-0.14999999999999997,0.025550040844569577,0,2,0,0
2023-6242-279,2023-08-21,Hard,A,R32,3,2023,Aleksandar Vukic,1560.517467423125,51.0,27.3,R,0.45,0.4,0.5294117647058824,0.6244198904827214,0.7605955176989126,0.5232456161724455,0.1250525591571188,,0,,0,0,0,14,1,39,1530.2869898914496,65.0,19.2,R,0.4,0.6,0.0,0.5507591293382061,0.6666320705760249,0.512352246715525,0.04277193246133743,,0,,0,0,0,21,0,20,Luca Van Assche,1,30.230477531675433,-14.0,8.100000000000001,0.04999999999999999,0.07366076114451525,0,0,0,0
2023-6242-290,2023-08-21,Hard,A,R16,3,2023,Aleksandar Vukic,1575.1288051425433,51.0,27.3,R,0.5,0.6,0.5294117647058824,0.6100704895353823,0.7610632047737426,0.5567392059160352,0.13530685468976483,,0,,0,0,1,0,2,40,1627.3872398407525,42.0,22.6,R,0.55,1.0,0.2,0.7542398518684259,0.586706369982201,0.4326673859336398,0.019851607552316606,,0,,0,0,0,21,5,96,Sebastian Baez,0,-52.25843469820916,9.0,4.699999999999999,-0.050000000000000044,-0.14416936233304356,0,1,0,0
2023-560-108,2023-08-28,Hard,G,R128,5,2023,Aleksandar Vukic,1561.5174090637495,50.0,27.3,R,0.45,0.6,0.5263157894736842,0.5998090516268856,0.757491776202314,0.5349912384363604,0.13687548214074524,,0,,2,6,0,7,0,41,1876.0764947288092,12.0,26.3,R,0.75,0.8,0.5454545454545454,0.6616179782871905,0.7139815003062158,0.5124605612876076,0.11398112166885635,,0,,0,0,0,14,1,482,Alexander Zverev,0,-314.5590856650597,38.0,1.0,-0.3,-0.06180892666030491,2,0,1,1
2023-7581-278,2023-09-20,Hard,A,R32,3,2023,Aleksandar Vukic,1557.0198798065553,50.0,27.4,R,0.45,0.4,0.5,0.6019305469539884,0.7501537590282312,0.5237441521892743,0.11757641672018448,,0,,0,0,0,23,0,42,1530.159167731581,95.0,30.6,R,0.4,0.2,0.47619047619047616,0.5956806363394669,0.6950668184434281,0.504919456761562,0.03207768375831162,,0,,0,0,0,23,0,169,Taro Daniel,0,26.860712074974344,-45.0,-3.200000000000003,0.04999999999999999,0.006249910614521514,0,0,0,0
2023-5014-267,2023-10-02,Hard,M,R64,3,2023,Aleksandar Vukic,1556.8962102638081,54.0,27.4,R,0.5,0.4,0.4444444444444444,0.5881739041946343,0.7477139202676378,0.5112809234102559,0.10443551204180761,,0,,0,0,0,12,0,43,1810.6549501662741,19.0,32.3,R,0.65,0.6,0.6176470588235294,0.605757034954838,0.7185892480535339,0.5037644947644948,0.0573300156592235,,0,,3,8,0,5,1,376,Grigor Dimitrov,0,-253.758739902466,35.0,-4.899999999999999,-0.15000000000000002,-0.01758313076020368,-3,0,0,0
2023-5014-232,2023-10-02,Hard,M,R128,3,2023,Aleksandar Vukic,1539.7853569219808,54.0,27.4,R,0.45,0.2,0.4444444444444444,0.5981033396785053,0.7374179099716274,0.5120216641509967,0.10865258193428073,,0,,0,0,1,0,0,44,1563.9461014036995,61.0,30.5,R,0.45,0.4,0.38461538461538464,0.5716056052536598,0.6635914874361601,0.4863381676823457,0.026148922766936582,,0,,1,2,0,7,0,194,Roberto Carballes Baena,1,-24.160744481718666,-7.0,-3.1000000000000014,0.0,0.026497734424845487,-1,1,0,0
2023-0329-273,2023-10-16,Hard,A,R32,3,2023,Aleksandar Vukic,1550.86893908851,54.0,27.5,R,0.5,0.2,0.45,0.5904972689033201,0.7302937075016802,0.5146142567435892,0.100682384435469,,0,,0,0,0,14,1,45,1632.7109225714485,17.0,23.1,R,0.35,0.2,0.6190476190476191,0.5894909489213578,0.7633116366384738,0.4591277916572035,0.07776117387402737,,0,,0,0,0,14,0,279,Felix Auger Aliassime,0,-81.84198348293853,37.0,4.399999999999999,0.15000000000000002,0.0010063199819623225,0,0,0,0
2023-0337-281,2023-10-23,Hard,A,R32,3,2023,Aleksandar Vukic,1538.5697035260393,56.0,27.5,R,0.45,0.2,0.42857142857142855,0.5965897058781101,0.7340727772691221,0.49985235198168443,0.09721599788084714,,0,,1,3,0,7,0,46,1503.9783686040464,74.0,23.0,R,0.35,0.4,0.2,0.6265621532857977,0.6810140435729993,0.5001095680569627,0.057703204260506055,,0,,2,5,0,7,1,21,Tomas Machac,0,34.59133492199294,-18.0,4.5,0.10000000000000003,-0.029972447407687564,-1,0,0,0
2024-0339-275,2024-01-01,Hard,A,R32,3,2024,Aleksandar Vukic,1520.9819564350619,62.0,27.7,R,0.45,0.2,0.4090909090909091,0.5850335940716853,0.7100689822027084,0.478313890443223,0.0906661438967003,,0,,0,0,0,70,0,47,1615.7202208961066,55.0,29.7,R,0.55,0.4,0.45454545454545453,0.5949583640245563,0.7664427428932538,0.578114677042906,0.11163438973260528,,0,,0,0,0,63,0,222,Jordan Thompson,0,-94.73826446104476,7.0,-2.0,-0.10000000000000003,-0.009924769952870949,0,0,0,0
2024-0301-279,2024-01-08,Hard,A,R32,3,2024,Aleksandar Vukic,1509.2398053064455,63.0,27.7,R,0.4,0.2,0.391304347826087,0.5857069947450859,0.6852844994440879,0.4701098993124025,0.08511058834114474,0.0,1,0.0,1,2,0,7,0,48,1489.9636675133802,74.0,30.9,R,0.3,0.2,0.4,0.5630635357270124,0.7089105089132737,0.4716907084109468,0.04833214010154946,1.0,1,1.0,1,2,1,0,0,175,Taro Daniel,0,19.276137793065345,-11.0,-3.1999999999999993,0.10000000000000003,0.02264345901807352,0,-1,0,0
2024-580-114,2024-01-15,Hard,G,R128,5,2024,Aleksandar Vukic,1492.3530160627229,64.0,27.7,R,0.4,0.0,0.375,0.5801781485912397,0.6856604392937119,0.4734432326457358,0.0850144344949909,0.0,1,0.0,1,2,0,7,0,49,1640.9748288903806,47.0,29.7,R,0.55,0.6,0.5,0.6117508050798447,0.7399461629459808,0.5556174807006009,0.10259459276040157,1.0,1,1.0,2,4,0,7,0,227,Jordan Thompson,0,-148.62181282765778,17.0,-2.0,-0.15000000000000002,-0.03157265648860497,-1,0,1,1
2024-0499-279,2024-02-12,Hard,A,R32,3,2024,Aleksandar Vukic,1482.8082844952885,69.0,27.8,R,0.4,0.0,0.375,0.588523444167385,0.6790771608210326,0.47302656597906917,0.0742875651226824,,0,,0,0,0,28,0,50,1443.2809535426845,104.0,31.7,R,0.15,0.4,0.16666666666666666,0.6031457502307018,0.6829545641620945,0.47549576629130963,0.08397933268126226,,0,,0,0,0,14,0,41,Constant Lestienne,0,39.52733095260396,-35.0,-3.8999999999999986,0.25,-0.014622306063316826,0,0,0,0
2024-7480-286,2024-02-19,Hard,A,R16,3,2024,Aleksandar Vukic,1482.0137132075984,72.0,27.8,R,0.35,0.2,0.34782608695652173,0.5781935660077198,0.6768702044501416,0.488870104554315,0.07813099120015103,,0,,1,2,1,0,1,52,1802.6105888912027,11.0,25.5,R,0.65,0.6,0.6060606060606061,0.6105157240163201,0.774132085526456,0.517739703989704,0.10109374823044244,,0,,0,0,1,0,2,432,Stefanos Tsitsipas,0,-320.59687568360437,61.0,2.3000000000000007,-0.30000000000000004,-0.03232215800860039,1,0,0,0
2024-0404-269,2024-03-04,Hard,M,R64,3,2024,Aleksandar Vukic,1492.6242990905196,69.0,27.9,R,0.3,0.4,0.36,0.5715702020749044,0.6558369583246068,0.4897821067821068,0.06923660222192059,,0,,0,0,0,14,0,53,2142.282802087326,1.0,36.7,R,0.85,0.8,0.9,0.6440890411985721,0.7842496267056198,0.5817263192390887,0.13084967324330798,,0,,0,0,0,49,2,451,Novak Djokovic,0,-649.6585029968066,68.0,-8.800000000000004,-0.55,-0.07251883912366774,0,0,0,0
2024-0404-236,2024-03-04,Hard,M,R128,3,2024,Aleksandar Vukic,1477.6488604871424,69.0,27.9,R,0.3,0.2,0.36,0.5732851410992946,0.6771060535067454,0.4795969215969215,0.07598202905118888,,0,,0,0,1,0,0,54,1455.3703080604437,149.0,20.7,R,0.21428571428571427,0.4,0.42857142857142855,0.5503155325441357,0.6713182135871689,0.469163703176861,0.04263118647870621,,0,,0,0,0,49,0,14,Shintaro Mochizuki,1,22.278552426698752,-80.0,7.199999999999999,0.08571428571428572,0.02296960855515895,0,1,0,0
2024-0403-236,2024-03-18,Hard,M,R128,3,2024,Aleksandar Vukic,1491.881612822045,65.0,27.9,R,0.3,0.4,0.38461538461538464,0.5665312410359433,0.6705785996619927,0.46705483405483406,0.06914569313101149,1.0,1,1.0,0,0,0,14,1,55,1494.1236621188136,64.0,30.9,R,0.3,0.2,0.3076923076923077,0.6260517928992491,0.6913250856572511,0.5078083018742204,0.01766096131193436,0.0,1,0.0,0,0,0,14,1,208,Roberto Carballes Baena,0,-2.2420492967685277,1.0,-3.0,0.0,-0.05952055186330574,0,0,0,0
2024-0360-271,2024-04-01,Clay,A,R32,3,2024,Aleksandar Vukic,1475.9848615746241,67.0,27.9,R,0.3,0.4,0.0,0.5717341482047364,0.7371428571428571,0.4082687338501292,0.0748442225427762,,0,,0,0,0,14,0,56,1487.2965642377567,86.0,27.1,R,0.25,0.2,0.45454545454545453,0.6288306410217956,0.6676741631367645,0.5192838659398762,0.05434304722149232,,0,,0,0,0,14,0,39,Alexandre Muller,1,-11.311702663132564,-19.0,0.7999999999999972,0.04999999999999999,-0.0570964928170592,0,0,0,0
2024-0360-286,2024-04-01,Clay,A,R16,3,2024,Aleksandar Vukic,1492.505600751051,67.0,27.9,R,0.3,0.4,0.0,0.6020396329397039,0.752034632034632,0.4388458225667528,0.08372681172302661,,0,,0,0,2,0,0,58,1555.5387280294888,47.0,27.8,R,0.4,0.4,0.38461538461538464,0.5408832488912881,0.6514536431087448,0.40795849476398677,0.08512165660864608,,0,,0,0,0,14,1,62,Sebastian Ofner,1,-63.03312727843786,20.0,0.09999999999999787,-0.10000000000000003,0.061156384048415724,0,2,0,0
2024-0410-247,2024-04-08,Clay,M,R64,3,2024,Aleksandar Vukic,1498.1577497884477,65.0,28.0,R,0.3,0.4,0.6666666666666666,0.5926385485698955,0.7360592216400004,0.464247932411525,0.08056123334005694,0.0,1,0.0,3,7,0,7,1,59,1746.9588618818723,40.0,37.6,R,0.55,0.6,0.4,0.6156634211946216,0.7031310307988546,0.4494254328578441,0.10229942069684494,1.0,1,1.0,2,5,0,7,0,313,Gael Monfils,0,-248.80111209342454,25.0,-9.600000000000001,-0.25000000000000006,-0.023024872624726078,1,0,0,0
2024-0308-284,2024-04-15,Clay,A,R32,3,2024,Aleksandar Vukic,1491.9896249728072,65.0,28.0,R,0.25,0.4,0.5,0.5991286150363164,0.7272715735888893,0.46306375320008036,0.07591100016217553,,0,,1,3,0,7,0,60,1478.5533941305405,118.0,24.9,L,0.35,0.2,0.2,0.575023477305058,0.7026092277339695,0.49805220617226026,0.06604883739052414,,0,,0,0,0,14,0,30,Jurij Rodionov,0,13.436230842266696,-53.0,3.1000000000000014,-0.09999999999999998,0.02410513773125844,1,0,0,0
2024-1536-184,2024-04-22,Clay,M,R128,3,2024,Aleksandar Vukic,1475.3711719581572,62.0,28.0,R,0.25,0.4,0.4,0.6037643767980457,0.7106772218063495,0.4309253938993886,0.07665324037809995,0.0,2,0.0,1,2,0,7,0,61,1509.7793213262053,85.0,31.2,R,0.35,0.4,0.42857142857142855,0.6595767483054786,0.5916886344323028,0.5337349276802033,0.03739688554634514,2.0,2,1.0,2,4,0,7,0,189,Taro Daniel,0,-34.40814936804804,-23.0,-3.1999999999999993,-0.09999999999999998,-0.0558123715074329,-1,0,0,0
2024-0416-261,2024-05-06,Clay,M,R64,3,2024,Aleksandar Vukic,1478.041246750537,70.0,28.0,R,0.3,0.2,0.3333333333333333,0.6006398336945963,0.7037461012909785,0.4276577583368784,0.07917250130185123,0.0,1,0.0,0,0,0,14,0,62,1860.807206178375,5.0,27.0,R,0.65,0.6,0.7307692307692307,0.7414157090164992,0.7421687321472415,0.5742857426371357,0.0952671694473015,1.0,1,1.0,0,0,1,0,1,538,Alexander Zverev,0,-382.76595942783797,65.0,1.0,-0.35000000000000003,-0.14077587532190294,0,-1,0,0
2024-0416-220,2024-05-06,Clay,M,R128,3,2024,Aleksandar Vukic,1460.9505656792767,70.0,28.0,R,0.25,0.2,0.3333333333333333,0.6089389909886126,0.7051759024138892,0.41493850754075295,0.07676763067780254,,0,,0,0,1,0,0,63,1484.671191661467,142.0,31.7,R,0.25,0.0,0.25,0.6613398292840065,0.6026523946127563,0.40779526779526787,0.016742311882017767,,0,,0,0,0,21,0,408,Diego Schwartzman,1,-23.720625982190313,-72.0,-3.6999999999999993,0.0,-0.05240083829539388,0,1,0,0
2024-7694-286,2024-05-20,Clay,A,R16,3,2024,Aleksandar Vukic,1495.7065545031858,93.0,28.1,R,0.3,0.4,0.375,0.6021785783728775,0.7047664491450739,0.44237132486625386,0.08358006581227895,1.0,1,1.0,0,0,0,14,1,64,1678.513002550254,19.0,26.9,R,0.55,0.4,0.2857142857142857,0.5854337386481938,0.7138372982270418,0.4268141408081422,0.10573549995432874,0.0,1,0.0,0,0,0,14,0,250,Alexander Bublik,0,-182.80644804706822,74.0,1.2000000000000028,-0.25000000000000006,0.016744839724683658,0,0,0,0
2024-7694-271,2024-05-20,Clay,A,R32,3,2024,Aleksandar Vukic,1474.8589249839526,93.0,28.1,R,0.25,0.2,0.375,0.5972425169918033,0.6921950205736452,0.4271996748108829,0.07518876146445284,,0,,0,0,1,0,0,65,1583.5347219531338,74.0,29.0,R,0.45,0.0,0.0,0.687760434197457,0.65146628998109,0.4410570406366382,0.05102034107851137,,0,,0,0,0,14,0,208,Mackenzie Mcdonald,1,-108.67579696918119,19.0,-0.8999999999999986,-0.2,-0.09051791720565372,0,1,0,0
2024-520-275,2024-05-27,Clay,G,R128,5,2024,Aleksandar Vukic,1487.4255902557486,89.0,28.1,R,0.3,0.4,0.4,0.5891665903608894,0.7065442269228516,0.4459268804218094,0.07997429658150972,,0,,2,4,0,7,1,66,1614.9899186099858,44.0,27.6,R,0.45,0.8,0.5555555555555556,0.5887500400358119,0.700826685507728,0.5177032874646094,0.05966085788075939,,0,,0,0,0,21,3,76,Zhizhen Zhang,0,-127.5643283542372,45.0,0.5,-0.15000000000000002,0.00041655032507748047,2,0,1,1
2024-0440-288,2024-06-10,Grass,A,R16,3,2024,Aleksandar Vukic,1492.6903553989791,87.0,28.1,R,0.35,0.4,0.4,0.6313272197082214,0.7631664350142612,0.544781329475392,0.09103743910081777,0.0,1,0.0,0,0,0,14,0,67,1775.5598068634772,22.0,28.0,R,0.65,0.6,,0.6361444830319588,0.7791480213089802,0.5790786717447137,0.06268678188681931,1.0,1,1.0,0,0,0,14,1,426,Karen Khachanov,1,-282.86945146449807,65.0,0.10000000000000142,-0.30000000000000004,-0.004817263323737442,0,0,0,0
2024-0440-275,2024-06-10,Grass,A,R32,3,2024,Aleksandar Vukic,1477.0496669637503,87.0,28.1,R,0.3,0.4,0.4,0.6238033249537093,0.7526796814296816,0.5522448843879574,0.08181749025171292,,0,,0,0,1,0,1,68,1469.2460034575925,100.0,26.1,R,0.35,0.4,0.0,0.5973809834769793,0.6746225851583235,0.47661741839844546,0.05030583193673206,,0,,0,0,0,14,0,67,Max Purcell,1,7.803663506157818,-13.0,2.0,-0.04999999999999999,0.02642234147672995,0,1,0,0
2024-0440-295,2024-06-10,Grass,A,QF,3,2024,Aleksandar Vukic,1519.4404478183806,87.0,28.1,R,0.4,0.6,0.4,0.6251385899719665,0.7615206306374785,0.5446184458996637,0.10217741024078893,,0,,0,0,2,0,2,69,1736.7779024112501,23.0,27.9,R,0.55,0.8,0.7777777777777778,0.6368657833676051,0.7710218267150942,0.5351133584221819,0.09266127299059317,,0,,0,0,0,14,2,132,Tallon Griekspoor,0,-217.33745459286956,64.0,0.20000000000000284,-0.15000000000000002,-0.011727193395638658,0,2,0,0
2024-0741-392,2024-06-24,Grass,A,R16,3,2024,Aleksandar Vukic,1533.6427255290937,81.0,28.2,R,0.45,0.6,0.5,0.6362008035513758,0.7594698828883611,0.571326940627777,0.11710358197511006,1.0,2,0.5,0,0,0,14,0,70,1668.8394313712834,23.0,27.0,R,0.5,0.6,0.7142857142857143,0.6046344927226734,0.8795966008129452,0.4974583612611725,0.14165205767502573,1.0,2,0.5,2,5,0,7,1,258,Alexander Bublik,1,-135.19670584218966,58.0,1.1999999999999993,-0.04999999999999999,0.031566310828702315,-2,0,0,0
2024-0741-374,2024-06-24,Grass,A,R32,3,2024,Aleksandar Vukic,1512.3201068919163,81.0,28.2,R,0.4,0.4,0.5,0.632142306976276,0.7567683383444254,0.560733637734567,0.11302064736585966,,0,,0,0,1,0,1,71,1632.4704208190346,45.0,24.7,R,0.5,0.4,0.25,0.6455993474442187,0.6993079100982209,0.507955777074242,0.0544968016858407,,0,,2,6,0,7,1,47,Fabian Marozsan,1,-120.1503139271183,36.0,3.5,-0.09999999999999998,-0.013457040467942605,-2,1,0,0
2024-0741-399,2024-06-24,Grass,A,SF,3,2024,Aleksandar Vukic,1574.4100030856882,81.0,28.2,R,0.5,0.8,0.5,0.6308492077159089,0.7682991443709802,0.5703570890507825,0.12764972688272205,0.0,1,0.0,0,0,2,0,2,72,1818.586923367613,13.0,26.6,R,0.7,0.8,0.5,0.6414165368297792,0.8186254190192566,0.577997571458136,0.16182024229348463,1.0,1,1.0,3,6,0,7,2,421,Taylor Fritz,0,-244.17692028192482,68.0,1.5999999999999979,-0.19999999999999996,-0.01056732911387026,-3,2,0,0
2024-0741-394,2024-06-24,Grass,A,QF,3,2024,Aleksandar Vukic,1555.5724490900525,81.0,28.2,R,0.45,0.8,0.5,0.6279997453503176,0.7645096706867696,0.5790769406277769,0.12116570861788185,1.0,1,1.0,0,0,3,0,0,73,1617.847612116314,102.0,28.7,L,0.4,0.6,0.0,0.6562699862940543,0.6170473810866204,0.5190417380450014,0.025178171678582505,0.0,1,0.0,0,0,0,28,0,234,Yoshihito Nishioka,1,-62.27516302626145,-21.0,-0.5,0.04999999999999999,-0.028270240943736757,0,3,0,0
2024-540-172,2024-07-01,Grass,G,R64,5,2024,Aleksandar Vukic,1584.9213926061832,69.0,28.2,R,0.5,0.8,0.6,0.6256903864376845,0.7728784972215195,0.5432188197114262,0.12273891305886472,,0,,4,9,0,7,1,74,2043.8567022404156,3.0,21.1,R,0.85,0.8,0.8888888888888888,0.6346868210110073,0.7777734329186154,0.5761002980028467,0.04169071793309479,,0,,0,0,0,14,0,219,Carlos Alcaraz,0,-458.93530963423245,66.0,7.099999999999998,-0.35,-0.008996434573322776,4,0,1,1
2024-540-117,2024-07-01,Grass,G,R128,5,2024,Aleksandar Vukic,1568.1082521653432,69.0,28.2,R,0.45,0.6,0.6,0.6303949572292119,0.7795112655831014,0.5476668716594781,0.1319250892015626,1.0,1,1.0,4,9,1,0,0,75,1585.780597706726,45.0,28.1,R,0.45,0.8,0.5,0.5589941443871596,0.8062003751668387,0.5683603243792319,0.11876134338888573,0.0,1,0.0,5,12,0,7,4,81,Sebastian Ofner,1,-17.67234554138281,24.0,0.09999999999999787,0.0,0.07140081284205235,-1,1,1,1
2024-0315-295,2024-07-15,Grass,A,QF,3,2024,Aleksandar Vukic,1606.3480429379244,65.0,28.2,R,0.5,0.6,0.6,0.6200170550361583,0.7683831234326675,0.5717695121595046,0.10663926134569843,2.0,2,1.0,0,0,0,14,1,76,1496.6356070233169,128.0,28.1,R,0.3,0.4,0.3333333333333333,0.7065917989101493,0.7320338533386165,0.5210201039305182,0.12957470074549046,0.0,2,0.0,0,0,0,14,0,92,Christopher Eubanks,0,109.71243591460757,-63.0,0.09999999999999787,0.2,-0.086574743873991,0,0,0,0
2024-0418-280,2024-07-29,Hard,A,R32,3,2024,Aleksandar Vukic,1585.457095916956,85.0,28.3,R,0.5,0.6,0.2857142857142857,0.5626709469182962,0.6700890035787614,0.48474714174714173,0.1065333478417267,0.0,1,0.0,0,0,0,14,2,79,1621.3225327143737,91.0,28.3,R,0.45,0.8,0.3888888888888889,0.6268798437074771,0.7052458316456361,0.5046130263839901,0.11468288848436732,1.0,1,1.0,0,0,0,28,1,109,Thanasi Kokkinakis,0,-35.865436797417715,-6.0,0.0,0.04999999999999999,-0.06420889678918085,0,0,0,0
2024-6242-247,2024-08-19,Hard,A,R64,3,2024,Aleksandar Vukic,1571.1029183799014,94.0,28.3,R,0.5,0.4,0.2222222222222222,0.5534995364186125,0.6994236809981162,0.5014138084138083,0.10599571343312456,,0,,0,0,1,0,1,81,1473.7548490543854,186.0,34.2,R,0.2,0.2,0.29411764705882354,0.5592676963172828,0.7291567235118241,0.506075384762917,0.04780507575230848,,0,,0,0,0,21,0,263,Daniel Evans,1,97.34806932551601,-92.0,-5.900000000000002,0.3,-0.0057681598986703,0,1,0,0
2024-6242-288,2024-08-19,Hard,A,R16,3,2024,Aleksandar Vukic,1594.3178086998405,94.0,28.3,R,0.6,0.6,0.2222222222222222,0.5619098027557083,0.7453097028709802,0.5026259296259296,0.11275280232435977,,0,,0,0,2,0,2,82,1700.948750576986,299.0,33.1,R,0.5,0.8,0.6,0.5994536758261417,0.7562388132926022,0.5437102741421531,0.0788236262307683,,0,,3,6,0,7,2,368,Pablo Carreno Busta,0,-106.63094187714546,-205.0,-4.800000000000001,0.09999999999999998,-0.03754387307043339,-3,2,0,0
2024-560-106,2024-08-26,Hard,G,R128,5,2024,Aleksandar Vukic,1583.079761619258,92.0,28.3,R,0.55,0.4,0.2631578947368421,0.5478766294689339,0.7487009352944707,0.4822092629592628,0.11091372186458967,1.0,1,1.0,3,9,0,7,0,83,1528.0361854084172,97.0,26.3,R,0.45,0.4,0.2962962962962963,0.5499342969202248,0.7470440496252863,0.4819856668630549,0.12149979455431999,0.0,1,0.0,0,0,0,14,1,81,Max Purcell,0,55.04357621084091,-5.0,2.0,0.10000000000000003,-0.002057667451290879,3,0,1,1
2024-7581-375,2024-09-18,Hard,A,R32,3,2024,Aleksandar Vukic,1564.5659082846078,92.0,28.4,R,0.55,0.4,0.2631578947368421,0.5475664557716634,0.7412935278870634,0.48309815184815175,0.11943405847048028,1.0,1,1.0,0,0,0,23,0,84,1541.2256963998313,97.0,27.8,R,0.35,0.4,0.3888888888888889,0.5836165012240954,0.758224467437321,0.48075114550921,0.12711415708090676,0.0,1,0.0,0,0,0,23,0,313,Borna Coric,1,23.34021188477641,-5.0,0.5999999999999979,0.20000000000000007,-0.036050045452431956,0,0,0,0
2024-7581-390,2024-09-18,Hard,A,R16,3,2024,Aleksandar Vukic,1579.4926658182856,92.0,28.4,R,0.55,0.6,0.2631578947368421,0.5486302855588975,0.763568037690985,0.4934575598819785,0.13356935579726695,0.0,1,0.0,0,0,1,0,1,85,1526.7514361168992,42.0,27.3,R,0.4,0.2,0.4,0.6292830123189384,0.6160351233066372,0.4621077969982702,0.016578119506912077,1.0,1,1.0,0,0,0,23,1,144,Pedro Martinez,0,52.741229701386374,50.0,1.0999999999999979,0.15000000000000002,-0.08065272676004087,0,1,0,0
2024-5014-323,2024-10-02,Hard,M,R64,3,2024,Aleksandar Vukic,1576.31437313954,91.0,28.4,R,0.6,0.4,0.2777777777777778,0.5572514645382861,0.7720825304446082,0.4883654297898484,0.15085860275664992,,0,,0,0,0,14,0,86,1789.6246629794778,9.0,25.7,R,0.6,0.4,0.6571428571428571,0.6645479056483418,0.7104785636518158,0.5087377832230885,0.06813522893588626,,0,,1,2,0,7,0,356,Casper Ruud,1,-213.3102898399377,82.0,2.6999999999999993,0.0,-0.10729644111005565,-1,0,0,0
2024-5014-291,2024-10-02,Hard,M,R128,3,2024,Aleksandar Vukic,1561.082328403084,91.0,28.4,R,0.55,0.4,0.2777777777777778,0.5592313784550724,0.7677347043576517,0.4962714126958313,0.15094263637009528,,0,,0,0,1,0,1,87,1544.3935683808281,72.0,25.4,L,0.4,0.2,0.2,0.6232275695689833,0.641663921010055,0.40253234801621895,0.022572899871498155,,0,,0,0,0,14,0,142,Corentin Moutet,1,16.688760022255792,19.0,3.0,0.15000000000000002,-0.06399619111391086,0,1,0,0
2024-5014-347,2024-10-02,Hard,M,R32,3,2024,Aleksandar Vukic,1601.0648705830135,91.0,28.4,R,0.6,0.6,0.2777777777777778,0.5739787372655588,0.7785111018731795,0.521092702517121,0.15449496639301352,0.0,1,0.0,0,0,2,0,2,88,1726.7014275818374,33.0,23.9,R,0.55,0.8,0.6,0.5837191257387695,0.736729692681439,0.5283598749355872,0.08899152901723928,1.0,1,1.0,4,11,1,0,1,67,Tomas Machac,0,-125.63655699882383,58.0,4.5,0.04999999999999993,-0.009740388473210682,-4,1,0,0
2024-9410-382,2024-10-14,Hard,A,QF,3,2024,Aleksandar Vukic,1615.979704065766,85.0,28.5,R,0.6,0.8,0.3333333333333333,0.5763876857381782,0.7682958617942176,0.5054552386793179,0.15383605548388604,,0,,0,0,1,0,1,90,1741.1330792737122,15.0,26.7,R,0.65,0.4,0.5384615384615384,0.6063818786682218,0.7655665331441215,0.5610809201838074,0.09699438966005561,,0,,0,0,0,12,1,372,Frances Tiafoe,1,-125.15337520794606,70.0,1.8000000000000007,-0.050000000000000044,-0.029994192930043573,0,1,0,0
2024-9410-369,2024-10-14,Hard,A,R32,3,2024,Aleksandar Vukic,1590.6109878071404,85.0,28.5,R,0.55,0.6,0.3333333333333333,0.5709417654345729,0.7877216281889691,0.4988842657925553,0.15454966350774074,,0,,0,0,2,0,2,91,1522.1774493339703,63.0,32.7,R,0.45,0.2,0.4166666666666667,0.5947677746749502,0.7502426833774883,0.5772802860397737,0.0682725729929142,,0,,0,0,0,12,0,125,James Duckworth,1,68.43353847317007,22.0,-4.200000000000003,0.10000000000000003,-0.023826009240377366,0,2,0,0
2024-9410-384,2024-10-14,Hard,A,SF,3,2024,Aleksandar Vukic,1637.5062341037399,85.0,28.5,R,0.6,0.8,0.3333333333333333,0.5928784028841556,0.7629283569586277,0.5204552386793178,0.15494635763168363,1.0,2,0.5,0,0,3,0,3,92,1664.1468047923286,26.0,28.3,R,0.4,0.6,0.5526315789473685,0.6179111721535894,0.7404029807986506,0.5209474451403155,0.08779209963316847,1.0,2,0.5,0,0,0,12,0,440,Karen Khachanov,0,-26.640570688588696,59.0,0.1999999999999993,0.19999999999999996,-0.025032769269433763,0,3,0,0
2025-143546-3,2024-12-30,Hard,A,R16,3,2025,Aleksandar Vukic,1622.730678965422,89.0,28.7,R,0.55,0.6,0.43478260869565216,0.6125367979856703,0.7581345999909578,0.5177140106091423,0.15560163746840078,0.0,1,0.0,0,0,0,77,0,93,1844.2436339553515,44.0,33.6,R,0.7,0.6,0.7555555555555555,0.6253349888344253,0.7869237253777828,0.5170765238834293,0.10586512631312431,1.0,1,1.0,0,0,0,63,1,451,Grigor Dimitrov,0,-221.51295498992954,45.0,-4.900000000000002,-0.1499999999999999,-0.012798190848754998,0,0,0,0
2025-143683-5,2025-01-06,Hard,A,R32,3,2025,Aleksandar Vukic,1615.7425137535563,89.0,28.8,R,0.55,0.6,0.43478260869565216,0.6203833542193233,0.7619224787788366,0.5188251217202533,0.14622936196709302,,0,,1,2,0,7,0,94,1648.4033339504228,38.0,31.5,R,0.5,0.4,0.5,0.6139457146565644,0.7642887510804051,0.4779315234865876,0.07081249935066974,,0,,0,0,0,70,0,219,Marcos Giron,0,-32.66082019686655,51.0,-2.6999999999999993,0.050000000000000044,0.00643763956275889,1,0,0,0
2025-143923-104,2025-01-06,Hard,G,R32,5,2025,Aleksandar Vukic,1601.242185168655,89.0,28.8,R,0.5,0.4,0.43478260869565216,0.6369145519243197,0.7439019372288832,0.4976265528472659,0.13287770048012196,,0,,1,2,1,0,1,96,1893.8994469381553,9.0,23.1,L,0.8,0.8,0.7352941176470589,0.6381919966815289,0.8130334206789831,0.4992219679633868,0.15639479255586491,,0,,0,0,0,70,2,117,Jack Draper,0,-292.65726176950034,80.0,5.699999999999999,-0.30000000000000004,-0.0012774447572092562,1,1,1,1
2025-143923-73,2025-01-06,Hard,G,R64,5,2025,Aleksandar Vukic,1607.9130730489487,89.0,28.8,R,0.5,0.2,0.43478260869565216,0.640175618151986,0.760821313675114,0.49030416509009545,0.1361694841497666,1.0,1,1.0,1,2,2,0,0,97,1792.7061965613343,16.0,24.5,R,0.7,0.8,0.64,0.6043331750795311,0.7269951839229487,0.46210433755489316,0.07739540505308669,0.0,1,0.0,0,0,0,0,2,200,Sebastian Korda,1,-184.7931235123856,73.0,4.300000000000001,-0.19999999999999996,0.03584244307245488,1,2,1,1
2025-144949-8,2025-02-03,Hard,A,R32,3,2025,Aleksandar Vukic,1631.7021106409366,89.0,28.8,R,0.5,0.4,0.48,0.6307816787580466,0.7463476294645874,0.48848598327191367,0.13477554475582718,,0,,0,0,0,28,1,98,1752.785705272797,5.0,22.3,L,0.65,0.6,0.6521739130434783,0.6755011303630981,0.7468001508855893,0.5813318849188414,0.08370870594587948,,0,,0,0,0,28,3,126,Ben Shelton,0,-121.08359463186048,84.0,6.5,-0.15000000000000002,-0.04471945160505153,0,0,0,0
2025-145482-6,2025-02-10,Hard,A,R32,3,2025,Aleksandar Vukic,1621.0629179314683,89.0,28.9,R,0.5,0.4,0.46153846153846156,0.6483566940672933,0.7419358647587051,0.4863354456375051,0.13079514059171207,2.0,2,1.0,1,2,0,7,0,99,1620.724164010474,171.0,29.4,L,0.55,0.4,0.52,0.6392024045971045,0.6679535173435346,0.5134397700528431,0.03649966469418366,0.0,2,0.0,3,7,0,7,1,258,Yoshihito Nishioka,0,0.33875392099434976,-82.0,-0.5,-0.050000000000000044,0.009154289470188814,-2,0,0,0
2025-147936-1,2025-03-17,Hard,M,R128,3,2025,Aleksandar Vukic,1562.1700519542303,89.0,29.0,R,0.4,0.2,0.4166666666666667,0.6257154435372306,0.7180302588679826,0.4623385834226795,0.11861804587322766,,0,,0,0,0,14,0,102,1611.4082697618999,139.0,34.3,R,0.55,0.6,0.5862068965517241,0.538892621861841,0.6479230793361228,0.49571054622883903,0.0559658153918236,,0,,0,0,0,14,1,404,David Goffin,0,-49.23821780766957,-50.0,-5.299999999999997,-0.15000000000000002,0.08682282167538968,0,0,0,0
2025-148713-3,2025-03-31,Clay,A,R32,3,2025,Aleksandar Vukic,1548.42249626642,89.0,29.0,R,0.4,0.0,0.36363636363636365,0.5766328734035076,0.7019735198521445,0.44431397719600296,0.11166331835775248,,0,,0,0,0,14,0,103,1360.3272227612385,132.0,31.8,R,0.2,0.0,0.0,0.7047123763424011,0.6271026461388514,0.4541723335153945,0.023652199563786863,,0,,0,0,0,42,0,75,Hugo Dellien,0,188.09527350518147,-43.0,-2.8000000000000007,0.2,-0.12807950293889359,0,0,0,0
2025-150259-17,2025-04-21,Clay,M,R128,3,2025,Aleksandar Vukic,1524.5179656777705,89.0,29.0,R,0.4,0.0,0.2857142857142857,0.5769627084859664,0.7037536450477626,0.42840488628691203,0.11438932022168535,,0,,0,0,0,21,0,104,1655.6795703151777,205.0,35.3,R,0.45,0.4,0.5,0.7092544683596084,0.5873086873371356,0.39999065571646214,0.04093085603035539,,0,,0,0,0,21,1,297,Kei Nishikori,0,-131.1616046374072,-116.0,-6.299999999999997,-0.04999999999999999,-0.13229175987364195,0,0,0,0
2025-151304-54,2025-05-05,Clay,M,R64,3,2025,Aleksandar Vukic,1529.6291467061603,89.0,29.1,R,0.4,0.2,0.2857142857142857,0.5790292482804895,0.70310047468871,0.43702557594208447,0.11129172630848468,2.0,2,1.0,0,0,1,0,1,106,1730.2443223021712,16.0,24.8,R,0.5,0.4,0.5,0.5937898226244783,0.7059449734987364,0.5529488158899923,0.0839267788310297,0.0,2,0.0,0,0,0,14,1,213,Sebastian Korda,0,-200.61517559601089,73.0,4.300000000000001,-0.09999999999999998,-0.014760574343988808,0,1,0,0
2025-152849-33,2025-05-19,Clay,G,R128,5,2025,Aleksandar Vukic,1521.9617137169066,89.0,29.1,R,0.35,0.2,0.2857142857142857,0.5697175073898012,0.7105607921490276,0.46321605213256073,0.10066342331376947,1.0,3,0.3333333333333333,0,0,0,14,0,107,1722.7841610688301,15.0,29.0,R,0.5,0.6,0.5714285714285714,0.6337252864995649,0.6720566534081209,0.5181934882698889,0.04101527375491549,2.0,3,0.6666666666666666,2,5,0,7,0,478,Karen Khachanov,0,-200.82244735192353,74.0,0.10000000000000142,-0.15000000000000002,-0.06400777910976374,-2,0,1,1
2025-154056-1,2025-06-09,Grass,A,R32,3,2025,Aleksandar Vukic,1514.3012349536803,89.0,29.2,R,0.3,0.2,0.6666666666666666,0.621058537825214,0.7704323037605363,0.560278828929691,0.09129087429416163,,0,,0,0,0,21,0,108,1608.2055227353546,36.0,23.7,R,0.45,0.4,0.0,0.5255800950517193,0.688259109311741,0.40714285714285714,0.050746808454648316,,0,,0,0,0,21,0,37,Gabriel Diallo,0,-93.90428778167438,53.0,5.5,-0.15000000000000002,0.09547844277349471,0,0,0,0
2025-154669-8,2025-06-16,Grass,A,R32,3,2025,Aleksandar Vukic,1502.5233748578235,89.0,29.2,R,0.3,0.2,0.6,0.6084913335241388,0.7818906370938696,0.5448847402597402,0.09509522212024858,,0,,1,2,0,7,0,109,1669.8172209416969,55.0,25.9,R,0.5,0.6,0.4,0.6781810500514254,0.7383879631555991,0.4705184199685479,0.08556149358216465,,0,,1,3,0,7,0,215,Alexei Popyrin,0,-167.2938460838734,34.0,3.3000000000000007,-0.2,-0.06968971652728662,0,0,0,0
2025-155450-6,2025-06-23,Grass,A,R32,3,2025,Aleksandar Vukic,1493.6826135730016,89.0,29.2,R,0.25,0.2,0.5454545454545454,0.5996256858974292,0.7762395314427639,0.5271542438058396,0.08823229996023413,1.0,1,1.0,1,3,0,7,0,110,1420.7522272842523,79.0,33.4,R,0.15,0.0,0.0,0.5883284683037995,0.7236515622065361,0.5351275493408887,0.0741686754217344,0.0,1,0.0,0,0,1,0,0,136,James Duckworth,0,72.93038628874933,10.0,-4.199999999999999,0.1,0.011297217593629671,1,-1,0,0
2025-155924-94,2025-06-30,Grass,G,R64,5,2025,Aleksandar Vukic,1490.459699629001,89.0,29.2,R,0.2,0.2,0.375,0.5980333603988536,0.749573353253663,0.5120470459189805,0.08001663388611217,0.0,2,0.0,1,3,1,0,1,112,2176.814816193295,1.0,23.9,R,0.85,1.0,0.7142857142857143,0.6429486296344663,0.8034096099475716,0.5837994497677762,0.08761335067652834,2.0,2,1.0,0,0,0,14,1,343,Jannik Sinner,0,-686.3551165642939,88.0,5.300000000000001,-0.6499999999999999,-0.04491526923561273,1,1,1,1
2025-157365-2,2025-07-14,Hard,A,R32,3,2025,Aleksandar Vukic,1489.8557684096304,89.0,29.3,R,0.2,0.2,0.4166666666666667,0.6222684232677804,0.7250607861575291,0.4554964781595216,0.0794372133066916,,0,,0,0,0,14,0,113,1452.321909800902,109.0,23.6,R,0.25,0.4,,0.6357387487069697,0.7093558808947689,0.4331362782975686,0.08532153721196792,,0,,0,0,0,56,0,20,Emilio Nava,0,37.53385860872845,-20.0,5.699999999999999,-0.04999999999999999,-0.013470325439189246,0,0,0,0
2025-158037-11,2025-07-21,Hard,A,R64,3,2025,Aleksandar Vukic,1472.1339633751725,89.0,29.3,R,0.2,0.2,0.4,0.6194756304749877,0.7251944759971014,0.44780417046721394,0.0766211213526686,,0,,1,2,0,7,0,114,1557.166503112844,53.0,22.0,R,0.3,0.2,0.48,0.6495099888074436,0.7610385923600209,0.5165507060656314,0.11098815264353709,,0,,0,0,0,21,0,54,Giovanni Mpetshi Perricard,1,-85.03253973767164,36.0,7.300000000000001,-0.09999999999999998,-0.030034358332455935,1,0,0,0
2025-158037-28,2025-07-21,Hard,A,R32,3,2025,Aleksandar Vukic,1491.9734991133078,89.0,29.3,R,0.25,0.4,0.4,0.6102275751595165,0.7225655077431331,0.4531887858518293,0.08402782356135104,0.0,2,0.0,1,2,1,0,1,115,1883.4681063402684,7.0,27.7,R,0.7,0.8,0.6410256410256411,0.6720170268343156,0.7977072776530281,0.5231400272719059,0.1747264212333161,2.0,2,1.0,0,0,1,0,0,495,Taylor Fritz,0,-391.4946072269606,82.0,1.6000000000000014,-0.44999999999999996,-0.0617894516747991,1,0,0,0
2025-158960-51,2025-07-21,Hard,M,R64,3,2025,Aleksandar Vukic,1505.6225962655567,89.0,29.3,R,0.25,0.4,0.4,0.60845289718198,0.7040047644803108,0.4480636211614472,0.08995090048442796,,0,,1,2,0,0,0,116,1710.584283441261,21.0,29.9,L,0.65,0.8,0.47619047619047616,0.615214537682981,0.6821400009635303,0.45636528326745723,0.056981294809853554,,0,,0,0,0,0,1,380,Cameron Norrie,1,-204.96168717570436,68.0,-0.5999999999999979,-0.4,-0.006761640501000921,1,0,0,0
2025-158960-76,2025-07-21,Hard,M,R32,3,2025,Aleksandar Vukic,1530.100087721197,89.0,29.3,R,0.25,0.6,0.4,0.6031195638486467,0.7024439659322164,0.43988180297962903,0.09199011617070245,1.0,1,1.0,1,2,1,0,1,117,1672.4500735328543,19.0,27.5,R,0.55,0.6,0.5405405405405406,0.559706997087013,0.7281409707050265,0.48982238722010163,0.11074621907677784,0.0,1,0.0,0,0,0,0,1,412,Frances Tiafoe,0,-142.34998581165723,70.0,1.8000000000000007,-0.30000000000000004,0.04341256676163374,1,1,0,0
2025-158960-21,2025-07-21,Hard,M,R128,3,2025,Aleksandar Vukic,1488.9323050597777,89.0,29.3,R,0.25,0.4,0.4,0.6084681643575525,0.7100392472389314,0.4526090757069018,0.09364320817673563,0.0,2,0.0,1,2,2,0,0,118,1503.9310986923513,133.0,28.3,R,0.3,0.4,0.2857142857142857,0.6963351540598477,0.6630267357816751,0.45778203112602095,0.0016129032258064516,2.0,2,1.0,0,0,0,0,0,185,Pedro Martinez,1,-14.998793632573552,-44.0,1.0,-0.04999999999999999,-0.08786698970229523,1,2,0,0
2025-159600-32,2025-08-04,Hard,M,R128,3,2025,Aleksandar Vukic,1520.3117945568881,89.0,29.3,R,0.25,0.6,0.4482758620689655,0.5872065203703859,0.700821247879478,0.4565484696462957,0.08349011617070246,,0,,0,0,0,14,1,119,1468.07133862896,116.0,20.3,R,0.3125,0.2,0.4166666666666667,0.6291373499068798,0.6537439284380399,0.4848251301850266,0.031416520927366166,,0,,0,0,0,21,1,16,Nishesh Basavareddy,0,52.240455927928224,-27.0,9.0,-0.0625,-0.04193082953649385,0,0,0,0
2025-161362-33,2025-08-18,Hard,G,R128,5,2025,Aleksandar Vukic,1485.8353975672203,89.0,29.4,R,0.25,0.4,0.41935483870967744,0.5817766279631416,0.6988295961203845,0.4302797202797203,0.09772945981863665,,0,,1,2,0,7,0,121,1689.1200821891168,57.0,24.8,R,0.65,0.4,0.36363636363636365,0.6176608278746645,0.6698901833007074,0.4853820802669907,0.044274259669493034,,0,,0,0,0,14,0,102,Jenson Brooksby,0,-203.28468462189653,32.0,4.599999999999998,-0.4,-0.03588419991152292,1,0,1,1
2025-163630-19,2025-09-15,Hard,A,R16,3,2025,Aleksandar Vukic,1496.4934247633942,89.0,29.5,R,0.3,0.2,0.39285714285714285,0.5746250652570077,0.6878940976987843,0.4495163990938639,0.10005388802597148,2.0,3,0.6666666666666666,0,0,0,28,0,122,1798.4301233981867,10.0,28.3,R,0.9,0.8,0.36363636363636365,0.650355256895837,0.7465568321840239,0.42814929312527894,0.14751717178560167,1.0,3,0.3333333333333333,0,0,0,28,3,314,Alexander Bublik,0,-301.9366986347925,79.0,1.1999999999999993,-0.6000000000000001,-0.07573019163882921,0,0,0,0
2025-163630-12,2025-09-15,Hard,A,R32,3,2025,Aleksandar Vukic,1478.2571989524197,89.0,29.5,R,0.25,0.2,0.39285714285714285,0.5826519781031976,0.6985807514705444,0.4256702452477101,0.09984999553292237,0.0,1,0.0,0,0,1,0,0,123,1527.1361678895946,139.0,34.8,R,0.4,0.2,0.46153846153846156,0.5241741110599728,0.6605369608085716,0.4475388236726273,0.05866723189485286,1.0,1,1.0,0,0,0,28,1,420,David Goffin,1,-48.87896893717493,-50.0,-5.299999999999997,-0.15000000000000002,0.058477867043224774,0,1,0,0
2025-163876-27,2025-09-22,Hard,A,QF,3,2025,Aleksandar Vukic,1525.6199607652993,89.0,29.5,R,0.35,0.6,0.39285714285714285,0.5608447782657114,0.7214930208746118,0.5105420401195049,0.10061587344116792,1.0,1,1.0,2,6,0,7,1,124,1765.5559662342582,14.0,26.8,R,0.7,0.6,0.4666666666666667,0.683529087871193,0.6969038160634546,0.5399480641402838,0.09392509370857138,0.0,1,0.0,0,0,0,35,1,404,Casper Ruud,0,-239.9360054689589,75.0,2.6999999999999993,-0.35,-0.1226843096054816,2,0,0,0
2025-163876-10,2025-09-22,Hard,A,R32,3,2025,Aleksandar Vukic,1491.7076315091936,89.0,29.5,R,0.3,0.2,0.39285714285714285,0.5739217013426346,0.6910763542079452,0.4655420401195049,0.10623125805655251,1.0,1,1.0,2,6,1,0,0,125,1518.2742331983306,84.0,33.4,R,0.35,0.2,0.25,0.6609541135801863,0.5809673099690035,0.5199485930735931,0.021734869542891583,0.0,1,0.0,1,2,0,7,0,36,Damir Džumhur,1,-26.566601689137087,5.0,-3.8999999999999986,-0.04999999999999999,-0.08703241223755165,1,1,0,0
2025-163876-17,2025-09-22,Hard,A,R16,3,2025,Aleksandar Vukic,1508.9286898670296,89.0,29.5,R,0.35,0.4,0.39285714285714285,0.5623832398041732,0.7104513542079453,0.48054204011950485,0.10392356574886022,1.0,1,1.0,2,6,2,0,1,126,1523.948796979611,55.0,27.0,R,0.4,0.4,0.4230769230769231,0.6136596063231795,0.7295510738013634,0.4696015804695863,0.0841152198619339,0.0,1,0.0,0,0,0,35,2,158,Daniel Altmaier,1,-15.0201071125814,34.0,2.5,-0.050000000000000044,-0.051276366519006356,2,2,0,0
2025-164569-63,2025-09-29,Hard,M,R64,3,2025,Aleksandar Vukic,1519.193748786364,89.0,29.5,R,0.35,0.6,0.41935483870967744,0.5592550346759678,0.7207093218150507,0.5076008636489167,0.10687228369757817,,0,,3,7,0,7,2,127,1610.4355623206818,49.0,28.6,R,0.45,0.6,0.42857142857142855,0.5891648514187654,0.6733816841378755,0.4710546670510373,0.047720472860073755,,0,,2,5,0,7,1,131,Nuno Borges,0,-91.24181353431777,40.0,0.8999999999999986,-0.10000000000000003,-0.02990981674279758,1,0,0,0
2025-165803-17,2025-10-13,Hard,A,R16,3,2025,Aleksandar Vukic,1507.3015863200555,89.0,29.5,R,0.35,0.4,0.3793103448275862,0.5599217013426345,0.722198350028217,0.5092137668747231,0.1162056170309115,,0,,0,0,0,14,0,128,1589.2133447112933,30.0,21.1,R,0.5,0.2,0.5135135135135135,0.6510651661841497,0.6908651947945978,0.5076136460746747,0.05487119569036121,,0,,0,0,0,14,0,120,Alex Michelsen,0,-81.91175839123775,59.0,8.399999999999999,-0.15000000000000002,-0.09114346484151514,0,0,0,0
2025-140742-28,2025-10-27,Hard,M,R32,3,2025,Aleksandar Vukic,1508.2189100800388,89.0,29.6,R,0.4,0.4,0.3333333333333333,0.5640024088958009,0.7227536220750688,0.5044884921494484,0.11236089371398361,0.0,3,0.0,0,0,0,14,1,130,1850.661901534136,7.0,28.0,R,0.7,0.6,0.6739130434782609,0.6393123662052533,0.7888814585551028,0.46772350091846715,0.14841832884888637,3.0,3,1.0,2,5,0,7,1,519,Taylor Fritz,0,-342.4429914540972,82.0,1.6000000000000014,-0.29999999999999993,-0.07530995730945245,-2,0,0,0
2025-140742-7,2025-10-27,Hard,M,R64,3,2025,Aleksandar Vukic,1504.3067954996275,89.0,29.6,R,0.4,0.2,0.3333333333333333,0.5773245939571165,0.7234338941839124,0.503124855785812,0.1071212058656001,,0,,0,0,1,0,0,131,1535.7144253382626,47.0,23.8,L,0.4,0.2,0.5454545454545454,0.6266661256033922,0.7508970294143872,0.4625266955266955,0.12222626303310687,,0,,0,0,0,28,0,27,Terence Atmane,1,-31.407629838635103,42.0,5.800000000000001,0.0,-0.04934153164627564,0,1,0,0
2025-167302-12,2025-10-27,Hard,A,R32,3,2025,Aleksandar Vukic,1521.7492432762076,89.0,29.6,R,0.4,0.4,0.3333333333333333,0.580003165385688,0.7150620491785799,0.5254376801001188,0.10369858681798105,1.0,1,1.0,0,0,0,0,1,132,1697.90325774275,30.0,26.5,L,0.55,0.6,0.5757575757575758,0.6338378920001424,0.7010940783590016,0.5501561220311221,0.043658397026488285,0.0,1,0.0,3,6,0,0,1,202,Corentin Moutet,1,-176.15401446654232,59.0,3.1000000000000014,-0.15000000000000002,-0.05383472661445443,-3,0,0,0
2025-167302-20,2025-10-27,Hard,A,R16,3,2025,Aleksandar Vukic,1545.2310646371118,89.0,29.6,R,0.45,0.6,0.3333333333333333,0.5894911171929169,0.7248672439837747,0.533496288158727,0.10602216685240447,,0,,0,0,1,0,2,133,1712.8721588506166,54.0,29.6,R,0.5,0.6,0.52,0.6450838375689563,0.7352366035583057,0.5155441381230855,0.1396048255457149,,0,,3,7,0,7,2,301,Matteo Berrettini,0,-167.64109421350486,35.0,0.0,-0.04999999999999999,-0.05559272037603935,-3,1,0,0
2025-148711-1,2025-03-31,Clay,A,R32,3,2025,Alexander Ritschard,1476.9639822137074,277.0,31.0,R,0.3,0.2,0.0,0.5907731558247024,0.7024935958746062,0.4549446108496172,0.054224092785773045,,0,,0,0,0,364,0,10,1621.4775457760722,85.0,28.8,R,0.5,0.4,0.6363636363636364,0.6394561112901901,0.6844592630551732,0.5493587055038789,0.0640996680323768,,0,,0,0,0,35,0,214,Cristian Garin,0,-144.51356356236488,192.0,2.1999999999999993,-0.2,-0.04868295546548773,0,0,0,0
2023-0416-255,2023-05-08,Clay,M,R64,3,2023,Alexander Shevchenko,1513.5637986214172,93.0,22.4,R,0.3333333333333333,0.6,0.5,0.5180747358654335,0.6540166473093302,0.5450759369570088,0.05471498973998484,,0,,0,0,1,0,0,10,1584.075999950042,40.0,22.3,R,0.55,0.4,0.59375,0.7070033770170461,0.6500161143945871,0.5972272187151377,0.017436197781234102,,0,,0,0,0,14,0,80,Sebastian Baez,1,-70.51220132862477,53.0,0.09999999999999787,-0.21666666666666673,-0.18892864115161256,0,1,0,0
2023-520-166,2023-05-29,Clay,G,R64,5,2023,Alexander Shevchenko,1545.9113434297865,87.0,22.4,R,0.4166666666666667,0.6,0.5,0.5248721527885123,0.6637888759839979,0.5308119253469369,0.054652931705950335,,0,,0,0,0,21,1,11,1692.2908465588448,18.0,21.2,R,0.5,0.6,0.6,0.6649169703818788,0.6537649985804712,0.49582107843137263,0.03288192237380782,,0,,0,0,0,21,0,129,Lorenzo Musetti,0,-146.37950312905832,69.0,1.1999999999999993,-0.08333333333333331,-0.1400448175933665,0,0,1,1
2023-520-105,2023-05-29,Clay,G,R128,5,2023,Alexander Shevchenko,1530.194268809385,87.0,22.4,R,0.36363636363636365,0.6,0.5,0.5266125587483903,0.6592624854819976,0.5374619234779906,0.05751974647374891,,0,,0,0,1,0,0,12,1524.0499817944012,120.0,29.8,R,0.3,0.4,0.5,0.5768220341585897,0.7706021627535429,0.5181273991354696,0.11633086248546776,,0,,0,0,0,35,1,72,Oscar Otte,1,6.1442870149837745,-33.0,-7.400000000000002,0.06363636363636366,-0.05020947541019938,0,1,1,1
2023-0316-293,2023-07-17,Clay,A,R16,3,2023,Alexander Shevchenko,1538.1964741188033,96.0,22.6,R,0.4,0.4,0.5,0.547282562407286,0.6630572228891557,0.5202122708820165,0.041256668411232364,,0,,0,0,0,14,0,14,1778.318078304427,4.0,24.5,R,0.65,0.6,0.7777777777777778,0.6203464007231918,0.703132029478985,0.5745274126923166,0.04904693132175593,,0,,0,0,0,14,0,270,Casper Ruud,0,-240.1216041856237,92.0,-1.8999999999999986,-0.25,-0.0730638383159058,0,0,0,0
2023-0316-284,2023-07-17,Clay,A,R32,3,2023,Alexander Shevchenko,1525.088362793017,96.0,22.6,R,0.35714285714285715,0.4,0.5,0.5360213011460248,0.6525120292019246,0.5098735899551003,0.05128858815587441,,0,,0,0,1,0,0,15,1461.5942601662778,100.0,21.6,L,0.25,0.2,0.2857142857142857,0.6387024921445529,0.601862036051809,0.4730569780045042,0.04160398197580462,,0,,0,0,0,14,0,28,Juan Manuel Cerundolo,1,63.49410262673928,-4.0,1.0,0.10714285714285715,-0.10268119099852813,0,1,0,0
2023-0439-271,2023-07-24,Clay,A,R32,3,2023,Alexander Shevchenko,1531.7757473334386,93.0,22.6,R,0.375,0.4,0.5,0.5569231543734594,0.6297238895558224,0.504422797197806,0.044893032047596,,0,,2,4,0,7,1,16,1513.357406608105,96.0,30.8,R,0.5,0.0,0.5789473684210527,0.5974623846743112,0.6365063607183454,0.5025481268877555,0.04067011433258298,,0,,1,2,0,7,0,187,Marco Cecchinato,0,18.418340725333564,-3.0,-8.2,-0.125,-0.040539230300851825,1,0,0,0
2023-0418-287,2023-07-31,Hard,A,R16,3,2023,Alexander Shevchenko,1555.2977819302444,93.0,22.6,R,0.42105263157894735,0.6,0.0,0.5640442553928413,0.6543885354411672,0.4918817204301075,0.03473378553540832,,0,,1,3,0,7,0,17,1554.8046735026112,30.0,33.1,R,0.35,0.2,0.5,0.597442303056064,0.7037625644958545,0.494505326251016,0.04580702097067076,,0,,1,3,0,7,0,230,Daniel Evans,0,0.4931084276331603,63.0,-10.5,0.07105263157894737,-0.03339804766322274,0,0,0,0
2023-0418-244,2023-07-31,Hard,A,R64,3,2023,Alexander Shevchenko,1514.9283450666128,93.0,22.6,R,0.35294117647058826,0.2,0.0,0.6096805965949065,0.621001221001221,0.4888888888888889,0.03695652411108806,,0,,1,3,1,0,0,18,1483.9567318255963,96.0,26.2,R,0.2,0.2,0.4411764705882353,0.5807832520981903,0.8069466040953193,0.5468239610214001,0.1437147436871175,,0,,2,4,0,7,0,94,Maxime Cressy,1,30.971613241016485,-3.0,-3.599999999999998,0.15294117647058825,0.028897344496716215,-1,1,0,0
2023-0418-273,2023-07-31,Hard,A,R32,3,2023,Alexander Shevchenko,1529.505815643675,93.0,22.6,R,0.3888888888888889,0.4,0.0,0.5790553192410516,0.6433824946982842,0.4979166666666667,0.032694569849133805,,0,,1,3,2,0,1,19,1776.917969925459,26.0,23.0,R,0.6,0.6,0.7272727272727273,0.6196127862178062,0.7516747724950185,0.5458578196166449,0.11280380261113263,,0,,0,0,0,28,0,127,Sebastian Korda,1,-247.41215428178384,67.0,-0.3999999999999986,-0.21111111111111108,-0.040557466976754664,1,2,0,0
2023-0422-243,2023-08-14,Hard,M,R64,3,2023,Alexander Shevchenko,1539.275073463198,88.0,22.7,R,0.4,0.4,0.3333333333333333,0.5533702128273678,0.6629708383578353,0.4736269238878347,0.036506549435488894,,0,,0,0,0,14,2,20,1612.3654400174835,39.0,28.2,R,0.45,0.4,0.46875,0.6749421509693065,0.7626514717927233,0.5663678894205211,0.08807150224649583,,0,,1,2,0,7,0,223,Lorenzo Sonego,0,-73.09036655428554,49.0,-5.5,-0.04999999999999999,-0.12157193814193878,-1,0,0,0
2023-560-107,2023-08-28,Hard,G,R128,5,2023,Alexander Shevchenko,1526.5922185323288,83.0,22.7,R,0.4,0.4,0.2857142857142857,0.5556916471612519,0.6603242106559224,0.47739450618957263,0.03233988276882223,,0,,0,0,0,14,0,21,1688.7984337820785,16.0,28.0,L,0.5,0.2,0.6,0.6353528295178499,0.7113639876831725,0.47866628104590025,0.05277663805716874,,0,,0,0,0,14,0,294,Cameron Norrie,0,-162.20621524974968,67.0,-5.300000000000001,-0.09999999999999998,-0.07966118235659803,0,0,1,1
2023-9410-279,2023-09-25,Hard,A,R32,3,2023,Alexander Shevchenko,1517.5628497457578,85.0,22.8,R,0.4,0.4,0.25,0.5632849857866433,0.6583392398794877,0.4578987643444475,0.03754936182091702,,0,,0,0,0,28,0,22,1563.0927803208365,68.0,27.9,R,0.35,0.2,0.48,0.6276130697558275,0.7097525455102028,0.45086571615657844,0.06320571659698962,,0,,0,0,0,28,0,115,Botic Van De Zandschulp,1,-45.52993057507865,17.0,-5.099999999999998,0.050000000000000044,-0.06432808396918421,0,0,0,0
2023-9410-290,2023-09-25,Hard,A,R16,3,2023,Alexander Shevchenko,1535.6476600475678,85.0,22.8,R,0.45,0.4,0.25,0.5770866540325719,0.6584227586807567,0.4625766794172866,0.04406316052221572,,0,,0,0,1,0,1,23,1464.7371673586006,120.0,20.1,R,0.2727272727272727,0.6,0.0,0.7254901960784313,0.6216216216216216,0.42857142857142855,0.06782187711070517,,0,,0,0,0,56,0,11,Hamad Medjedovic,0,70.91049268896722,-35.0,2.6999999999999993,0.1772727272727273,-0.14840354204585948,0,1,0,0
2023-5014-208,2023-10-02,Hard,M,R128,3,2023,Alexander Shevchenko,1516.426710893485,84.0,22.8,R,0.45,0.2,0.3,0.5882304476457081,0.6592471494793478,0.4742137483176633,0.04966247923628853,,0,,2,4,0,7,0,24,1362.2549810060357,380.0,22.1,R,0.10526315789473684,0.0,0.0,0.6072594521910256,0.6574736925855867,0.4534143933421091,0.027684883185020038,,0,,0,0,1,0,0,20,Chun Hsin Tseng,0,154.17172988744937,-296.0,0.6999999999999993,0.3447368421052632,-0.01902900454531753,2,-1,0,0
2023-7485-279,2023-10-16,Hard,A,R32,3,2023,Alexander Shevchenko,1493.7588501563444,84.0,22.8,R,0.4,0.2,0.3,0.5845658513724162,0.6679789582111565,0.48239556649948145,0.04859805346598041,,0,,0,0,0,14,0,25,1584.9622522472914,89.0,27.3,R,0.45,0.6,0.5909090909090909,0.6230014286638712,0.7817421092421093,0.5061959034145735,0.07631852395548404,,0,,0,0,0,49,1,82,Benjamin Bonzi,1,-91.20340209094707,-5.0,-4.5,-0.04999999999999999,-0.03843557729145497,0,0,0,0
2023-7485-290,2023-10-16,Hard,A,R16,3,2023,Alexander Shevchenko,1513.8650353292765,84.0,22.8,R,0.45,0.4,0.3,0.5810151267347351,0.69167265190485,0.48656223316614805,0.05329502316295011,,0,,0,0,1,0,1,26,1543.3759902428503,69.0,28.0,R,0.45,0.4,0.2222222222222222,0.5740293721201526,0.6827694434316148,0.4644738635911958,0.06484665091437161,,0,,0,0,0,14,0,47,Juan Pablo Varillas,0,-29.51095491357387,15.0,-5.199999999999999,0.0,0.006985754614582507,0,1,0,0
2023-0328-297,2023-10-23,Hard,A,QF,3,2023,Alexander Shevchenko,1548.1905935564573,83.0,22.8,R,0.45,0.6,0.36363636363636365,0.597863106604074,0.6968047245106069,0.479788039617761,0.05841745328538024,,0,,2,6,0,7,0,27,1684.7089965486955,19.0,23.2,R,0.4,0.8,0.5853658536585366,0.6312352965205577,0.7544354475933425,0.45432993748434924,0.09632016066871077,,0,,3,7,0,7,1,282,Felix Auger Aliassime,0,-136.51840299223818,64.0,-0.3999999999999986,0.04999999999999999,-0.03337218991648361,-1,0,0,0
2023-0328-281,2023-10-23,Hard,A,R32,3,2023,Alexander Shevchenko,1499.2208061031913,83.0,22.8,R,0.4,0.4,0.36363636363636365,0.5762603346013021,0.6906986259308241,0.4643563508132069,0.05820955307748001,,0,,2,6,1,0,0,28,1654.5956743127335,45.0,38.5,R,0.55,0.2,0.5555555555555556,0.5428819626510645,0.7665073602193445,0.5343588828752561,0.11215147946594939,,0,,2,4,0,7,0,270,Stan Wawrinka,1,-155.37486820954223,38.0,-15.7,-0.15000000000000002,0.03337837195023763,0,1,0,0
2023-0328-292,2023-10-23,Hard,A,R16,3,2023,Alexander Shevchenko,1521.934384606036,83.0,22.8,R,0.4,0.4,0.36363636363636365,0.5815964399374074,0.6896459943518767,0.4765622331661481,0.05841745328538023,,0,,2,6,2,0,1,29,1785.9477395461797,9.0,25.9,R,0.7,0.6,0.7142857142857143,0.5798777617968595,0.7989243429869336,0.5627302475484274,0.15558345467014706,,0,,2,5,0,7,0,380,Taylor Fritz,1,-264.0133549401437,74.0,-3.099999999999998,-0.29999999999999993,0.0017186781405479357,0,2,0,0
2023-0341-295,2023-11-06,Hard,A,QF,3,2023,Alexander Shevchenko,1564.9543984177278,63.0,22.9,R,0.45,0.8,0.42857142857142855,0.6314901005356139,0.7273435701301556,0.5482987772461456,0.06842452814783488,,0,,0,0,0,14,2,30,1791.9754103024022,15.0,27.4,R,0.65,0.8,0.6470588235294118,0.6391014321819034,0.7711537800698581,0.5213771316402894,0.09054895637553886,,0,,4,9,0,7,0,395,Karen Khachanov,1,-227.0210118846744,48.0,-4.5,-0.2,-0.007611331646289465,-4,0,0,0
2023-0341-298,2023-11-06,Hard,A,SF,3,2023,Alexander Shevchenko,1590.1378722384266,63.0,22.9,R,0.5,0.8,0.42857142857142855,0.6163115291070425,0.7481011458877311,0.5636833926307611,0.06596917100497775,,0,,0,0,3,0,5,33,1557.0703089574451,344.0,32.6,R,0.4,0.6,,0.6190198630701658,0.7507008729389245,0.5168317527221638,0.10073533617975697,,0,,0,0,0,560,0,183,Pierre Hugues Herbert,1,33.0675632809814,-281.0,-9.700000000000003,0.09999999999999998,-0.0027083339631233105,0,3,0,0
2023-0341-300,2023-11-06,Hard,A,F,3,2023,Alexander Shevchenko,1604.6196362153123,63.0,22.9,R,0.55,0.8,0.42857142857142855,0.6135607650059033,0.7634857612723466,0.5507886557886559,0.07133177172740063,,0,,0,0,4,0,6,34,1745.8512515232198,23.0,25.3,L,0.65,0.8,0.625,0.6353113215668782,0.7791036397533829,0.5892089093701998,0.09077415753584475,,0,,2,5,0,7,1,192,Ugo Humbert,0,-141.23161530790753,40.0,-2.400000000000002,-0.09999999999999998,-0.02175055656097491,-2,4,0,0
2024-0339-293,2024-01-01,Hard,A,R16,3,2024,Alexander Shevchenko,1606.428004003042,48.0,23.0,R,0.55,0.8,0.5263157894736842,0.6281628296079679,0.7640035900254696,0.5686012353659413,0.07895248434811326,,0,,0,0,0,56,0,35,1789.5476157781604,8.0,20.6,R,0.5,0.4,0.53125,0.6466846662928056,0.7392720670694961,0.5338720510991588,0.1050411675634267,,0,,0,0,0,49,0,140,Holger Rune,0,-183.11961177511853,40.0,2.3999999999999986,0.050000000000000044,-0.018521836684837756,0,0,0,0
2024-0339-284,2024-01-01,Hard,A,R32,3,2024,Alexander Shevchenko,1594.787548316742,48.0,23.0,R,0.5,0.8,0.5263157894736842,0.6225218039669422,0.7667449027667823,0.5421306471306472,0.07574735614298504,,0,,0,0,1,0,0,36,1497.6683197002812,90.0,19.6,R,0.4,0.4,0.2857142857142857,0.6345166190937075,0.6895270000683054,0.5019540113147363,0.061363405920995796,,0,,0,0,0,35,0,31,Luca Van Assche,1,97.11922861646076,-42.0,3.3999999999999986,0.09999999999999998,-0.011994815126765257,0,1,0,0
2024-8998-289,2024-01-08,Hard,A,R16,3,2024,Alexander Shevchenko,1613.2778166038213,48.0,23.1,R,0.55,0.6,0.5238095238095238,0.6366443880895263,0.7655741341766589,0.5608234575881635,0.0761092565048854,,0,,2,5,0,7,1,37,1530.2202572768215,71.0,29.5,R,0.4,0.4,0.3684210526315789,0.6234920168015678,0.7485616195226285,0.47554639660745435,0.1083170312300866,,0,,1,3,0,7,0,76,Christopher Oconnell,0,83.05755932699981,-23.0,-6.399999999999999,0.15000000000000002,0.013152371287958431,1,0,0,0
2024-8998-277,2024-01-08,Hard,A,R32,3,2024,Alexander Shevchenko,1598.1581000371693,48.0,23.1,R,0.55,0.6,0.5238095238095238,0.6291599806051189,0.7661296897322143,0.5833071177188824,0.0758898062854352,,0,,2,5,1,0,0,38,1579.0236662300183,30.0,24.4,R,0.45,0.4,0.391304347826087,0.679598858882518,0.7229052217086073,0.5452231343535692,0.06455006622556131,,0,,1,3,0,7,0,76,Tomas Martin Etcheverry,1,19.134433807151026,18.0,-1.2999999999999972,0.10000000000000003,-0.050438878277399124,1,1,0,0
2024-580-105,2024-01-15,Hard,G,R128,5,2024,Alexander Shevchenko,1593.5241107080662,48.0,23.1,R,0.5,0.4,0.5217391304347826,0.6373690257706858,0.7466386503056911,0.5508234575881635,0.0786309956353202,,0,,2,5,0,7,1,39,1524.2107302862314,82.0,26.6,R,0.5,0.4,0.16666666666666666,0.6801229840122013,0.691898998034807,0.509386840942818,0.058211597213616365,,0,,0,0,1,0,0,178,Jaume Munar,0,69.31338042183484,-34.0,-3.5,0.0,-0.04275395824151551,2,-1,1,1
2024-0375-287,2024-01-29,Hard,A,R16,3,2024,Alexander Shevchenko,1586.7692733726797,59.0,23.1,R,0.55,0.4,0.5,0.607373129350107,0.728637986625585,0.4905059972707031,0.07723467064552877,,0,,0,0,2,0,1,42,1544.9902370164903,104.0,29.9,R,0.45,0.4,0.4166666666666667,0.6428897149860096,0.7183895020091086,0.5481785731398735,0.06722836490974356,,0,,0,0,0,14,0,90,Gregoire Barrere,1,41.77903635618941,-45.0,-6.799999999999997,0.10000000000000003,-0.03551658563590254,0,2,0,0
2024-0496-284,2024-02-05,Hard,A,R32,3,2024,Alexander Shevchenko,1587.6496274776737,56.0,23.1,R,0.55,0.4,0.5185185185185185,0.5971350341120117,0.6937476357483919,0.4783845397808246,0.06835705995212862,1.0,1,1.0,3,9,0,7,2,43,1496.5799028378588,126.0,27.6,R,0.3,0.0,0.3888888888888889,0.5939328033114434,0.7068117308891065,0.47185074925450704,0.08423438976784961,0.0,1,0.0,1,2,0,7,0,88,Benjamin Bonzi,1,91.06972463981492,-70.0,-4.5,0.25000000000000006,0.003202230800568362,2,0,0,0
2024-0496-293,2024-02-05,Hard,A,R16,3,2024,Alexander Shevchenko,1599.5491934930772,56.0,23.1,R,0.6,0.6,0.5185185185185185,0.5921444503078686,0.6866963536971098,0.49052739692368175,0.06451996014045253,0.0,1,0.0,3,9,1,0,3,44,1843.4232400153917,8.0,26.9,R,0.7,0.8,0.7058823529411765,0.6495128056120854,0.8019326574382755,0.5690043215756699,0.15864203010240432,1.0,1,1.0,0,0,0,21,3,287,Hubert Hurkacz,0,-243.87404652231453,48.0,-3.799999999999997,-0.09999999999999998,-0.0573683553042168,3,1,0,0
2024-0407-295,2024-02-12,Hard,A,QF,3,2024,Alexander Shevchenko,1635.7370517862507,57.0,23.2,R,0.65,0.6,0.5172413793103449,0.5919761113033226,0.677129627654067,0.44103299916457817,0.06869408422836971,,0,,2,4,0,7,0,45,1926.376997971193,13.0,32.7,R,0.85,0.8,0.717391304347826,0.6510077483269577,0.8381600912029368,0.5356785563296229,0.11128729436989175,,0,,4,9,1,0,0,402,Grigor Dimitrov,0,-290.63994618494235,44.0,-9.500000000000004,-0.19999999999999996,-0.05903163702363512,-2,-1,0,0
2024-0407-288,2024-02-12,Hard,A,R16,3,2024,Alexander Shevchenko,1611.4969566282089,57.0,23.2,R,0.6,0.6,0.5172413793103449,0.5831335187107302,0.6685781973436594,0.45769966583124483,0.06582371385799936,0.0,1,0.0,2,4,1,0,0,46,1809.3681265294138,7.0,20.7,R,0.65,0.8,0.5757575757575758,0.6339558418166868,0.7592239762081903,0.5744400617105964,0.12720955096655887,1.0,1,1.0,0,0,0,14,3,149,Holger Rune,1,-197.8711699012049,50.0,2.5,-0.050000000000000044,-0.05082232310595669,2,1,0,0
2024-0407-275,2024-02-12,Hard,A,R32,3,2024,Alexander Shevchenko,1593.2386145881514,57.0,23.2,R,0.6,0.6,0.5172413793103449,0.5872228202138248,0.6737730025384645,0.47167025406653895,0.062419646660828706,,0,,2,4,2,0,1,47,1642.6074962618761,47.0,27.3,R,0.55,0.6,0.5238095238095238,0.6205585573613741,0.71783369180435,0.4909437713899957,0.09437074659370218,,0,,3,7,0,7,0,60,Zhizhen Zhang,1,-49.36888167372467,10.0,-4.100000000000001,0.04999999999999993,-0.03333573714754934,-1,2,0,0
2024-0451-284,2024-02-19,Hard,A,R32,3,2024,Alexander Shevchenko,1630.6805112644174,45.0,23.2,R,0.6,0.6,0.53125,0.5934376497648611,0.6838756594000988,0.45556753369911274,0.07942057995486544,,0,,3,9,0,7,2,48,1449.4555225825486,126.0,37.6,R,0.2,0.0,0.29411764705882354,0.6029988260018261,0.6997246041375843,0.4911805021106205,0.06239780115946257,,0,,0,0,0,14,0,312,Richard Gasquet,0,181.2249886818688,-81.0,-14.400000000000002,0.39999999999999997,-0.009561176236964952,3,0,0,0
2024-0495-285,2024-02-26,Hard,A,R32,3,2024,Alexander Shevchenko,1607.017476209458,47.0,23.2,R,0.55,0.4,0.5151515151515151,0.5883651859967453,0.6932530037361829,0.4694136875452665,0.07869594227370602,0.0,1,0.0,1,2,0,7,0,49,1989.312174363963,4.0,28.0,R,0.65,0.8,0.7843137254901961,0.6360074664855478,0.7693900788296744,0.4655149277191212,0.09246990405091501,1.0,1,1.0,0,0,1,0,2,458,Daniil Medvedev,0,-382.2946981545051,43.0,-4.800000000000001,-0.09999999999999998,-0.04764228048880259,1,-1,0,0
2024-0404-195,2024-03-04,Hard,M,R128,3,2024,Alexander Shevchenko,1603.8273715249466,51.0,23.2,R,0.55,0.4,0.5151515151515151,0.5993077645449576,0.6908572628311253,0.4696994018309809,0.08384994320235484,,0,,1,2,0,7,0,50,1576.2334137193243,49.0,29.8,L,0.55,0.4,0.5789473684210527,0.6138718970976573,0.7203385415138446,0.5351082407712553,0.07072219759941628,,0,,3,8,0,7,1,101,Dominik Koepfer,1,27.593957805622267,2.0,-6.600000000000001,0.0,-0.014564132552699727,-2,0,0,0
2024-0403-223,2024-03-18,Hard,M,R128,3,2024,Alexander Shevchenko,1618.5592879679677,58.0,23.2,R,0.55,0.4,0.5294117647058824,0.6075836266139232,0.6958572628311253,0.47434225897383786,0.08395339147821693,,0,,0,0,0,14,1,51,1427.1157334089069,84.0,27.7,R,0.3,0.2,0.2,0.6316864059723377,0.6769535247492376,0.4440555966407527,0.05825383238681121,,0,,0,0,0,14,0,92,Daniel Elahi Galan,1,191.44355455906089,-26.0,-4.5,0.25000000000000006,-0.02410277935841454,0,0,0,0
2024-0403-262,2024-03-18,Hard,M,R64,3,2024,Alexander Shevchenko,1626.5387531818492,58.0,23.2,R,0.55,0.4,0.5294117647058824,0.6072851191512365,0.6911642803749849,0.45796798996799,0.08554019430618236,0.0,2,0.0,0,0,1,0,2,52,1797.9512575890155,9.0,27.0,R,0.6,0.4,0.673469387755102,0.622499247217057,0.8161643356439988,0.5502275896780541,0.16941614789221857,2.0,2,1.0,0,0,0,14,0,296,Hubert Hurkacz,0,-171.41250440716635,49.0,-3.8000000000000007,-0.04999999999999993,-0.015214128065820454,0,1,0,0
2024-0360-277,2024-04-01,Clay,A,R32,3,2024,Alexander Shevchenko,1617.8488809214198,56.0,23.3,R,0.5,0.4,0.5,0.5751083395586446,0.6514821313140641,0.5211028292747908,0.08797497691487802,,0,,0,0,0,14,0,53,1763.3126799867623,135.0,27.9,R,0.5,0.4,1.0,0.6582210489674463,0.7786885556480716,0.5135121534239182,0.12728250635852684,,0,,0,0,0,14,0,232,Matteo Berrettini,0,-145.46379906534253,-79.0,-4.599999999999998,0.0,-0.08311270940880167,0,0,0,0
2024-0308-273,2024-04-15,Clay,A,R32,3,2024,Alexander Shevchenko,1608.1819453956805,63.0,23.3,R,0.45,0.4,0.46153846153846156,0.5732035776538826,0.6397617012065373,0.4894052165426953,0.08158608802598911,,0,,0,0,0,14,0,54,1551.4598615388502,61.0,32.4,R,0.35,0.4,0.5,0.6394906787427076,0.6128763550014756,0.44100970086730823,0.04359769594213269,,0,,1,2,0,7,0,123,Yannick Hanfmann,0,56.722083856830295,2.0,-9.099999999999998,0.10000000000000003,-0.06628710108882496,-1,0,0,0
2024-1536-175,2024-04-22,Clay,M,R128,3,2024,Alexander Shevchenko,1589.592759828372,59.0,23.3,R,0.45,0.4,0.4166666666666667,0.5873738226652491,0.6232548518914689,0.4688169812485777,0.08295573030765202,,0,,1,3,0,7,0,55,1508.6612791466227,77.0,28.7,R,0.4,0.4,0.46153846153846156,0.5843150671711321,0.7621477928071236,0.5054255970293606,0.11631483351988685,,0,,2,5,0,7,1,115,Arthur Rinderknech,1,80.93148068174924,-18.0,-5.399999999999999,0.04999999999999999,0.003058755494116938,-1,0,0,0
2024-1536-238,2024-04-22,Clay,M,R64,3,2024,Alexander Shevchenko,1601.9317063644132,59.0,23.3,R,0.45,0.4,0.4166666666666667,0.5967488226652491,0.6302723957511178,0.4931005408262548,0.07113820157201983,,0,,1,3,1,0,1,56,2025.50364280022,3.0,20.9,R,0.8,0.8,0.8235294117647058,0.7132173139666602,0.6953641613241168,0.5384010678007062,0.04562770435915729,,0,,0,0,0,35,2,206,Carlos Alcaraz,0,-423.5719364358067,56.0,2.400000000000002,-0.35000000000000003,-0.11646849130141113,1,1,0,0
2024-0416-231,2024-05-06,Clay,M,R128,3,2024,Alexander Shevchenko,1599.3621020104872,60.0,23.4,R,0.45,0.2,0.36363636363636365,0.6069854353676153,0.5971473957511177,0.4674712502084059,0.06363820157201983,,0,,0,0,0,14,0,57,1676.2327374618144,36.0,24.5,R,0.55,0.4,0.5555555555555556,0.6583182405963943,0.6970822453691607,0.5697014844585176,0.0491726556729035,,0,,0,0,0,14,0,40,Fabian Marozsan,1,-76.87063545132719,24.0,-1.1000000000000014,-0.10000000000000003,-0.05133280522877903,0,0,0,0
2024-0416-266,2024-05-06,Clay,M,R64,3,2024,Alexander Shevchenko,1618.8454706929222,60.0,23.4,R,0.45,0.4,0.36363636363636365,0.6067076575898375,0.6135759671796892,0.48250392994696795,0.05308264601646427,1.0,1,1.0,0,0,1,0,1,58,1805.2232621886203,18.0,27.9,R,0.65,0.6,0.6923076923076923,0.6377908559686868,0.7016494717339171,0.5497255361564525,0.07716999140285635,0.0,1,0.0,0,0,1,0,0,422,Karen Khachanov,0,-186.37779149569815,42.0,-4.5,-0.2,-0.03108319837884932,0,0,0,0
2024-0322-277,2024-05-20,Clay,A,R32,3,2024,Alexander Shevchenko,1610.6900665535281,61.0,23.4,R,0.45,0.4,0.36363636363636365,0.6085539435494768,0.6130204116241338,0.48786773591711724,0.05169730927307127,1.0,1,1.0,0,0,0,14,0,59,1656.7493687793794,41.0,24.6,R,0.55,0.2,0.3333333333333333,0.6528312441229618,0.681659735117959,0.5562095968822311,0.036352142852390676,0.0,1,0.0,0,0,0,14,0,41,Fabian Marozsan,1,-46.0593022258513,20.0,-1.2000000000000028,-0.10000000000000003,-0.044277300573485,0,0,0,0
2024-0322-295,2024-05-20,Clay,A,QF,3,2024,Alexander Shevchenko,1628.79883664155,61.0,23.4,R,0.5,0.6,0.36363636363636365,0.6070797420752754,0.6340053273295464,0.5092963073456886,0.05135471315582726,,0,,0,0,1,0,1,60,1621.7602770910091,56.0,22.0,R,0.5,0.6,0.45454545454545453,0.5891898275234445,0.761735195948191,0.5225271852971712,0.07250029159490305,,0,,0,0,0,14,0,40,Flavio Cobolli,0,7.038559550540867,5.0,1.3999999999999986,0.0,0.017889914551830866,0,1,0,0
2024-520-279,2024-05-27,Clay,G,R128,5,2024,Alexander Shevchenko,1612.4747433315445,59.0,23.4,R,0.45,0.4,0.38461538461538464,0.6118416468371801,0.6347406214471933,0.5192227779339239,0.04792614172725583,,0,,2,4,0,7,0,61,1610.244694143675,82.0,30.7,R,0.5,0.2,0.3333333333333333,0.6216961053388459,0.7050219916218843,0.5374330753689801,0.04841850615445899,,0,,1,2,0,7,0,149,Aslan Karatsev,1,2.230049187869554,-23.0,-7.300000000000001,-0.04999999999999999,-0.009854458501665775,1,0,1,1
2024-520-340,2024-05-27,Clay,G,R64,5,2024,Alexander Shevchenko,1628.3720471815134,59.0,23.4,R,0.45,0.6,0.38461538461538464,0.6016666044882248,0.6454147787505642,0.5190765791035147,0.047045452008149496,,0,,2,4,1,0,1,62,1546.1622739468037,79.0,25.1,L,0.4,0.4,0.4666666666666667,0.6901274389455084,0.6641582891582662,0.5049558074558074,0.01802658761178413,,0,,0,0,0,21,1,131,Corentin Moutet,0,82.2097732347097,-20.0,-1.7000000000000028,0.04999999999999999,-0.08846083445728359,2,1,1,1
2024-8994-275,2024-06-24,Grass,A,R32,3,2024,Alexander Shevchenko,1608.655255455465,58.0,23.5,R,0.45,0.4,0.0,0.6883116883116883,0.5849056603773585,0.4166666666666667,0.04467189388924976,,0,,0,0,1,0,0,64,1433.4596063443291,90.0,32.0,R,0.25,0.2,0.25,0.6333147489944349,0.6081018518518518,0.39787389714819565,0.06112612478131445,,0,,0,0,0,28,0,47,Constant Lestienne,1,175.19564911113594,-32.0,-8.5,0.2,0.05499693931725347,0,1,0,0
2024-540-123,2024-07-01,Grass,G,R128,5,2024,Alexander Shevchenko,1602.9467575153724,57.0,23.5,R,0.45,0.4,0.3333333333333333,0.6819368832247935,0.6838273309357831,0.3437570430471039,0.05029297311430338,0.0,1,0.0,2,4,0,7,1,65,1707.5342501294767,16.0,26.0,L,0.5,0.4,0.4444444444444444,0.6090590141032477,0.7105128925834984,0.4954010359509934,0.055963209240076216,1.0,1,1.0,1,3,0,7,0,230,Ugo Humbert,0,-104.58749261410435,41.0,-2.5,-0.04999999999999999,0.07287786912154581,1,0,1,1
2024-0414-289,2024-07-15,Clay,A,R16,3,2024,Alexander Shevchenko,1601.5387049930373,56.0,23.6,R,0.4,0.4,0.38461538461538464,0.6019060407645274,0.6582570709233494,0.5265344780610126,0.06475295942299235,,0,,0,0,0,14,0,66,1621.9972227391434,35.0,22.4,R,0.55,0.6,0.68,0.5896073683760362,0.703244565512545,0.5265886407499311,0.07648383997444275,,0,,0,0,0,14,0,34,Luciano Darderi,0,-20.458517746106054,21.0,1.2000000000000028,-0.15000000000000002,0.012298672388491139,0,0,0,0
2024-0414-276,2024-07-15,Clay,A,R32,3,2024,Alexander Shevchenko,1591.6227923680513,56.0,23.6,R,0.4,0.4,0.38461538461538464,0.596583460119366,0.6400586533944389,0.5179137884058401,0.05400027125094934,,0,,0,0,1,0,0,67,1452.5240861844215,197.0,23.7,R,0.29411764705882354,0.2,0.3333333333333333,0.5840998087769772,0.689174771023759,0.48254666172981003,0.07672795983765646,,0,,0,0,0,91,0,17,Rudolf Molleker,1,139.0987061836297,-141.0,-0.09999999999999787,0.10588235294117648,0.012483651342388824,0,1,0,0
2024-0439-283,2024-07-22,Clay,A,R32,3,2024,Alexander Shevchenko,1586.479767135039,58.0,23.6,R,0.4,0.4,0.38461538461538464,0.5856817416991069,0.6461741766486743,0.5265344780610126,0.06164184831188124,2.0,2,1.0,2,6,0,7,1,68,1594.1280500708551,49.0,24.7,R,0.4,0.2,0.3,0.6632624972967504,0.6396593203187326,0.5305785397673031,0.07466793410551226,0.0,2,0.0,1,2,0,7,0,50,Fabian Marozsan,0,-7.648282935816042,9.0,-1.0999999999999979,0.0,-0.07758075559764344,1,0,0,0
2024-0096-127,2024-07-29,Clay,O,R64,3,2024,Alexander Shevchenko,1570.831926697408,56.0,23.6,R,0.4,0.2,0.38461538461538464,0.5879889846897611,0.6376414812738737,0.513776504327429,0.060033821923755906,,0,,1,3,0,7,0,69,1630.4800353479948,65.0,18.9,R,0.6,0.6,0.7142857142857143,0.546191541845295,0.6984008095789961,0.46157243281002486,0.10132764970649097,,0,,4,8,0,7,1,26,Jakub Mensik,0,-59.648108650586664,-9.0,4.700000000000003,-0.19999999999999996,0.04179744284446618,-3,0,0,0
2024-6242-275,2024-08-19,Hard,A,R32,3,2024,Alexander Shevchenko,1557.552150341262,60.0,23.7,R,0.4,0.2,0.53125,0.6246764234990626,0.7053578287620816,0.4666346566346566,0.05192571381564779,,0,,0,0,0,21,0,70,1690.800929522764,299.0,33.1,R,0.5,0.6,0.6,0.6168051129624493,0.7369745992457795,0.5460912265231056,0.08146715362457316,,0,,3,6,1,0,3,369,Pablo Carreno Busta,0,-133.24877918150196,-239.0,-9.400000000000002,-0.09999999999999998,0.007871310536613274,-3,-1,0,0
2024-560-158,2024-08-26,Hard,G,R128,5,2024,Alexander Shevchenko,1547.40432928704,61.0,23.7,R,0.35,0.2,0.5151515151515151,0.6115653123879514,0.6928578287620817,0.44026103026103025,0.05235428524421922,1.0,1,1.0,1,2,0,7,0,71,1615.633134282595,83.0,30.3,L,0.4,0.4,0.5,0.6158917909757274,0.7040520820716474,0.49164332849055353,0.06217872036576445,0.0,1,0.0,0,0,0,28,0,124,Dominik Koepfer,1,-68.22880499555504,-22.0,-6.600000000000001,-0.050000000000000044,-0.004326478587776017,1,0,1,1
2024-4713-376,2024-09-18,Hard,A,R32,3,2024,Alexander Shevchenko,1566.5066048610768,58.0,23.7,R,0.35,0.2,0.5454545454545454,0.6152986819236561,0.6958881317923847,0.4742610302610302,0.05136636525595688,,0,,0,0,0,23,1,72,1470.4032880706543,138.0,34.6,R,0.4,0.4,,0.6264375545530753,0.693908965263132,0.4880449160340465,0.03938301808087483,,0,,0,0,0,58,0,34,Marco Trungelliti,1,96.10331679042247,-80.0,-10.900000000000002,-0.050000000000000044,-0.01113887262941915,0,0,0,0
2024-4713-386,2024-09-18,Hard,A,R16,3,2024,Alexander Shevchenko,1578.1904061133719,58.0,23.7,R,0.4,0.4,0.5454545454545454,0.6141492566362997,0.7212416671459201,0.5117610302610303,0.062098244214436826,,0,,0,0,1,0,2,73,1442.2859695920838,112.0,36.7,R,0.2,0.4,0.5,0.6458539612467429,0.6560203381310358,0.5372098055103611,0.023412898314463283,,0,,0,0,0,114,0,170,Mikhail Kukushkin,0,135.90443652128806,-54.0,-13.000000000000004,0.2,-0.03170470461044317,0,1,0,0
2024-5014-321,2024-10-02,Hard,M,R64,3,2024,Alexander Shevchenko,1564.6880774743993,58.0,23.8,R,0.45,0.6,0.5625,0.6128024824427514,0.7228934744581047,0.5278821202951638,0.0693437110651545,,0,,0,0,0,14,0,74,1678.94752102458,31.0,26.1,R,0.55,0.6,0.3684210526315789,0.6023277904212812,0.7023749027187786,0.49907074802380463,0.0460937258056755,,0,,2,4,0,6,0,164,Francisco Cerundolo,1,-114.25944355018078,27.0,-2.3000000000000007,-0.10000000000000003,0.010474692021470222,-2,0,0,0
2024-5014-346,2024-10-02,Hard,M,R32,3,2024,Alexander Shevchenko,1585.768088086859,58.0,23.8,R,0.45,0.8,0.5625,0.6230863815890686,0.7328101045590263,0.51903596644901,0.07210045402439895,0.0,1,0.0,0,0,1,0,1,75,1668.0655207759999,65.0,19.0,R,0.55,0.6,0.6428571428571429,0.5673133266177094,0.7418706484919887,0.47586105276192053,0.0786096491555296,1.0,1,1.0,1,2,0,6,0,32,Jakub Mensik,0,-82.2974326891408,-7.0,4.800000000000001,-0.10000000000000003,0.055773054971359204,-1,1,0,0
2024-5014-289,2024-10-02,Hard,M,R128,3,2024,Alexander Shevchenko,1556.2325881401434,58.0,23.8,R,0.4,0.4,0.5625,0.6108024824427514,0.7170326685972989,0.513210305623349,0.06779198692722346,,0,,0,0,2,0,0,76,1378.332219055205,332.0,29.8,R,0.25,0.0,,0.595745146513008,0.7610053202086491,0.42958317301395105,0.10571203903868316,,0,,0,0,0,639,0,36,Ramkumar Ramanathan,1,177.90036908493835,-274.0,-6.0,0.15000000000000002,0.015057335929743343,0,2,0,0
2024-9410-374,2024-10-14,Hard,A,R16,3,2024,Alexander Shevchenko,1584.0789081878306,61.0,23.8,R,0.45,0.6,0.5714285714285714,0.6191158310128843,0.7386072060083014,0.5410915220045655,0.07655988706447713,1.0,1,1.0,0,0,0,12,1,77,1578.193953965511,139.0,31.1,R,0.45,0.4,0.5,0.601255005495662,0.7351022938026316,0.5424124441238194,0.06583161377280664,0.0,1,0.0,0,0,0,26,0,154,Aslan Karatsev,1,5.88495422231972,-78.0,-7.300000000000001,0.0,0.017860825517222234,0,0,0,0
2024-9410-380,2024-10-14,Hard,A,QF,3,2024,Alexander Shevchenko,1599.807921945767,61.0,23.8,R,0.5,0.8,0.5714285714285714,0.6239304675078289,0.7444405393416348,0.5628086937217373,0.08128303046715024,1.0,1,1.0,0,0,1,0,2,78,1667.6092368958991,31.0,26.1,R,0.6,0.6,0.35,0.5991910078490148,0.6956142818037458,0.5014651673299888,0.048701313697478876,0.0,1,0.0,0,0,0,12,0,165,Francisco Cerundolo,0,-67.80131495013211,30.0,-2.3000000000000007,-0.09999999999999998,0.024739459658814078,0,1,0,0
2024-9410-363,2024-10-14,Hard,A,R32,3,2024,Alexander Shevchenko,1573.4886986144086,61.0,23.8,R,0.45,0.6,0.5714285714285714,0.6151158310128843,0.7319405393416348,0.53303596644901,0.06589322039781047,0.0,1,0.0,0,0,2,0,0,79,1451.2055539950209,111.0,36.8,R,0.25,0.6,0.6666666666666666,0.6378909622204528,0.6691894881025113,0.5407578176005728,0.026850477129091277,1.0,1,1.0,0,0,0,26,1,173,Mikhail Kukushkin,1,122.28314461938771,-50.0,-12.999999999999996,0.2,-0.022775131207568577,0,2,0,0
2024-0341-368,2024-11-04,Hard,A,R32,3,2024,Alexander Shevchenko,1586.8912464676578,64.0,23.9,R,0.45,0.6,0.5757575757575758,0.6206901065562292,0.7408352262486557,0.5429841323182284,0.088830200278471,,0,,0,0,0,21,1,80,1745.4113148290267,40.0,34.5,R,0.6,0.2,0.4,0.5865017091083026,0.7729565435295738,0.4427768559962956,0.09946915788887671,,0,,2,4,0,7,1,366,Jan Lennard Struff,0,-158.52006836136889,24.0,-10.600000000000001,-0.14999999999999997,0.03418839744792668,-2,0,0,0
2025-143923-33,2025-01-06,Hard,G,R128,5,2025,Alexander Shevchenko,1577.7237106695313,82.0,24.1,R,0.45,0.4,0.5185185185185185,0.6236335027826443,0.7468537447671743,0.5622149015489977,0.09237737008979174,0.0,1,0.0,0,0,0,63,0,81,1993.105192298425,2.0,21.7,R,0.7,0.4,0.7575757575757576,0.6722874968766301,0.7529185014463129,0.5157441409165547,0.11030496203975482,1.0,1,1.0,0,0,0,56,0,251,Carlos Alcaraz,0,-415.38148162889365,80.0,2.400000000000002,-0.24999999999999994,-0.04865399409398585,0,0,1,1
2025-144949-14,2025-02-03,Hard,A,R32,3,2025,Alexander Shevchenko,1575.0404551141276,82.0,24.2,R,0.4,0.4,0.5,0.6225541433205546,0.7360475698100559,0.5431037904378866,0.0852907559165634,,0,,0,0,0,28,0,82,1611.3391640977957,48.0,27.4,R,0.45,0.6,0.4,0.7471218896220763,0.6850278528944808,0.46959187788848145,0.1264934073664774,,0,,0,0,0,28,0,183,Reilly Opelka,0,-36.29870898366812,34.0,-3.1999999999999993,-0.04999999999999999,-0.12456774630152168,0,0,0,0
2025-145482-4,2025-02-10,Hard,A,R32,3,2025,Alexander Shevchenko,1560.7060168347705,82.0,24.2,R,0.4,0.2,0.47619047619047616,0.6342556696065919,0.7238253475878337,0.4806037904378865,0.0846124065666482,,0,,1,2,0,7,0,83,1598.7516585229516,167.0,27.1,R,0.6,0.6,0.3333333333333333,0.6755894538858332,0.6865439336758794,0.44579910858548627,0.08934878594354517,,0,,2,5,1,0,0,70,Michael Mmoh,0,-38.04564168818115,-85.0,-2.900000000000002,-0.19999999999999996,-0.04133378427924139,-1,-1,0,0
2025-145942-19,2025-02-17,Clay,A,R16,3,2025,Alexander Shevchenko,1558.950577074288,82.0,24.2,R,0.4,0.2,0.35714285714285715,0.6157205375060595,0.6460937626881116,0.5177224305239947,0.07001576552416412,,0,,1,2,0,7,0,84,1961.9548111883544,3.0,27.8,R,0.8,0.8,0.7741935483870968,0.7023684057471884,0.7337411481746254,0.5267389295650166,0.1209052734836186,,0,,2,5,0,7,0,605,Alexander Zverev,0,-403.0042341140663,79.0,-3.6000000000000014,-0.4,-0.08664786824112891,-1,0,0,0
2025-145942-1,2025-02-17,Clay,A,R32,3,2025,Alexander Shevchenko,1546.4511137067989,82.0,24.2,R,0.35,0.0,0.35714285714285715,0.6179427597282819,0.6523049428123351,0.5491802310355036,0.0706679394372076,,0,,1,2,1,0,0,85,1469.1890358145429,638.0,27.0,R,0.3076923076923077,0.2,0.25,0.6806155146350038,0.6271147440392707,0.4161407531320395,0.0712224327984905,,0,,0,0,0,217,0,13,Felipe Meligeni Alves,1,77.262077892256,-556.0,-2.8000000000000007,0.04230769230769227,-0.06267275490672186,1,1,0,0
2025-146392-10,2025-02-24,Clay,A,R32,3,2025,Alexander Shevchenko,1556.086899316196,82.0,24.2,R,0.4,0.2,0.375,0.6227793610354713,0.641866709548015,0.5037278653066034,0.06477455051523023,,0,,2,4,0,7,1,86,1535.4952409626965,44.0,24.0,R,0.35,0.6,0.5833333333333334,0.6850014299802097,0.6022558766980024,0.5196333492746692,0.037695781688671284,,0,,2,5,0,7,0,50,Mariano Navone,0,20.591658353499497,38.0,0.1999999999999993,0.050000000000000044,-0.06222206894473847,0,0,0,0
2025-146943-16,2025-03-03,Hard,M,R128,3,2025,Alexander Shevchenko,1539.1397271712449,82.0,24.3,R,0.35,0.2,0.47058823529411764,0.6245170007621657,0.7254736992361852,0.4809563168773695,0.0651071447502635,,0,,1,2,0,7,0,87,1508.99245187969,80.0,24.0,R,0.4,0.2,0.42105263157894735,0.5910953458294024,0.6357897454962484,0.4778071306600718,0.04320738849776963,,0,,1,2,0,7,0,69,Rinky Hijikata,0,30.147275291554934,2.0,0.3000000000000007,-0.050000000000000044,0.03342165493276328,0,0,0,0
2025-148706-6,2025-03-31,Clay,A,R32,3,2025,Alexander Shevchenko,1521.7548677118812,82.0,24.3,R,0.35,0.2,0.35294117647058826,0.6337879305806261,0.6257797530262759,0.468338254916993,0.0531071447502635,,0,,0,0,0,28,0,88,1523.9586085948622,107.0,23.6,R,0.47368421052631576,0.4,0.3333333333333333,0.6141448706963559,0.6551085082475103,0.4473691605928448,0.04404129543307596,,0,,0,0,0,252,0,17,Filip Misolic,0,-2.2037408829810374,-25.0,0.6999999999999993,-0.12368421052631579,0.019643059884270175,0,0,0,0
2025-149672-11,2025-04-14,Clay,A,R32,3,2025,Alexander Shevchenko,1505.8563523690248,82.0,24.4,R,0.35,0.2,0.35294117647058826,0.6253223221150177,0.6279856353792169,0.43958825491699305,0.047432114881685236,0.0,1,0.0,0,0,0,14,0,89,1634.7229094814486,13.0,22.9,R,0.45,0.8,0.6363636363636364,0.5374859674929386,0.680037365462441,0.5508364408609207,0.04278079168779601,1.0,1,1.0,0,0,0,14,1,88,Flavio Cobolli,1,-128.86655711242383,69.0,1.5,-0.10000000000000003,0.08783635462207906,0,0,0,0
2025-149672-22,2025-04-14,Clay,A,R16,3,2025,Alexander Shevchenko,1527.532919914002,82.0,24.4,R,0.4,0.2,0.35294117647058826,0.6311539301205388,0.6067054174697856,0.43998508031381833,0.041736796922216345,1.0,2,0.5,0,0,1,0,1,90,1750.247531362346,17.0,26.7,R,0.7,0.6,0.6944444444444444,0.6161717752234993,0.6918901539993626,0.46829723122406053,0.045472853421036866,1.0,2,0.5,0,0,0,14,1,199,Francisco Cerundolo,0,-222.71461144834416,65.0,-2.3000000000000007,-0.29999999999999993,0.014982154897039468,0,1,0,0
2025-151304-19,2025-05-05,Clay,M,R128,3,2025,Alexander Shevchenko,1520.5824639463478,82.0,24.4,R,0.4,0.2,0.375,0.6371630004153234,0.5868400976044656,0.43760412793286596,0.03604147896274743,,0,,0,0,0,21,0,91,1522.3431339274005,106.0,24.9,R,0.35294117647058826,0.4,0.3333333333333333,0.5263242691452398,0.6199804164089878,0.4454148205379732,0.08922760506633447,,0,,0,0,1,0,1,18,Jesper De Jong,0,-1.7606699810526152,-24.0,-0.5,0.047058823529411764,0.11083873127008359,0,-1,0,0
2025-152849-46,2025-05-19,Clay,G,R128,5,2025,Alexander Shevchenko,1504.6635451013158,82.0,24.5,R,0.35,0.2,0.3333333333333333,0.6294045223342646,0.5764037768497488,0.4360889764177145,0.039118402039670506,,0,,0,0,0,14,0,92,1444.2120316974406,131.0,34.9,R,0.23076923076923078,0.2,0.2222222222222222,0.6775355789413038,0.5807744248277644,0.4101478768145435,0.03738409191826968,,0,,1,2,0,7,0,13,Dušan Lajović,1,60.4515134038752,-49.0,-10.399999999999999,0.1192307692307692,-0.0481310566070392,-1,0,1,1
2025-152849-91,2025-05-19,Clay,G,R64,5,2025,Alexander Shevchenko,1517.9074069072203,82.0,24.5,R,0.35,0.4,0.3333333333333333,0.6444045223342647,0.5961129234245669,0.4315435218722599,0.029003647941309864,,0,,0,0,1,0,1,93,1489.4704767114622,48.0,21.2,R,0.3,0.4,0.4,0.6347564321526245,0.6427499697259725,0.4699455636955637,0.06899295558170672,,0,,0,0,0,28,0,19,Ethan Quinn,0,28.436930195758123,34.0,3.3000000000000007,0.04999999999999999,0.009648090181640256,0,1,1,1
2025-155924-55,2025-06-30,Grass,G,R128,5,2025,Alexander Shevchenko,1500.6007543748779,82.0,24.6,R,0.35,0.4,0.0,0.6496514201825703,0.6729828577523991,0.3967066711742168,0.03135143098352752,0.0,1,0.0,0,0,0,42,0,94,1614.5828741802482,48.0,27.8,R,0.5,0.6,0.6666666666666666,0.6079537848602059,0.7635256784988242,0.470156923995005,0.15607167445135933,1.0,1,1.0,2,5,0,7,0,206,Reilly Opelka,0,-113.9821198053703,34.0,-3.1999999999999993,-0.15000000000000002,0.04169763532236437,-2,0,1,1
2025-157352-12,2025-07-14,Clay,A,R32,3,2025,Alexander Shevchenko,1489.6692782735138,82.0,24.6,R,0.3,0.2,0.3076923076923077,0.6469680893994765,0.6048744517513127,0.4296380340673819,0.03990683070302262,1.0,1,1.0,0,0,1,0,0,96,1483.070458993024,71.0,40.3,R,0.3,0.2,0.25,0.5468212698569958,0.7010571876322815,0.5490617102812185,0.06453506612282421,0.0,1,0.0,0,0,0,56,0,309,Stan Wawrinka,1,6.598819280489806,11.0,-15.699999999999996,0.0,0.10014681954248073,0,1,0,0
2025-158035-1,2025-07-21,Clay,A,R32,3,2025,Alexander Shevchenko,1497.8022478142707,82.0,24.6,R,0.3,0.4,0.3076923076923077,0.6212814757709743,0.5981185989085032,0.41757526845770554,0.03068095583557829,1.0,1,1.0,2,4,1,0,0,98,1433.057703924775,264.0,29.1,R,0.3,0.2,0.3333333333333333,0.6476412697876816,0.6556876278532091,0.4672629257127781,0.06467914648045495,0.0,1,0.0,0,0,0,63,1,112,Daniel Elahi Galan,1,64.74454388949562,-182.0,-4.5,0.0,-0.026359794016707294,2,1,0,0
2025-158035-18,2025-07-21,Clay,A,R16,3,2025,Alexander Shevchenko,1510.8546918318573,82.0,24.6,R,0.3,0.4,0.3076923076923077,0.6269064757709742,0.5948059695089173,0.4102630154932786,0.033805955835578286,,0,,2,4,2,0,1,99,1645.8193205428092,47.0,33.5,R,0.5,0.6,0.5,0.6282035529439507,0.6610483874470067,0.4542090967746951,0.06894965908496133,,0,,0,0,0,21,1,288,Marton Fucsovics,1,-134.96462871095196,35.0,-8.899999999999999,-0.2,-0.0012970771729764463,2,2,0,0
2025-163697-11,2025-09-15,Hard,A,R32,3,2025,Alexander Shevchenko,1518.1975958306566,82.0,24.8,R,0.3,0.4,0.35714285714285715,0.5997261904335819,0.6703989019883237,0.43371966464071726,0.04132163683916252,,0,,0,0,0,28,0,101,1615.370673061227,94.0,39.0,R,0.4,0.2,0.6296296296296297,0.6182095713868175,0.7642171699534205,0.4694144694144694,0.09882711858301062,,0,,0,0,0,28,0,371,Gael Monfils,1,-97.17307723057047,-12.0,-14.2,-0.10000000000000003,-0.01848338095323565,0,0,0,0
2025-163697-20,2025-09-15,Hard,A,R16,3,2025,Alexander Shevchenko,1538.5594357640482,82.0,24.8,R,0.35,0.6,0.35714285714285715,0.6010475434991209,0.6803989019883236,0.4392752201962728,0.04638424864596037,,0,,0,0,1,0,1,102,1553.6047561711418,53.0,22.2,R,0.35,0.6,0.5,0.664156864541986,0.8025752115017157,0.5111222240092209,0.1558342197112438,,0,,0,0,0,28,0,63,Giovanni Mpetshi Perricard,1,-15.04532040709364,29.0,2.6000000000000014,0.0,-0.06310932104286504,0,1,0,0
2025-163697-26,2025-09-15,Hard,A,SF,3,2025,Alexander Shevchenko,1565.2678285050706,82.0,24.8,R,0.45,0.6,0.35714285714285715,0.6091396016013658,0.6932928128483363,0.4764860380522521,0.057560634676212905,0.0,1,0.0,0,0,2,0,2,103,1824.7545867238703,9.0,23.6,R,0.65,0.8,0.5666666666666667,0.6188919339385487,0.7543473706208479,0.5797251381297704,0.0837028623121853,1.0,1,1.0,0,0,1,0,0,273,Lorenzo Musetti,0,-259.48675821879965,73.0,1.1999999999999993,-0.2,-0.009752332337182867,0,1,0,0
2025-163697-24,2025-09-15,Hard,A,QF,3,2025,Alexander Shevchenko,1555.2518656064399,82.0,24.8,R,0.4,0.6,0.35714285714285715,0.6026030990546766,0.6901446647001881,0.4643648259310399,0.05449535975707147,,0,,0,0,3,0,0,104,1418.6859691376364,323.0,32.7,R,0.15,0.2,0.2222222222222222,0.6823880810466163,0.7040242820857514,0.5018129169704079,0.06311378917409435,,0,,0,0,0,63,0,211,Taro Daniel,1,136.56589646880343,-241.0,-7.900000000000002,0.25,-0.07978498199193973,0,3,0,0
2025-164569-9,2025-09-29,Hard,M,R128,3,2025,Alexander Shevchenko,1559.4002075227843,82.0,24.8,R,0.4,0.6,0.4375,0.6140795672960486,0.6700729986068501,0.49258510925968235,0.05011195432430675,,0,,0,0,0,14,1,105,1504.4081158185284,171.0,30.0,L,0.25,0.2,0.29411764705882354,0.6088632243382269,0.6266392208417626,0.4499536979520295,0.03669674996824375,,0,,1,2,0,7,0,272,Yoshihito Nishioka,0,54.99209170425593,-89.0,-5.199999999999999,0.15000000000000002,0.005216342957821696,-1,0,0,0
2025-165803-14,2025-10-13,Hard,A,R16,3,2025,Alexander Shevchenko,1540.8886666633114,82.0,24.9,R,0.4,0.6,0.35714285714285715,0.6305274754174595,0.6692964155722027,0.4559184425930157,0.0696771717156111,0.0,1,0.0,0,0,0,14,0,106,1646.218200953226,30.0,26.5,L,0.55,0.4,0.5,0.6204662248296154,0.6782312543378894,0.47272518124824775,0.05404182486290453,1.0,1,1.0,0,0,1,0,1,193,Corentin Moutet,0,-105.32953428991459,52.0,-1.6000000000000014,-0.15000000000000002,0.010061250587844017,0,-1,0,0
2025-165803-9,2025-10-13,Hard,A,R32,3,2025,Alexander Shevchenko,1529.5959355545212,82.0,24.9,R,0.4,0.4,0.35714285714285715,0.6408399273183367,0.6811721092458987,0.44430228097685404,0.07926621281150151,,0,,0,0,1,0,0,107,1566.4773757109444,128.0,30.4,R,0.45,0.2,0.5714285714285714,0.6518741012011356,0.7322491928541064,0.4835687842983608,0.05239049631605066,,0,,0,0,0,14,0,290,Laslo Djere,1,-36.881440156423196,-46.0,-5.5,-0.04999999999999999,-0.011034173882798926,0,1,0,0
2016-M006-271,2016-03-07,Hard,M,R64,3,2016,Alexandr Dolgopolov,1557.8096347363137,29.0,27.3,R,0.6666666666666666,0.8,0.6666666666666666,0.5781705414845987,0.7755217809226754,0.5152699179510773,0.09927283770821446,1.0,1,1.0,0,0,1,0,0,13,1496.45289047726,57.0,28.9,R,0.46153846153846156,0.6,0.4166666666666667,0.576953087916383,0.7395505588418185,0.5484043696639975,0.06069833437538171,0.0,1,0.0,0,0,0,14,2,12,Robin Haase,1,61.356744259053585,-28.0,-1.5999999999999979,0.20512820512820507,0.0012174535682156762,0,1,0,0
2016-M007-244,2016-03-21,Hard,M,R64,3,2016,Alexandr Dolgopolov,1555.135532212876,29.0,27.3,R,0.6428571428571429,0.6,0.6363636363636364,0.5698243868070383,0.7599009091367142,0.49643009193137067,0.10043503887041565,,0,,0,0,0,14,1,14,1489.084399245364,43.0,32.0,R,0.46153846153846156,0.4,0.4166666666666667,0.5454777457290345,0.7567248797676851,0.5265487211157598,0.07852074785921104,,0,,0,0,0,14,0,12,Andreas Seppi,1,66.05113296751188,-14.0,-4.699999999999999,0.18131868131868134,0.024346641078003772,0,0,0,0
2016-M007-273,2016-03-21,Hard,M,R32,3,2016,Alexandr Dolgopolov,1568.1298881586777,29.0,27.3,R,0.6666666666666666,0.6,0.6363636363636364,0.5594716612000754,0.7506903828209247,0.4822844336680653,0.1108557688787745,,0,,0,0,1,0,2,15,1626.542598352836,6.0,26.2,R,0.7777777777777778,0.8,0.7647058823529411,0.5532800118980875,0.7566292385957885,0.5482324498113972,0.04103118016214711,,0,,0,0,0,14,1,17,Kei Nishikori,0,-58.41271019415831,23.0,1.1000000000000014,-0.11111111111111116,0.0061916493019879,0,1,0,0
2016-0425-294,2016-04-18,Clay,A,QF,3,2016,Alexandr Dolgopolov,1579.4095756520608,30.0,27.4,R,0.6666666666666666,0.6,0.6666666666666666,0.585498101900262,0.7393119822369175,0.5488417818740399,0.10898438108163924,0.0,1,0.0,0,0,2,0,2,18,1691.3909301764174,6.0,26.3,R,0.8,0.8,,0.6665004985044866,0.7402402402402403,0.6515151515151515,0.027346185742168395,1.0,1,1.0,0,0,0,28,2,23,Kei Nishikori,0,-111.98135452435668,24.0,1.0999999999999979,-0.13333333333333341,-0.08100239660422459,0,2,0,0
2016-M021-283,2016-05-02,Clay,M,R32,3,2016,Alexandr Dolgopolov,1579.5939579200092,29.0,27.4,R,0.65,0.6,0.6666666666666666,0.56776650135733,0.7257476257960489,0.5386067015396655,0.10173321113946569,,0,,0,0,0,14,0,19,1683.830343350171,10.0,25.3,R,0.8,0.8,0.75,0.6186894862426777,0.71682518920548,0.5391441441441441,0.12134353466360812,,0,,0,0,0,21,3,23,Milos Raonic,0,-104.23638543016182,19.0,2.099999999999998,-0.15000000000000002,-0.050922984885347744,0,0,0,0
2016-M021-264,2016-05-02,Clay,M,R64,3,2016,Alexandr Dolgopolov,1568.3950565651694,29.0,27.4,R,0.631578947368421,0.6,0.6666666666666666,0.5790609182502183,0.7208552232926694,0.5263336688030792,0.09818533044872786,1.0,1,1.0,0,0,1,0,0,20,1460.8307148166698,32.0,26.3,R,0.35714285714285715,0.4,0.0,0.4262295081967213,0.6923076923076923,0.37142857142857144,0.11048521642341003,0.0,1,0.0,0,0,0,28,0,14,Steve Johnson,1,107.5643417484996,-3.0,1.0999999999999979,0.27443609022556387,0.15283141005349704,0,1,0,0
2016-M009-258,2016-05-09,Clay,M,R64,3,2016,Alexandr Dolgopolov,1568.255200348571,28.0,27.5,R,0.6,0.6,0.625,0.5704798992139795,0.7220827440001142,0.5482039407702843,0.08953641480079291,,0,,2,6,0,7,1,21,1662.8233079595673,15.0,22.6,R,0.7,0.6,0.7647058823529411,0.6201412549502286,0.7007356778075449,0.532385836251535,0.06523928698337507,,0,,1,2,0,7,0,35,Dominic Thiem,0,-94.56810761099632,13.0,4.899999999999999,-0.09999999999999998,-0.04966135573624919,1,0,0,0
2016-0741-295,2016-06-20,Grass,A,QF,3,2016,Alexandr Dolgopolov,1584.7677562427502,32.0,27.6,R,0.6,0.6,,0.6171500630517024,0.8128342245989304,0.5846560846560847,0.10009695876935554,,0,,0,0,1,0,1,23,1577.0253337745273,41.0,33.1,L,0.55,0.8,0.75,0.659285365876118,0.815326780343993,0.5955178695013594,0.22708464098284015,,0,,3,8,0,7,2,27,Gilles Muller,0,7.742422468222912,-9.0,-5.5,0.04999999999999993,-0.04213530282441558,-3,1,0,0
2016-0741-274,2016-06-20,Grass,A,R32,3,2016,Alexandr Dolgopolov,1556.505767185665,32.0,27.6,R,0.55,0.4,,,,,0.08598098366977387,,0,,0,0,2,0,0,24,1516.9759895806135,68.0,21.4,R,0.5,0.6,0.5,0.6171865768639963,0.6979323780794369,0.5143170838823012,0.071650429250257,,0,,2,6,0,7,1,15,Kyle Edmund,1,39.52977760505155,-36.0,6.200000000000003,0.050000000000000044,,-2,2,0,0
2016-540-119,2016-06-27,Grass,G,R128,5,2016,Alexandr Dolgopolov,1568.4112635208305,33.0,27.6,R,0.6,0.4,0.6666666666666666,0.6240770535287211,0.7310786722551428,0.5961199294532628,0.09175585904894547,1.0,1,1.0,3,6,1,0,0,26,1408.7377458582032,78.0,26.1,R,0.21428571428571427,0.2,0.5,0.699570330167345,0.6811224489795918,0.42327365728900257,0.051384345642563535,0.0,1,0.0,2,4,0,7,0,14,Evgeny Donskoy,1,159.67351766262732,-45.0,1.5,0.3857142857142857,-0.07549327663862393,1,1,1,1
2016-M035-287,2016-07-18,Hard,A,R16,3,2016,Alexandr Dolgopolov,1569.249461008134,37.0,27.6,R,0.6,0.6,0.6153846153846154,0.5492372612328665,0.7261449282754701,0.48597734396967135,0.09288451908342793,,0,,0,0,1,0,2,28,1613.8906360794579,29.0,28.7,R,0.55,0.8,0.6875,0.5816383624387125,0.7910224031512054,0.5373794593088072,0.19891101550152884,,0,,0,0,0,21,3,37,Sam Querrey,0,-44.641175071323914,8.0,-1.0999999999999979,0.04999999999999993,-0.03240110120584594,0,1,0,0
2016-0421-240,2016-07-25,Hard,M,R64,3,2016,Alexandr Dolgopolov,1555.2940241773606,38.0,27.7,R,0.55,0.4,0.6,0.5454774067756197,0.7291752313057731,0.4899952011125285,0.09123010731872204,,0,,2,5,0,7,0,29,1494.4873277574457,57.0,27.0,L,0.45,0.6,0.3333333333333333,0.5344964713862387,0.7110904148507127,0.48560809747265965,0.0606100429055814,,0,,2,5,0,7,1,25,Donald Young,0,60.80669641991494,-19.0,0.6999999999999993,0.10000000000000003,0.010980935389381052,0,0,0,0
2016-6116-288,2016-08-01,Hard,A,R16,3,2016,Alexandr Dolgopolov,1536.5220173563207,38.0,27.7,R,0.5,0.4,0.5625,0.545423921305839,0.7329785708233983,0.45666186777919515,0.09715134905485313,,0,,1,2,0,7,0,30,1486.0182199770436,97.0,20.8,L,0.4166666666666667,0.2,0.4444444444444444,0.6007457251007207,0.7006677757227293,0.5443957072675607,0.015549902718512976,,0,,0,0,0,14,0,11,Yoshihito Nishioka,0,50.5037973792771,-59.0,6.899999999999999,0.08333333333333331,-0.05532180379488161,1,0,0,0
2016-7480-282,2016-08-08,Hard,A,R32,3,2016,Alexandr Dolgopolov,1518.2124755399304,38.0,27.7,R,0.45,0.2,0.5294117647058824,0.5495264854084032,0.72045588479799,0.44943964555697297,0.1000393382586318,,0,,1,3,0,7,0,31,1455.4355965382103,73.0,31.2,L,0.35714285714285715,0.6,0.6666666666666666,0.5927630449393493,0.7634788082199236,0.577042160737813,0.08858657633422248,,0,,3,7,0,7,0,14,Horacio Zeballos,0,62.77687900172009,-35.0,-3.5,0.09285714285714286,-0.04323655953094607,-2,0,0,0
2017-M020-282,2017-01-02,Hard,A,R32,3,2017,Alexandr Dolgopolov,1499.352549109457,62.0,28.1,R,0.45,0.2,0.5,0.5331013646354562,0.72045588479799,0.4170586931760205,0.10193992305395345,,0,,0,0,0,147,0,32,1704.5073473459133,9.0,30.5,L,0.65,0.4,0.6666666666666666,0.6321037483340641,0.6919645832616907,0.5179635308051995,0.039252998251680396,,0,,0,0,0,84,0,52,Rafael Nadal,0,-205.15479823645637,53.0,-2.3999999999999986,-0.2,-0.09900238369860792,0,0,0,0
2017-M001-275,2017-01-09,Hard,A,R32,3,2017,Alexandr Dolgopolov,1491.836435182153,63.0,28.1,R,0.4,0.0,0.47368421052631576,0.5348677235274675,0.7127177895598948,0.4102760844803684,0.09259875386125316,0.0,1,0.0,1,2,0,7,0,33,1632.1308595268586,34.0,33.6,L,0.55,0.4,0.5405405405405406,0.5972241243290078,0.808939441202582,0.47634248956499603,0.17981244415552383,1.0,1,1.0,1,2,0,7,0,59,Gilles Muller,0,-140.29442434470548,29.0,-5.5,-0.15000000000000002,-0.06235640080154037,0,0,0,0
2017-580-133,2017-01-16,Hard,G,R128,5,2017,Alexandr Dolgopolov,1481.967563606822,69.0,28.1,R,0.4,0.0,0.4117647058823529,0.531349205008949,0.7151294319715372,0.4000239836400323,0.08213721539971472,,0,,1,3,0,7,0,34,1537.9394150177143,59.0,20.1,R,0.5,0.6,0.47368421052631576,0.596185063351187,0.6915320610065383,0.5151929121582904,0.08720948453283064,,0,,0,0,0,14,0,40,Borna Coric,1,-55.971851410892214,10.0,8.0,-0.09999999999999998,-0.06483585834223804,1,0,1,1
2017-580-180,2017-01-16,Hard,G,R64,5,2017,Alexandr Dolgopolov,1500.523092733415,69.0,28.1,R,0.4,0.2,0.4117647058823529,0.5405483392080832,0.7191294319715372,0.41453754025885203,0.08757086221267185,,0,,1,3,1,0,1,35,1709.8516462988007,6.0,30.3,R,0.65,0.2,0.74,0.6120656944254662,0.7596555874177897,0.5225402609162528,0.09366440885788102,,0,,0,0,0,63,0,60,Gael Monfils,0,-209.32855356538562,63.0,-2.1999999999999993,-0.25,-0.071517355217383,1,1,1,1
2017-7161-277,2017-02-06,Clay,A,R32,3,2017,Alexandr Dolgopolov,1493.1442653730237,67.0,28.2,R,0.4,0.2,0.5555555555555556,0.5801926589504379,0.7196291057778793,0.5513949558983724,0.07931759786184653,,0,,0,0,0,21,0,36,1429.3050761630025,137.0,32.8,R,0.3,0.2,0.25,0.6388512033095154,0.7149567469290967,0.5691088476176196,0.07729446839797996,,0,,0,0,0,133,0,29,Rajeev Ram,0,63.83918921002123,-70.0,-4.599999999999998,0.10000000000000003,-0.05865854435907747,0,0,0,0
2017-0506-294,2017-02-13,Clay,A,QF,3,2017,Alexandr Dolgopolov,1509.743337539992,66.0,28.2,R,0.4,0.6,0.5555555555555556,0.5737542990714364,0.7457427502240148,0.5613361635200522,0.08857576395189745,,0,,1,3,0,7,0,37,1497.775486965863,101.0,26.5,L,0.4375,0.6,0.4444444444444444,0.6833930282464176,0.7246869075239327,0.5629694010640302,0.06585132293408061,,0,,2,6,0,7,1,14,Gerald Melzer,1,11.967850574128988,-35.0,1.6999999999999993,-0.03749999999999998,-0.10963872917498119,-1,0,0,0
2017-0506-271,2017-02-13,Clay,A,R32,3,2017,Alexandr Dolgopolov,1474.237006793509,66.0,28.2,R,0.35,0.2,0.5555555555555556,0.5827238517709905,0.7219086194425156,0.5381159254248142,0.08127541494309123,,0,,1,3,1,0,1,38,1498.5102385325445,94.0,32.6,R,0.4117647058823529,0.2,0.0,0.5101307189542484,0.7130952380952381,0.43223270440251566,0.07720750275814352,,0,,1,2,0,7,0,17,Janko Tipsarevic,1,-24.27323173903551,-28.0,-4.400000000000002,-0.061764705882352944,0.07259313281674207,0,1,0,0
2017-0506-300,2017-02-13,Clay,A,F,3,2017,Alexandr Dolgopolov,1547.0221303974308,66.0,28.2,R,0.45,0.8,0.5555555555555556,0.5656361764822351,0.7662169140383426,0.5478584960262557,0.09844537296902314,0.0,2,0.0,1,3,2,0,2,39,1806.3426337372257,5.0,27.1,R,0.65,0.8,0.7647058823529411,0.6451607333055213,0.7087822460809853,0.5121492616006057,0.043344368062115654,2.0,2,1.0,0,0,0,28,0,83,Kei Nishikori,1,-259.32050333979487,61.0,1.0999999999999979,-0.2,-0.07952455682328619,1,2,0,0
2017-0506-298,2017-02-13,Clay,A,SF,3,2017,Alexandr Dolgopolov,1525.1924155338836,66.0,28.2,R,0.4,0.6,0.5555555555555556,0.5698918652090026,0.7570980615793261,0.5583584960262558,0.0911579235763106,,0,,1,3,3,0,3,40,1657.8783891273144,25.0,25.5,R,0.6,0.6,0.6428571428571429,0.6466277127712511,0.7176559972111985,0.46785906290692314,0.05971914190933125,,0,,0,0,2,0,3,71,Pablo Carreno Busta,1,-132.68597359343084,41.0,2.6999999999999993,-0.19999999999999996,-0.0767358475622485,1,1,0,0
2017-0506-286,2017-02-13,Clay,A,R16,3,2017,Alexandr Dolgopolov,1491.3530152786861,66.0,28.2,R,0.35,0.4,0.5555555555555556,0.5733124728564143,0.7384700229512876,0.5432409254248143,0.07861778075862014,,0,,1,3,4,0,4,41,1543.6496144349176,22.0,31.1,R,0.4,0.4,0.7307692307692307,0.5759119187208024,0.8020115633096274,0.5970626819938528,0.07958895425852211,,0,,0,0,0,28,0,59,Pablo Cuevas,1,-52.29659915623142,44.0,-2.900000000000002,-0.050000000000000044,-0.0025994458643880947,1,4,0,0
2017-6932-278,2017-02-20,Clay,A,R32,3,2017,Alexandr Dolgopolov,1573.1499221619426,50.0,28.2,R,0.5,1.0,0.6666666666666666,0.5576361764822352,0.7753078231292516,0.5485305390370085,0.09266759519124537,1.0,1,1.0,5,10,0,7,5,42,1544.4983535515723,29.0,34.8,R,0.45,0.4,0.625,0.6301503444078962,0.6940472300187205,0.4607580520659015,0.03425608231092979,0.0,1,0.0,1,2,0,7,0,60,David Ferrer,1,28.651568610370305,21.0,-6.599999999999998,0.04999999999999999,-0.07251416792566101,4,0,0,0
2017-6932-290,2017-02-20,Clay,A,R16,3,2017,Alexandr Dolgopolov,1587.833451584365,50.0,28.2,R,0.5,1.0,0.6666666666666666,0.5466106483132211,0.7834184222075926,0.559651228692181,0.09593626380671175,0.0,1,0.0,5,10,1,0,6,43,1447.386783562293,73.0,31.8,L,0.35,0.2,0.16666666666666666,0.5886244044374198,0.7409004773000695,0.506455241187384,0.08839085688512444,1.0,1,1.0,1,2,0,7,0,25,Horacio Zeballos,1,140.44666802207212,-23.0,-3.6000000000000014,0.15000000000000002,-0.042013756124198665,4,1,0,0
2017-M004-274,2017-02-27,Hard,A,R32,3,2017,Alexandr Dolgopolov,1597.6963425825775,60.0,28.3,R,0.5,1.0,0.3076923076923077,0.5450308705198827,0.7107960986382039,0.4135571481019893,0.10270899107943902,,0,,2,5,0,7,7,44,1691.62951227421,8.0,28.4,R,0.6,0.4,0.6666666666666666,0.577337076299048,0.7866279807250609,0.5222327434329279,0.1420261143107833,,0,,0,0,0,14,0,70,Marin Cilic,0,-93.93316969163243,52.0,-0.09999999999999787,-0.09999999999999998,-0.03230620577916521,2,0,0,0
2017-M006-219,2017-03-06,Hard,M,R128,3,2017,Alexandr Dolgopolov,1585.9197199023665,64.0,28.3,R,0.5,0.8,0.2857142857142857,0.5418696481805781,0.7157960986382038,0.43571931026415145,0.10133369970414766,,0,,1,3,0,7,0,45,1565.3737712190184,39.0,31.0,R,0.5,0.4,0.5,0.6046948537652418,0.7264077988006641,0.46214782631840456,0.10884279194036806,,0,,1,2,0,7,0,72,Viktor Troicki,1,20.545948683348115,25.0,-2.6999999999999993,0.0,-0.06282520558466365,0,0,0,0
2017-M009-240,2017-05-15,Clay,M,R64,3,2017,Alexandr Dolgopolov,1600.9746454049805,89.0,28.5,R,0.5,0.8,0.875,0.5568379210404938,0.7947006709561487,0.5555695960391197,0.11145565092365983,,0,,0,0,0,70,1,46,1653.6886061449222,20.0,29.0,R,0.6,0.4,0.5833333333333334,0.6890207941727756,0.6683274647015005,0.49148693456302156,0.022559226729522895,,0,,1,3,0,7,0,90,Roberto Bautista Agut,0,-52.71396073994174,69.0,-0.5,-0.09999999999999998,-0.13218287313228183,-1,0,0,0
2017-520-117,2017-05-29,Clay,G,R128,5,2017,Alexandr Dolgopolov,1587.383755522616,89.0,28.5,R,0.5,0.6,0.7777777777777778,0.5550334097622983,0.7781828138132916,0.5523644678339914,0.10942419613991147,,0,,0,0,0,14,0,47,1494.5993285670365,64.0,34.3,R,0.45,0.4,0.47619047619047616,0.6755550577874908,0.6197675315450483,0.5215593326702661,0.020191599560027747,,0,,2,5,0,7,1,28,Carlos Berlocq,1,92.78442695557942,25.0,-5.799999999999997,0.04999999999999999,-0.1205216480251925,-2,0,1,1
2017-520-172,2017-05-29,Clay,G,R64,5,2017,Alexandr Dolgopolov,1599.209636631451,89.0,28.5,R,0.5,0.6,0.7777777777777778,0.5474072013842102,0.7923933401290812,0.5483306967270496,0.10824267089823587,,0,,0,0,1,0,1,48,1742.3974958069336,3.0,32.1,R,0.65,0.8,0.625,0.5914888699535107,0.7296003261761125,0.5554155884951407,0.06175180593811571,,0,,3,8,0,7,3,89,Stan Wawrinka,0,-143.18785917548257,86.0,-3.6000000000000014,-0.15000000000000002,-0.044081668569300514,-3,1,1,1
2017-M010-282,2017-06-12,Grass,A,R32,3,2017,Alexandr Dolgopolov,1589.4540824921908,81.0,28.5,R,0.5,0.4,0.6,0.6109556562555227,0.7273491264300087,0.5913227513227512,0.10226864492420988,,0,,0,0,0,14,0,49,1537.0221661428748,56.0,33.2,R,0.55,0.4,,,,,0.039056380485766165,,0,,0,0,0,14,0,26,Steve Darcis,1,52.431916349316,25.0,-4.700000000000003,-0.050000000000000044,,0,0,0,0
2017-0316-299,2017-07-17,Clay,A,SF,3,2017,Alexandr Dolgopolov,1642.4451764133944,89.0,28.6,R,0.7,0.8,0.7272727272727273,0.583698796386685,0.7589136248807028,0.5402683085338476,0.08869544786912101,,0,,0,0,0,35,1,50,1540.6090877107729,88.0,26.3,R,0.4,0.4,0.5,0.5867453796233509,0.7081717117050704,0.5083797320045567,0.06301413251384735,,0,,0,0,0,14,0,67,Andrey Kuznetsov,1,101.83608870262151,1.0,2.3000000000000007,0.29999999999999993,-0.003046583236665956,0,0,0,0
2017-0316-300,2017-07-17,Clay,A,F,3,2017,Alexandr Dolgopolov,1653.8852925850122,89.0,28.6,R,0.75,1.0,0.7272727272727273,0.6008917788428254,0.7594818066988847,0.5257683085338474,0.08725605392972705,2.0,2,1.0,0,0,1,0,2,51,1583.2608688938865,46.0,35.2,R,0.5,0.8,0.4166666666666667,0.600296109210268,0.7181738530791739,0.5187082872070805,0.028531548037448527,0.0,2,0.0,0,0,0,14,0,76,David Ferrer,0,70.62442369112568,43.0,-6.600000000000001,0.25,0.0005956696325574162,0,1,0,0
2017-0316-290,2017-07-17,Clay,A,R16,3,2017,Alexandr Dolgopolov,1612.8748504682276,89.0,28.6,R,0.6,0.6,0.7272727272727273,0.5775425480912614,0.7717914256116736,0.568729846995386,0.08904967978985504,1.0,2,0.5,0,0,2,0,0,52,1542.298247306105,56.0,32.2,L,0.6,0.4,0.5454545454545454,0.6941647748086324,0.7036818839898933,0.537660374755963,0.06598544350303384,1.0,2,0.5,0,0,0,14,0,49,Horacio Zeballos,1,70.57660316212264,33.0,-3.6000000000000014,0.0,-0.11662222671737099,0,2,0,0
2017-0316-296,2017-07-17,Clay,A,QF,3,2017,Alexandr Dolgopolov,1625.6686572186848,89.0,28.6,R,0.65,0.8,0.7272727272727273,0.5757568338055472,0.7756623933536091,0.5453965136620527,0.09264491788509313,1.0,1,1.0,0,0,3,0,1,53,1642.5438148599094,33.0,21.1,R,0.65,0.6,0.631578947368421,0.5231543304146383,0.7560610994393226,0.5368941471109254,0.08024814368286871,0.0,1,0.0,0,0,0,14,1,56,Karen Khachanov,1,-16.875157641224632,56.0,7.5,0.0,0.052602503390908883,0,3,0,0
2017-0316-279,2017-07-17,Clay,A,R32,3,2017,Alexandr Dolgopolov,1603.057668080855,89.0,28.6,R,0.55,0.6,0.7272727272727273,0.5514021972140684,0.7899819018021499,0.5551881803287193,0.0982602061056445,,0,,0,0,4,0,2,54,1461.4457285262506,134.0,30.1,R,0.4,0.6,0.6,0.6191551225709135,0.7412466092426624,0.49201175538881686,0.05542402303034011,,0,,0,0,0,98,0,27,Leonardo Mayer,1,141.6119395546043,-45.0,-1.5,0.15000000000000002,-0.06775292535684518,0,4,0,0
2017-0314-283,2017-07-24,Clay,A,R32,3,2017,Alexandr Dolgopolov,1634.6769856070086,67.0,28.7,R,0.7,0.8,0.75,0.6111440310950776,0.7302928583922892,0.5317991640738194,0.08343069010436323,,0,,5,11,0,7,3,55,1422.641088083523,114.0,23.1,L,0.35,0.4,0.35294117647058826,0.6747781569488647,0.651040151758522,0.4966300688039819,0.05027691867245385,,0,,1,3,0,7,0,36,Thiago Monteiro,0,212.03589752348557,-47.0,5.599999999999998,0.35,-0.06363412585378703,4,0,0,0
2017-0319-272,2017-07-31,Clay,A,R32,3,2017,Alexandr Dolgopolov,1609.9677046666143,70.0,28.7,R,0.7,0.6,0.7058823529411765,0.6306399540009339,0.7259917831234719,0.547870592645248,0.07158858484120532,2.0,2,1.0,1,3,0,7,0,56,1438.3218456247762,80.0,29.5,L,0.35,0.0,0.42857142857142855,0.5993633000872591,0.6550827190522155,0.46826646178085707,0.04499720907876144,0.0,2,0.0,1,3,0,7,0,64,Thomaz Bellucci,0,171.6458590418381,-10.0,-0.8000000000000007,0.35,0.031276653913674735,0,0,0,0
2017-M024-264,2017-08-14,Hard,M,R64,3,2017,Alexandr Dolgopolov,1586.6490763798809,71.0,28.7,R,0.7,0.4,0.3333333333333333,0.5407475359693572,0.7315915531836585,0.42562614256228815,0.06887050645941013,,0,,0,0,0,14,0,57,1722.1230910166971,27.0,31.2,R,0.75,0.6,0.5483870967741935,0.6013345619224213,0.7953661586908797,0.5176897998287492,0.19217395163691,,0,,4,8,0,7,3,70,Kevin Anderson,1,-135.47401463681626,44.0,-2.5,-0.050000000000000044,-0.06058702595306409,-4,0,0,0
2017-M024-283,2017-08-14,Hard,M,R32,3,2017,Alexandr Dolgopolov,1608.589813187666,71.0,28.7,R,0.7,0.4,0.3333333333333333,0.544949216641626,0.7593693309614362,0.4380104018215474,0.0790745880920632,,0,,0,0,1,0,1,58,1763.95487310964,23.0,22.2,R,0.7,0.6,0.7419354838709677,0.6138617219262772,0.8309775722838959,0.5759247670741333,0.1668808693314187,,0,,3,6,0,7,2,77,Nick Kyrgios,0,-155.36505992197385,48.0,6.5,0.0,-0.0689125052846512,-3,1,0,0
2017-6242-263,2017-08-21,Hard,A,R64,3,2017,Alexandr Dolgopolov,1599.3030195233855,63.0,28.7,R,0.65,0.2,0.375,0.5185037014451843,0.7487632703553756,0.46386074195760185,0.07625162158488616,0.0,1,0.0,2,4,0,7,0,59,1417.170937138823,114.0,23.2,L,0.3,0.2,0.0,0.6357610524087082,0.6434810664467568,0.4793982642680198,0.0560773165959791,1.0,1,1.0,0,0,0,21,0,39,Thiago Monteiro,0,182.1320823845624,-51.0,5.5,0.35000000000000003,-0.11725735096352385,2,0,0,0
2017-560-106,2017-08-28,Hard,G,R128,5,2017,Alexandr Dolgopolov,1575.607833608506,64.0,28.8,R,0.6,0.2,0.3333333333333333,0.522166705108188,0.7614426961926962,0.46886074195760175,0.0754981556415468,,0,,1,2,0,7,0,60,1547.1937747483184,49.0,27.3,R,0.45,0.8,0.5,0.4949513816072158,0.774379022994954,0.48129651531274253,0.12943598105445225,,0,,5,11,0,7,0,67,Jan Lennard Struff,1,28.41405886018765,15.0,1.5,0.14999999999999997,0.027215323500972166,-4,0,1,1
2017-560-212,2017-08-28,Hard,G,R16,5,2017,Alexandr Dolgopolov,1623.2560185857747,64.0,28.8,R,0.6,0.6,0.3333333333333333,0.5142107651575603,0.7771391618891619,0.5228637515307148,0.07387609181584971,0.0,1,0.0,1,2,1,0,1,61,1910.141001789142,1.0,31.2,L,0.8,0.8,0.7297297297297297,0.6460354602004448,0.7569102809577208,0.5833224484979801,0.08372746840525014,1.0,1,1.0,0,0,0,14,1,108,Rafael Nadal,0,-286.88498320336726,63.0,-2.3999999999999986,-0.20000000000000007,-0.13182469504288452,1,1,1,1
2017-560-167,2017-08-28,Hard,G,R64,5,2017,Alexandr Dolgopolov,1590.3022273211802,64.0,28.8,R,0.6,0.4,0.3333333333333333,0.5293095622510451,0.7628712676212677,0.48375535554074,0.0751013302447214,,0,,1,2,2,0,0,62,1708.9022269066427,18.0,31.9,R,0.65,0.6,0.6176470588235294,0.5467154178511546,0.776283700627154,0.5219335135828403,0.08715630984912685,,0,,0,0,0,14,0,103,Tomas Berdych,1,-118.59999958546246,46.0,-3.099999999999998,-0.050000000000000044,-0.017405855600109543,1,2,1,1
2017-560-197,2017-08-28,Hard,G,R32,5,2017,Alexandr Dolgopolov,1611.5612582700685,64.0,28.8,R,0.6,0.6,0.3333333333333333,0.529877431824227,0.7714426961926961,0.5161720222074067,0.07296887532100435,1.0,1,1.0,1,2,3,0,1,63,1515.7145402977712,52.0,31.5,R,0.4,0.4,0.4864864864864865,0.5720227709839817,0.6851668483804656,0.4546541194816564,0.09837733260067492,0.0,1,0.0,1,3,0,7,0,92,Viktor Troicki,1,95.84671797229726,12.0,-2.6999999999999993,0.19999999999999996,-0.04214533915975471,0,3,1,1
2017-6967-299,2017-09-25,Hard,A,SF,3,2017,Alexandr Dolgopolov,1637.4197426162764,53.0,28.8,R,0.6,0.8,0.46153846153846156,0.536051300143549,0.7988610870228517,0.5699461195438729,0.09480126747148146,,0,,0,0,0,28,2,64,1689.3817424334202,40.0,25.3,R,0.85,1.0,0.6571428571428571,0.5777082327351011,0.7075104420458109,0.523763670606441,0.048049740477287176,,0,,5,12,1,0,8,84,Damir Dzumhur,1,-51.961999817143806,13.0,3.5,-0.25,-0.04165693259155212,-5,-1,0,0
2017-6967-300,2017-09-25,Hard,A,F,3,2017,Alexandr Dolgopolov,1655.7949977545757,53.0,28.8,R,0.65,0.8,0.46153846153846156,0.5365641206563694,0.8061825155942802,0.5701842147819681,0.10268418101811179,,0,,0,0,1,0,3,65,1699.2046872878614,12.0,26.8,R,0.65,0.8,0.64,0.5859174142377526,0.7475042756357867,0.4873971747680187,0.08778632964259313,,0,,2,6,0,7,1,120,David Goffin,0,-43.4096895332857,41.0,2.0,0.0,-0.049353293581383184,-2,1,0,0
2017-6967-290,2017-09-25,Hard,A,R16,3,2017,Alexandr Dolgopolov,1628.1667570400825,53.0,28.8,R,0.6,0.8,0.46153846153846156,0.5298974539897028,0.7857238321208909,0.5622041840600019,0.08718993143909277,,0,,0,0,3,0,1,67,1471.9097499114328,98.0,31.7,R,0.4,0.6,0.5,0.5533488184499404,0.7422331218544859,0.50554275967825,0.11428616335200678,,0,,0,0,0,84,0,24,Sergiy Stakhovsky,1,156.25700712864978,-45.0,-2.8999999999999986,0.19999999999999996,-0.023451364460237656,0,3,0,0
2017-0329-271,2017-10-02,Hard,A,R32,3,2017,Alexandr Dolgopolov,1641.783749927502,44.0,28.9,R,0.6,0.6,0.5294117647058824,0.5311066567719392,0.7834772015846184,0.5690644904064298,0.09963442178857729,,0,,4,9,0,7,2,68,1540.4140167950936,64.0,21.6,R,0.5,0.0,0.5,0.5678221496294849,0.6817754048642822,0.4433036933551807,0.09057892530110159,,0,,0,0,0,14,0,47,Daniil Medvedev,1,101.36973313240833,-20.0,7.299999999999997,0.09999999999999998,-0.036715492857545606,4,0,0,0
2017-0329-286,2017-10-02,Hard,A,R16,3,2017,Alexandr Dolgopolov,1653.2436057689492,44.0,28.9,R,0.65,0.8,0.5294117647058824,0.5475803409824656,0.7860413041487211,0.5682141502703754,0.1050028428412089,2.0,2,1.0,4,9,1,0,3,69,1603.9923458108028,46.0,27.7,R,0.5,0.6,0.46875,0.5577755710669895,0.7617392105844384,0.5262232487246484,0.11283371903906791,0.0,2,0.0,0,0,0,35,1,101,Steve Johnson,0,49.25125995814642,-2.0,1.1999999999999993,0.15000000000000002,-0.010195230084523943,4,1,0,0
2017-5014-271,2017-10-09,Hard,M,R32,3,2017,Alexandr Dolgopolov,1634.9905727498267,41.0,28.9,R,0.6,0.6,0.5263157894736842,0.5535327219348465,0.7711062392136562,0.5532141502703752,0.10559808093644696,,0,,2,4,0,7,0,70,1654.0151583783395,34.0,36.0,L,0.65,0.6,0.391304347826087,0.5740592868905674,0.7980780325382202,0.5056052045882554,0.14603756359626444,,0,,1,2,0,7,0,91,Feliciano Lopez,1,-19.024585628512796,7.0,-7.100000000000001,-0.050000000000000044,-0.020526564955720916,1,0,0,0
2017-5014-286,2017-10-09,Hard,M,R16,3,2017,Alexandr Dolgopolov,1651.8658127124527,41.0,28.9,R,0.6,0.6,0.5263157894736842,0.5631954203475449,0.7645756269687581,0.5620983385305551,0.110161572999939,0.0,1,0.0,2,4,1,0,1,71,1944.0025661927548,2.0,36.1,R,0.9,0.8,0.90625,0.5939633625628928,0.7847744908604222,0.593237642364256,0.12458183218785682,1.0,1,1.0,0,0,0,17,4,72,Roger Federer,0,-292.1367534803021,39.0,-7.200000000000003,-0.30000000000000004,-0.030767942215347954,2,1,0,0
2017-7485-273,2017-10-16,Hard,A,R32,3,2017,Alexandr Dolgopolov,1646.8458483377158,36.0,28.9,R,0.55,0.4,0.5238095238095238,0.5715620679774707,0.7488613412544725,0.5478355180177347,0.11218898590684934,,0,,2,5,0,7,0,72,1519.490108837344,96.0,25.5,R,0.5,0.6,0.5,0.606512391547364,0.7563470381621167,0.5358278436539305,0.11618703180356862,,0,,0,0,0,21,3,22,Henri Laaksonen,0,127.35573950037178,-60.0,3.3999999999999986,0.050000000000000044,-0.03495032356989336,2,0,0,0
2017-0328-276,2017-10-23,Hard,A,R32,3,2017,Alexandr Dolgopolov,1625.2301924180283,37.0,28.9,R,0.5,0.4,0.5,0.5861176235330262,0.7329976514777392,0.5348800524306901,0.11235565257351603,,0,,1,2,0,7,0,73,1549.7048946683958,46.0,25.4,R,0.4,0.6,0.56,0.573279077636949,0.6725906898490883,0.4851325379743573,0.07839867835292973,,0,,0,0,0,14,1,61,Ryan Harrison,0,75.5252977496325,-9.0,3.5,0.09999999999999998,0.012838545896077247,1,0,0,0
2018-M020-278,2018-01-01,Hard,A,R32,3,2018,Alexandr Dolgopolov,1605.8058917865205,38.0,29.1,R,0.45,0.2,0.4782608695652174,0.5819173387679574,0.7349584357914647,0.5329320004826382,0.11442019932244815,0.0,1,0.0,0,0,0,70,0,74,1684.6154802008423,26.0,25.3,R,0.7,0.6,0.6176470588235294,0.562203325390538,0.711360271323561,0.5581077211319146,0.04638545391138489,1.0,1,1.0,0,0,0,63,1,97,Diego Schwartzman,1,-78.80958841432175,12.0,3.8000000000000007,-0.24999999999999994,0.019714013377419404,0,0,0,0
2018-M020-290,2018-01-01,Hard,A,R16,3,2018,Alexandr Dolgopolov,1625.3742161949529,38.0,29.1,R,0.5,0.4,0.4782608695652174,0.5681492228259285,0.7270796479126769,0.503489029660357,0.09920280801810033,2.0,3,0.6666666666666666,0,0,1,0,1,75,1519.5527623151315,66.0,32.6,L,0.45,0.4,0.38461538461538464,0.597658712681626,0.7232649192127734,0.5151281125175915,0.06992407141847698,1.0,3,0.3333333333333333,0,0,0,105,0,60,Horacio Zeballos,1,105.82145387982132,-28.0,-3.5,0.04999999999999999,-0.029509489855697457,0,1,0,0
2018-M020-296,2018-01-01,Hard,A,QF,3,2018,Alexandr Dolgopolov,1636.6462630198992,38.0,29.1,R,0.55,0.4,0.4782608695652174,0.5805474128711773,0.7263666354349585,0.4913026497320415,0.10608063607239897,0.0,1,0.0,0,0,2,0,2,76,1775.729134077153,21.0,22.6,R,0.65,0.6,0.7058823529411765,0.6062870466944925,0.770376741794768,0.528837672335771,0.1671453045935936,1.0,1,1.0,0,0,0,77,0,91,Nick Kyrgios,0,-139.0828710572539,17.0,6.5,-0.09999999999999998,-0.025739633823315233,0,2,0,0
2018-M001-291,2018-01-08,Hard,A,R16,3,2018,Alexandr Dolgopolov,1638.3502373683616,37.0,29.1,R,0.55,0.6,0.52,0.5776164167307839,0.7224059502723132,0.48117431933011334,0.10128079036141946,,0,,3,7,0,7,0,77,1680.9149996441743,27.0,30.6,R,0.6,0.6,0.6206896551724138,0.5831280826675297,0.7150200552492911,0.4968696236018717,0.05606316981015782,,0,,0,0,1,0,1,105,Fabio Fognini,0,-42.564762275812654,10.0,-1.5,-0.04999999999999993,-0.005511665936745791,3,-1,0,0
2018-M001-280,2018-01-08,Hard,A,R32,3,2018,Alexandr Dolgopolov,1626.7297265926768,37.0,29.1,R,0.55,0.4,0.52,0.5813679256916902,0.7182830117415786,0.49169480659478665,0.10177294376470666,2.0,2,1.0,3,7,1,0,0,78,1529.1424956950686,54.0,31.9,R,0.4,0.2,0.42424242424242425,0.6856422159080326,0.7281802122227654,0.512841203729686,0.09229508894922216,0.0,2,0.0,1,3,0,7,0,109,Viktor Troicki,1,97.58723089760815,-17.0,-2.799999999999997,0.15000000000000002,-0.10427429021634249,2,1,0,0
2018-580-302,2018-01-15,Hard,G,R32,5,2018,Alexandr Dolgopolov,1645.376525907088,37.0,29.1,R,0.6,0.6,0.5384615384615384,0.5701538661419896,0.7397364199348205,0.47763361272489063,0.10929048787925685,1.0,2,0.5,2,6,1,0,2,80,1663.9781652989352,26.0,25.4,R,0.6,0.4,0.6060606060606061,0.5310244897807561,0.7226923244787956,0.5685557498057497,0.04469362083208378,1.0,2,0.5,1,2,0,7,0,99,Diego Schwartzman,0,-18.60163939184713,11.0,3.700000000000003,0.0,0.03912937636123348,1,1,1,1
2018-580-204,2018-01-15,Hard,G,R64,5,2018,Alexandr Dolgopolov,1633.4286136611233,37.0,29.1,R,0.6,0.6,0.5384615384615384,0.574394520347597,0.7345172830997586,0.48569812885392294,0.10403347853346245,,0,,2,6,2,0,0,81,1543.4815847106345,78.0,30.1,R,0.55,0.6,0.5,0.6665494917659369,0.7183016242574224,0.5106333980398319,0.08668720163780777,,0,,0,0,0,14,0,21,Matthew Ebden,1,89.94702895048886,-41.0,-1.0,0.04999999999999993,-0.09215497141833995,2,2,1,1
2018-M009-257,2018-05-14,Clay,M,R64,3,2018,Alexandr Dolgopolov,1607.8904011277793,54.0,29.5,R,0.5,0.4,0.45454545454545453,0.6152748020069102,0.7186102154607474,0.5218529275146796,0.10505283245123201,,0,,0,0,0,35,0,83,1792.860540952782,18.0,30.9,R,0.65,0.4,0.6875,0.6581107451187644,0.7107605987807051,0.4986129103195667,0.041418552697293144,,0,,2,5,1,0,1,118,Novak Djokovic,0,-184.97013982500266,36.0,-1.3999999999999986,-0.15000000000000002,-0.042835943111854236,-2,-1,0,0
2023-0360-297,2023-04-03,Clay,A,QF,3,2023,Alexandre Muller,1537.2326845516068,126.0,26.1,R,0.45454545454545453,0.8,,0.5867840314093399,0.6592371562013493,0.4998080266589394,0.05675762514420315,,0,,0,0,1,0,3,10,1614.3984133425622,21.0,21.0,R,0.5,0.2,0.625,0.5972340061930522,0.6766526488551052,0.5445120806322549,0.059725547853556125,,0,,0,0,0,14,0,116,Lorenzo Musetti,1,-77.16572879095543,105.0,5.100000000000001,-0.04545454545454547,-0.010449974783712346,0,1,0,0
2023-0360-299,2023-04-03,Clay,A,SF,3,2023,Alexandre Muller,1556.7289962722177,126.0,26.1,R,0.5,0.8,,0.6027605584608052,0.6732230582944128,0.4915130879938182,0.05300762514420315,,0,,0,0,2,0,4,11,1514.2645231164092,114.0,24.3,R,0.375,0.6,0.3333333333333333,0.6134053957406669,0.6757224837828022,0.48981783318406125,0.040413027601599566,,0,,0,0,0,14,0,13,Pavel Kotov,1,42.46447315580849,12.0,1.8000000000000007,0.125,-0.010644837279861652,0,2,0,0
2023-0360-282,2023-04-03,Clay,A,R32,3,2023,Alexandre Muller,1500.4717825843863,126.0,26.1,R,0.3333333333333333,0.4,,0.5713734567901234,0.6070921985815603,0.4565126050420168,0.04956096418717745,,0,,0,0,3,0,5,12,1657.6255851832211,42.0,36.7,R,0.6,0.6,0.5625,0.5425065984137183,0.7216695753832778,0.5633388882641072,0.06478409524281911,,0,,0,0,0,14,1,284,Richard Gasquet,1,-157.15380259883477,84.0,-10.600000000000001,-0.26666666666666666,0.028866858376405125,0,3,0,0
2023-0360-300,2023-04-03,Clay,A,F,3,2023,Alexandre Muller,1570.783114804041,126.0,26.1,R,0.5384615384615384,0.8,,0.6079915222945734,0.6699935742197028,0.4984831288837374,0.04553148516541206,0.0,1,0.0,0,0,4,0,6,13,1537.8852862330386,82.0,30.0,R,0.45,0.6,0.375,0.5999397146895751,0.6616175683327519,0.5110322411706744,0.040055017112067076,1.0,1,1.0,0,0,0,14,0,168,Roberto Carballes Baena,0,32.897828571002265,44.0,-3.8999999999999986,0.08846153846153842,0.008051807604998351,0,4,0,0
2023-0416-266,2023-05-08,Clay,M,R64,3,2023,Alexandre Muller,1567.3628487393935,100.0,26.2,R,0.5333333333333333,0.8,0.8,0.613817588607377,0.7011193024446366,0.5414202789266177,0.054616236030984845,,0,,0,0,0,35,0,14,1765.270377763262,13.0,27.7,L,0.65,0.4,0.7391304347826086,0.6564614089354558,0.7159233425719276,0.5813457447043785,0.06854252750347502,,0,,0,0,0,14,0,277,Cameron Norrie,0,-197.90752902386862,87.0,-1.5,-0.1166666666666667,-0.042643820328078785,0,0,0,0
2023-0416-231,2023-05-08,Clay,M,R128,3,2023,Alexandre Muller,1553.2726253307526,100.0,26.2,R,0.5,0.8,0.8,0.5989417129871855,0.6890343048346868,0.4888959031888618,0.04608093571486262,,0,,0,0,1,0,0,15,1511.6037096152704,473.0,28.3,R,0.25,0.0,0.0,0.6099252204322656,0.6639744049935473,0.4940444725624523,0.07588378266407514,,0,,0,0,0,14,0,212,Kyle Edmund,1,41.66891571548217,-373.0,-2.1000000000000014,0.25,-0.010983507445080143,0,1,0,0
2023-7694-276,2023-05-22,Clay,A,R32,3,2023,Alexandre Muller,1559.6041741277456,100.0,26.2,R,0.5,0.6,0.7142857142857143,0.6189908963721757,0.6835346180460262,0.5429908652187219,0.047208828623577434,,0,,0,0,0,14,1,16,1723.0695873163243,60.0,21.4,L,0.55,0.8,0.5,0.5766432641432642,0.6986599721999313,0.4843058936904038,0.12062511400520229,,0,,0,0,0,42,1,47,Jack Draper,0,-163.46541318857862,40.0,4.800000000000001,-0.050000000000000044,0.04234763222891158,0,0,0,0
2023-520-148,2023-05-29,Clay,G,R128,5,2023,Alexandre Muller,1550.621712912911,101.0,26.3,R,0.47058823529411764,0.4,0.625,0.6134554430985946,0.6764714788220687,0.5386917786968497,0.043669005614727884,,0,,1,2,0,7,0,17,1931.548029702969,9.0,21.7,R,0.75,0.8,0.8333333333333334,0.5899515383466458,0.7297137428406448,0.5887116127700776,0.038212827876766484,,0,,0,0,0,21,1,206,Jannik Sinner,0,-380.92631679005785,92.0,4.600000000000001,-0.27941176470588236,0.023503904751948745,1,0,1,1
2023-540-101,2023-07-03,Grass,G,R128,5,2023,Alexandre Muller,1547.4089132990384,84.0,26.4,R,0.4444444444444444,0.2,,,,,0.046102868048590324,,0,,0,0,0,35,0,18,1563.5312652451648,82.0,27.9,R,0.35,0.4,0.4,0.6612673646028521,0.7738866056925549,0.4282858807858808,0.10339813526370903,,0,,3,6,0,7,1,93,Arthur Rinderknech,1,-16.1223519461264,2.0,-1.5,0.09444444444444444,,-3,0,1,1
2023-540-164,2023-07-03,Grass,G,R64,5,2023,Alexandre Muller,1564.1508425839788,84.0,26.4,R,0.47368421052631576,0.4,,0.6595744680851063,0.6236559139784946,0.5,0.04690991133545752,,0,,0,0,1,0,1,19,2067.413355707592,1.0,20.1,R,0.9,1.0,1.0,0.6442701403875503,0.7768386585194494,0.5471196174706356,0.06640472592126298,,0,,0,0,0,14,7,157,Carlos Alcaraz,0,-503.2625131236132,83.0,6.299999999999997,-0.42631578947368426,0.015304327697556075,0,1,1,1
2023-0314-279,2023-07-17,Clay,A,R32,3,2023,Alexandre Muller,1562.4771954390608,76.0,26.4,R,0.45,0.2,0.5555555555555556,0.6168593231691413,0.6595491631367645,0.5412516915508803,0.043012061873091936,,0,,0,0,0,14,0,20,1598.8312309220735,94.0,29.8,R,0.3,0.2,0.5238095238095238,0.5916293414400753,0.7228398604426316,0.5321578222833018,0.06012059840984949,,0,,0,0,0,14,0,383,Dominic Thiem,0,-36.354035483012694,-18.0,-3.400000000000002,0.15000000000000002,0.025229981729065987,0,0,0,0
2023-0414-279,2023-07-24,Clay,A,R32,3,2023,Alexandre Muller,1548.1452773877415,81.0,26.4,R,0.45,0.2,0.5,0.6187911413509595,0.6843408298034311,0.5390156667061597,0.04009104846027524,,0,,1,2,0,7,0,21,1494.9271448455456,77.0,19.2,R,0.3125,0.4,0.4444444444444444,0.6090530332294057,0.6746938472119992,0.48903852568031897,0.02630989606312941,,0,,2,4,2,0,0,18,Luca Van Assche,0,53.21813254219592,4.0,7.199999999999999,0.1375,0.009738108121553735,-1,-2,0,0
2023-6242-247,2023-08-21,Hard,A,R64,3,2023,Alexandre Muller,1529.713480651225,85.0,26.5,R,0.45,0.2,0.6666666666666666,0.6882643812523519,0.6261039434956045,0.5303854530562605,0.04825431376639769,,0,,0,0,0,28,0,22,1563.9910168024612,101.0,27.1,R,0.45,0.2,0.5833333333333334,0.6409104491758321,0.7327097527097528,0.5165268260541829,0.0572348477454,,0,,0,0,0,28,0,77,Benjamin Bonzi,0,-34.27753615123629,-16.0,-0.6000000000000014,0.0,0.047353932076519833,0,0,0,0
2023-560-163,2023-08-28,Hard,G,R128,5,2023,Alexandre Muller,1515.2869178009225,84.0,26.5,R,0.45,0.2,0.5,0.6779355589479206,0.6292362993958632,0.5310515571385137,0.054077055092402494,,0,,1,2,0,7,0,23,2135.4856950109333,2.0,36.2,R,0.9,0.8,0.925,0.6146908352775686,0.7776292103125091,0.6217890221589379,0.06660806801346568,,0,,0,0,0,14,9,425,Novak Djokovic,0,-620.1987772100108,82.0,-9.700000000000003,-0.45,0.06324472367035194,1,0,1,1
2023-9164-280,2023-09-20,Hard,A,R32,3,2023,Alexandre Muller,1514.4107326669944,84.0,26.6,R,0.4,0.0,0.4,0.6761387974961909,0.6235186858827426,0.5058622536883407,0.052816550890721826,,0,,0,0,0,23,0,24,1571.2198443278999,72.0,22.5,R,0.5,0.6,0.5,0.5637663735490483,0.6409256603918202,0.45455138117869864,0.0421159105527111,,0,,0,0,0,23,3,21,Rinky Hijikata,1,-56.8091116609055,12.0,4.100000000000001,-0.09999999999999998,0.11237242394714253,0,0,0,0
2023-9164-291,2023-09-20,Hard,A,R16,3,2023,Alexandre Muller,1533.0038209026643,84.0,26.6,R,0.45,0.2,0.4,0.6714281435530234,0.6329616890893401,0.4987542891890719,0.03904483873191289,,0,,0,0,1,0,1,25,1728.056953085212,33.0,23.2,R,0.55,0.6,0.6896551724137931,0.6064595547880265,0.7609273244222534,0.5172354165154867,0.1120095473195017,,0,,0,0,0,23,0,135,Sebastian Korda,0,-195.05313218254764,51.0,3.400000000000002,-0.10000000000000003,0.06496858876499689,0,1,0,0
2023-5014-235,2023-10-02,Hard,M,R128,3,2023,Alexandre Muller,1525.148163233566,81.0,26.6,R,0.45,0.2,0.42857142857142855,0.6602868392051973,0.6265996819208813,0.4920876225224052,0.04216983873191289,,0,,0,0,0,12,0,26,1404.9554710776133,245.0,35.7,R,0.1,0.0,0.0,0.6357529511457328,0.6608073157441003,0.5164919749538208,0.028986152286784545,,0,,1,3,0,7,0,168,Mikhail Kukushkin,0,120.19269215595273,-164.0,-9.100000000000001,0.35,0.024533888059464437,-1,0,0,0
2023-0337-279,2023-10-23,Hard,A,R32,3,2023,Alexandre Muller,1503.8238090501409,84.0,26.7,R,0.4,0.2,0.375,0.6516943678467686,0.6321970085708396,0.48349688893167153,0.05280813660425332,,0,,0,0,0,21,0,27,1760.9608218221592,12.0,26.4,R,0.65,0.6,0.6739130434782609,0.5893550666451035,0.7427568395991536,0.5621809123896724,0.07912118707850416,,0,,3,7,0,7,2,218,Tommy Paul,0,-257.13701277201835,72.0,0.3000000000000007,-0.25,0.06233930120166509,-3,0,0,0
2023-0352-239,2023-10-30,Hard,M,R64,3,2023,Alexandre Muller,1497.8910964716245,83.0,26.7,R,0.35,0.2,0.3333333333333333,0.6563248907099754,0.6427918848192113,0.49888150431628686,0.051339323726989725,,0,,1,2,0,7,0,28,1640.216178172231,45.0,26.2,R,0.55,0.4,0.4,0.6292464248289098,0.757608560896902,0.5416721818080862,0.09258809875598782,,0,,1,2,0,7,0,59,Roman Safiullin,0,-142.32508170060646,38.0,0.5,-0.20000000000000007,0.02707846588106555,0,0,0,0
2024-0301-280,2024-01-08,Hard,A,R32,3,2024,Alexandre Muller,1488.1018292651684,79.0,26.9,R,0.35,0.2,0.3,0.662915048943326,0.650811208490709,0.487892493327276,0.05553470880340568,0.0,1,0.0,0,0,0,70,0,29,1537.3810028734047,110.0,27.5,R,0.45,0.2,0.47368421052631576,0.6092771855059806,0.7397748612889459,0.4825083774296667,0.0837190319019107,1.0,1,1.0,1,3,0,7,0,85,Benjamin Bonzi,1,-49.279173608236306,-31.0,-0.6000000000000014,-0.10000000000000003,0.053637863437345334,-1,0,0,0
2024-0301-291,2024-01-08,Hard,A,R16,3,2024,Alexandre Muller,1506.3561222518517,79.0,26.9,R,0.35,0.2,0.3,0.6614734274760121,0.6529042317465228,0.5138893035346125,0.06427126794319063,,0,,0,0,1,0,1,30,1682.920946436214,22.0,25.4,R,0.5,0.4,0.5217391304347826,0.6536969248411506,0.6814087883731947,0.4572324270366014,0.042849342821032546,,0,,1,2,0,7,0,116,Francisco Cerundolo,1,-176.56482418436235,57.0,1.5,-0.15000000000000002,0.007776502634861515,-1,1,0,0
2024-0301-296,2024-01-08,Hard,A,QF,3,2024,Alexandre Muller,1529.852717156744,79.0,26.9,R,0.35,0.4,0.3,0.644887276107252,0.645205755403299,0.4908946511281954,0.06498273039378351,,0,,0,0,2,0,2,31,1522.380811539746,74.0,30.9,R,0.35,0.4,0.4,0.5791841334371686,0.7266518163202347,0.47117346703163643,0.06738197467557759,,0,,1,2,2,0,1,176,Taro Daniel,0,7.471905616997901,5.0,-4.0,0.0,0.06570314267008348,-1,0,0,0
2024-580-145,2024-01-15,Hard,G,R128,5,2024,Alexandre Muller,1513.5086762252488,73.0,26.9,R,0.3,0.4,0.38461538461538464,0.6261627673938669,0.6603099220699657,0.4911016904656694,0.06112054035647826,,0,,3,7,0,7,0,32,1480.3008289723036,178.0,27.8,R,0.3333333333333333,0.4,,0.6642085481073948,0.7463840398174016,0.4419391259409408,0.06252253461966317,,0,,0,0,0,231,0,15,Hugo Grenier,0,33.20784725294516,-105.0,-0.9000000000000021,-0.033333333333333326,-0.03804578071352793,3,0,1,1
2024-0375-292,2024-01-29,Hard,A,R16,3,2024,Alexandre Muller,1512.1689719359504,71.0,26.9,R,0.3,0.6,0.35714285714285715,0.6444229165239415,0.6727099828694794,0.49391465139883506,0.054862600560841704,,0,,0,0,1,0,1,34,1597.4727237166721,133.0,26.0,R,0.6,0.6,0.6428571428571429,0.6730429098018248,0.7330014590730364,0.4937879037077593,0.10259519472527974,,0,,0,0,0,154,2,59,Michael Mmoh,0,-85.30375178072177,-62.0,0.8999999999999986,-0.3,-0.028619993277883338,0,1,0,0
2024-0451-283,2024-02-19,Hard,A,R32,3,2024,Alexandre Muller,1500.020276006191,75.0,27.0,R,0.25,0.4,0.375,0.6392119984097976,0.6675817777412743,0.48680002689290613,0.05324969733503525,0.0,1,0.0,0,0,0,21,0,35,1544.3721064549618,50.0,36.7,R,0.35,0.0,0.46153846153846156,0.5694210999431333,0.7039290506740074,0.44971824367526236,0.05635701364507606,1.0,1,1.0,0,0,0,14,0,261,Andy Murray,0,-44.3518304487709,25.0,-9.700000000000003,-0.09999999999999998,0.06979089846666431,0,0,0,0
2024-0404-258,2024-03-04,Hard,M,R64,3,2024,Alexandre Muller,1502.1074831028322,88.0,27.0,R,0.3,0.4,0.2857142857142857,0.6449145085433874,0.656032070138935,0.5090118168466315,0.05310760035224264,,0,,0,0,0,14,0,36,1912.1347251911402,13.0,32.8,R,0.8,0.6,0.7272727272727273,0.6629618282618858,0.8321322105417515,0.5361590758101425,0.11105612006484604,,0,,0,0,1,0,4,406,Grigor Dimitrov,0,-410.02724208830796,75.0,-5.799999999999997,-0.5,-0.018047319718498378,0,-1,0,0
2024-0404-215,2024-03-04,Hard,M,R128,3,2024,Alexandre Muller,1486.0517305527583,88.0,27.0,R,0.25,0.2,0.2857142857142857,0.6463422800999383,0.6648039999634965,0.47910771920059847,0.05716695085616201,0.0,1,0.0,0,0,1,0,0,37,1487.262386695154,146.0,27.9,R,0.35,0.4,0.4,0.642990646368314,0.7256103615031838,0.44894154885061643,0.07491709621883348,1.0,1,1.0,0,0,0,14,1,20,Hugo Grenier,1,-1.2106561423956919,-58.0,-0.8999999999999986,-0.09999999999999998,0.0033516337316242817,0,1,0,0
2024-0403-212,2024-03-18,Hard,M,R128,3,2024,Alexandre Muller,1499.3474820517652,85.0,27.1,R,0.3,0.4,0.3125,0.6312850394209606,0.677233884197892,0.4969428513293902,0.05644454509763809,,0,,0,0,0,14,1,38,1586.9086000183088,863.0,26.2,R,0.55,0.2,0.0,0.5889040374186831,0.7498201927414324,0.5323873524342105,0.09088689390530888,,0,,0,0,1,0,0,111,Soon Woo Kwon,0,-87.56111796654363,-778.0,0.9000000000000021,-0.25000000000000006,0.04238100200227746,0,-1,0,0
2024-0425-274,2024-04-15,Clay,A,R32,3,2024,Alexandre Muller,1486.523791169853,110.0,27.2,R,0.3,0.4,0.14285714285714285,0.6105569202070911,0.6649053161301126,0.536555945711956,0.041637449873538734,,0,,0,0,1,0,1,41,1842.6890116727475,6.0,25.3,R,0.75,0.8,0.71875,0.6438682539032671,0.7069585299288142,0.5362643769322231,0.06311283383960373,,0,,5,12,0,7,1,323,Casper Ruud,0,-356.1652205028945,104.0,1.8999999999999986,-0.45,-0.033311333696176004,-5,1,0,0
2024-0416-274,2024-05-06,Clay,M,R32,3,2024,Alexandre Muller,1527.803764467264,109.0,27.2,R,0.4,0.6,0.2222222222222222,0.6026525795013711,0.6329031870028241,0.5196524570437614,0.03707095696225471,,0,,0,0,0,21,0,42,1869.0348107188688,6.0,26.5,R,0.65,1.0,0.75,0.6594846373967778,0.7405688893088193,0.5299834789791749,0.0892040056842293,,0,,0,0,0,14,6,434,Andrey Rublev,1,-341.23104625160477,103.0,0.6999999999999993,-0.25,-0.056832057895406685,0,0,0,0
2024-0416-247,2024-05-06,Clay,M,R64,3,2024,Alexandre Muller,1508.059982693396,109.0,27.2,R,0.35,0.4,0.2222222222222222,0.6187097463782101,0.640886380280135,0.5438948812861856,0.035431612699959626,,0,,0,0,1,0,1,43,1590.8895255118084,34.0,19.8,R,0.45,0.4,0.5217391304347826,0.5904105828217436,0.7090649269172804,0.48349638757567137,0.0439135777307615,,0,,0,0,0,14,0,63,Arthur Fils,1,-82.82954281841239,75.0,7.399999999999999,-0.10000000000000003,0.028299163556466445,0,1,0,0
2024-0416-192,2024-05-06,Clay,M,R128,3,2024,Alexandre Muller,1482.8749291250122,109.0,27.2,R,0.3,0.2,0.2222222222222222,0.6042851432036068,0.6470207007454972,0.5298892790452893,0.03876494603329296,,0,,0,0,2,0,2,44,1709.9471021213442,50.0,32.2,R,0.6,1.0,0.7142857142857143,0.6501549262074934,0.6821540865511945,0.5595476048460644,0.07580548238434036,,0,,0,0,0,21,7,262,Marton Fucsovics,1,-227.07217299633203,59.0,-5.0000000000000036,-0.3,-0.045869783003886555,0,2,0,0
2024-0416-288,2024-05-06,Clay,M,R16,3,2024,Alexandre Muller,1555.8676304081052,109.0,27.2,R,0.4,0.8,0.2222222222222222,0.6091148436523144,0.651031265820558,0.5186423560336604,0.04457095696225471,,0,,0,0,3,0,3,45,1668.881713239586,24.0,28.5,R,0.5,0.4,0.5555555555555556,0.6371276216119447,0.7133441333051932,0.5546749341820378,0.10508481284879112,,0,,0,0,1,0,0,175,Nicolas Jarry,0,-113.01408283148066,85.0,-1.3000000000000007,-0.09999999999999998,-0.02801277795963031,0,2,0,0
2024-7694-287,2024-05-20,Clay,A,R16,3,2024,Alexandre Muller,1557.3557148842722,90.0,27.2,R,0.45,0.8,0.36363636363636365,0.6134847980222687,0.6665045739469209,0.5279117903030947,0.039619194742145564,1.0,1,1.0,0,0,0,14,0,46,1608.47705838261,57.0,25.5,R,0.5,0.6,0.5833333333333334,0.6642709029925689,0.7154747783321381,0.4934193296693296,0.056452484438640683,0.0,1,0.0,0,0,1,0,0,59,Pavel Kotov,0,-51.121343498337865,33.0,1.6999999999999993,-0.04999999999999999,-0.05078610497030012,0,-1,0,0
2024-7694-272,2024-05-20,Clay,A,R32,3,2024,Alexandre Muller,1544.8960128666013,90.0,27.2,R,0.4,0.6,0.36363636363636365,0.6149133694508402,0.648436595413826,0.5222137846050889,0.041582757495182,1.0,1,1.0,0,0,1,0,0,47,1466.7266023597485,124.0,37.9,R,0.2,0.4,0.16666666666666666,0.5338870655838014,0.6751864065346098,0.5401358941563821,0.042999409554269515,0.0,1,0.0,0,0,0,28,0,317,Richard Gasquet,1,78.16941050685273,-34.0,-10.7,0.2,0.0810263038670388,0,1,0,0
2024-520-286,2024-05-27,Clay,G,R128,5,2024,Alexandre Muller,1543.6930960260306,90.0,27.3,R,0.45,0.6,0.4166666666666667,0.626731551269022,0.6508795739469209,0.5344335294335294,0.035251062874013694,,0,,2,4,0,7,1,48,1484.5112755817438,72.0,20.8,R,0.3,0.2,0.25,0.6278229702521848,0.613962739531552,0.46890598339986556,0.039573382666529926,,0,,0,0,0,21,0,22,Luca Nardi,1,59.181820444286814,18.0,6.5,0.15000000000000002,-0.001091418983162784,2,0,1,1
2024-520-344,2024-05-27,Clay,G,R64,5,2024,Alexandre Muller,1556.9937298119025,90.0,27.3,R,0.5,0.6,0.4166666666666667,0.6288508605311884,0.673428593554764,0.5399890849890849,0.03146595908890991,,0,,2,4,1,0,2,49,1659.3461978302958,35.0,23.2,R,0.55,0.6,0.5625,0.5673431595159725,0.6924677483390675,0.5243845573071807,0.07027980112574474,,0,,0,0,0,21,0,60,Matteo Arnaldi,0,-102.35246801839321,55.0,4.100000000000001,-0.050000000000000044,0.061507701015215965,2,1,1,1
2024-540-171,2024-07-01,Grass,G,R64,5,2024,Alexandre Muller,1559.052275124624,102.0,27.4,R,0.45,0.6,0.5,0.6938821800523929,0.5981292070985226,0.5874168179068361,0.03577418581092974,,0,,0,0,0,35,0,50,1948.260617123099,5.0,28.3,R,0.7,0.6,0.7142857142857143,0.6571507588780027,0.7673115873762013,0.4832625876403965,0.07499534380941575,,0,,0,0,1,0,1,486,Daniil Medvedev,0,-389.20834199847513,97.0,-0.9000000000000021,-0.24999999999999994,0.03673142117439021,0,-1,1,1
2024-540-114,2024-07-01,Grass,G,R128,5,2024,Alexandre Muller,1545.5754530759364,102.0,27.4,R,0.45,0.4,0.5,0.6714539007092198,0.5862182008916863,0.6052631578947368,0.03036878040552433,,0,,0,0,1,0,0,51,1490.3242510278017,71.0,23.7,L,0.4,0.4,,0.5412715788610216,0.7108499929652226,0.5385324675324675,0.02133625962778702,,0,,0,0,0,35,0,76,Hugo Gaston,1,55.2512020481347,31.0,3.6999999999999993,0.04999999999999999,0.13018232184819822,0,1,1,1
2024-0439-290,2024-07-22,Clay,A,R16,3,2024,Alexandre Muller,1557.5419538763051,102.0,27.4,R,0.45,0.4,0.46153846153846156,0.6397475688561033,0.6707432504425914,0.5121217671217672,0.038910969443042114,,0,,1,2,0,7,0,53,1591.0932709747294,54.0,29.1,R,0.4,0.6,0.42857142857142855,0.6637997597140406,0.7058637451718912,0.513547433343395,0.07845293032803986,,0,,0,0,0,21,0,268,Lorenzo Sonego,0,-33.551317098424306,48.0,-1.7000000000000028,0.04999999999999999,-0.024052190857937306,1,0,0,0
2024-0439-278,2024-07-22,Clay,A,R32,3,2024,Alexandre Muller,1537.0029459238103,102.0,27.4,R,0.45,0.4,0.46153846153846156,0.639143947125721,0.6475115431255183,0.5154551004551005,0.040550313705337196,0.0,1,0.0,1,2,1,0,0,54,1638.3458466745412,40.0,23.4,R,0.55,0.2,0.5882352941176471,0.5736128077006593,0.6800204236245537,0.5037987482255775,0.08573508910869915,1.0,1,1.0,1,2,0,7,0,68,Matteo Arnaldi,1,-101.3429007507309,62.0,4.0,-0.10000000000000003,0.06553113942506172,0,1,0,0
2024-6242-259,2024-08-19,Hard,A,R64,3,2024,Alexandre Muller,1543.0822640655483,76.0,27.5,R,0.45,0.4,0.29411764705882354,0.6345714243974865,0.6821545191185269,0.4936461480326869,0.031410969443042114,,0,,0,0,0,28,1,55,1413.064312697085,110.0,32.2,R,0.2,0.0,0.3333333333333333,0.5950059468404341,0.660285685534739,0.48287485073932696,0.04093679326302009,,0,,0,0,0,35,0,50,Constant Lestienne,1,130.0179513684634,-34.0,-4.700000000000003,0.25,0.03956547755705242,0,0,0,0
2024-6242-280,2024-08-19,Hard,A,R32,3,2024,Alexandre Muller,1553.3594016897807,76.0,27.5,R,0.5,0.4,0.29411764705882354,0.6346043407898498,0.6835909076274188,0.49189176206777463,0.03347936436857989,1.0,2,0.5,0,0,1,0,2,56,1589.0913089175258,63.0,25.7,R,0.5,0.2,0.4782608695652174,0.6818132798235457,0.6883415977128406,0.4337958893905185,0.0396840100220626,1.0,2,0.5,0,0,0,21,0,69,Pavel Kotov,0,-35.73190722774507,13.0,1.8000000000000007,0.0,-0.04720893903369583,0,1,0,0
2024-5014-333,2024-10-02,Hard,M,R64,3,2024,Alexandre Muller,1540.3642025286863,74.0,27.6,R,0.5,0.4,0.35294117647058826,0.6478131218813057,0.7100501140558861,0.46745872962828694,0.046837233879107217,,0,,0,0,0,14,0,60,1705.9210963674639,22.0,24.1,R,0.5,0.4,0.5625,0.5881111409016844,0.7379717386545566,0.4870786460492343,0.112459468882365,,0,,1,3,0,7,0,335,Felix Auger Aliassime,1,-165.55689383877757,52.0,3.5,0.0,0.059701980979621316,-1,0,0,0
2024-5014-301,2024-10-02,Hard,M,R128,3,2024,Alexandre Muller,1528.3554224647587,74.0,27.6,R,0.5,0.4,0.35294117647058826,0.6286938353707148,0.6974714977036849,0.4663223659919232,0.04354698711059958,1.0,1,1.0,0,0,1,0,1,61,1439.8192599962897,89.0,21.1,R,0.25,0.0,0.3333333333333333,0.6639946802275747,0.6882037681782849,0.44925427069489865,0.03050305521179079,0.0,1,0.0,0,0,0,14,0,29,Luca Nardi,1,88.536162468469,-15.0,6.5,0.25,-0.035300844856859914,0,1,0,0
2024-5014-352,2024-10-02,Hard,M,R32,3,2024,Alexandre Muller,1563.4593237547067,74.0,27.6,R,0.55,0.6,0.35294117647058826,0.6483672664206729,0.7126142166199887,0.49333285550241274,0.04702950265061096,,0,,0,0,2,0,2,62,1786.9039291894092,12.0,26.1,R,0.55,0.4,0.5882352941176471,0.5922092202987725,0.7131175707401894,0.5091328071769248,0.10203616245615314,,0,,1,3,0,7,0,478,Stefanos Tsitsipas,0,-223.44460543470245,62.0,1.5,0.0,0.05615804612190034,-1,2,0,0
2024-0429-378,2024-10-14,Hard,A,R16,3,2024,Alexandre Muller,1568.4645620043693,70.0,27.6,R,0.5,0.6,0.4,0.6667522229368615,0.718477686221666,0.5040884569643546,0.0522346485998018,1.0,1,1.0,0,0,0,12,0,63,1778.8929745564205,7.0,26.9,R,0.65,0.4,0.673469387755102,0.6050264539003938,0.7705331899060668,0.4949700829468462,0.125145785821506,0.0,1,0.0,0,0,0,12,0,464,Andrey Rublev,0,-210.4284125520512,63.0,0.7000000000000028,-0.15000000000000002,0.06172576903646776,0,0,0,0
2024-4787-362,2024-11-04,Hard,A,R32,3,2024,Alexandre Muller,1561.1216183429954,68.0,27.7,R,0.45,0.6,0.45,0.6579802931123002,0.6961833139272937,0.5153979807738784,0.053989034564714086,,0,,0,0,0,21,1,65,1653.0275793366886,196.0,36.1,R,0.4,0.2,0.45454545454545453,0.5577716707668833,0.7891340027164482,0.514071678075926,0.15167764939405762,,0,,1,2,0,7,0,360,Marin Cilic,0,-91.90596099369327,-128.0,-8.400000000000002,0.04999999999999999,0.10020862234541694,-1,0,0,0
2025-143547-9,2024-12-30,Hard,A,QF,3,2025,Alexandre Muller,1598.155988061564,95.0,27.9,R,0.5,0.6,0.42857142857142855,0.6730318183045175,0.7054017334252836,0.5124992005812483,0.04926300595326198,1.0,1,1.0,0,0,0,56,0,66,1716.256850482349,8.0,20.6,R,0.65,0.4,0.59375,0.6025650819102427,0.834463173409679,0.4924701564356737,0.1365776198240975,0.0,1,0.0,0,0,0,12,0,98,Arthur Fils,1,-118.100862420785,87.0,7.299999999999997,-0.15000000000000002,0.07046673639427481,0,0,0,0
2025-143547-13,2024-12-30,Hard,A,SF,3,2025,Alexandre Muller,1549.2580109196663,95.0,27.9,R,0.45,0.4,0.42857142857142855,0.6557353951531165,0.6886113489710983,0.4965574010637336,0.04929515701369367,,0,,0,0,1,0,1,67,1496.9040414089015,34.0,27.7,R,0.3,0.4,0.18181818181818182,0.6410192150806343,0.6627239895826816,0.4405050983341107,0.04170020814460339,,0,,0,0,0,77,0,214,Jaume Munar,1,52.35396951076473,61.0,0.1999999999999993,0.15000000000000002,0.01471618007248221,0,1,0,0
2025-143547-15,2024-12-30,Hard,A,F,3,2025,Alexandre Muller,1562.8651056862511,95.0,27.9,R,0.45,0.4,0.42857142857142855,0.6547154346354592,0.6996503100100594,0.5191380462250239,0.05251954832757829,,0,,0,0,2,0,2,68,1730.5619934603683,205.0,35.0,R,0.55,0.6,0.5,0.6665217227274028,0.705761304733738,0.5667715549557655,0.04722132418449613,,0,,0,0,0,70,0,285,Kei Nishikori,1,-167.69688777411716,-110.0,-7.100000000000001,-0.10000000000000003,-0.011806288091943618,0,2,0,0
2025-143923-17,2025-01-06,Hard,G,R128,5,2025,Alexandre Muller,1619.3945065676976,95.0,27.9,R,0.55,0.8,0.52,0.6795425155493997,0.7035220341771632,0.5110879102586676,0.044414614387924135,,0,,4,12,0,7,4,70,1599.7452515757095,49.0,27.9,R,0.5,0.6,0.5,0.6224516002325862,0.6594456502089466,0.48696265789993065,0.052723091892573036,,0,,5,14,0,7,0,88,Nuno Borges,0,19.649254991988073,46.0,0.0,0.050000000000000044,0.05709091531681354,-1,0,1,1
2025-145478-2,2025-02-10,Clay,A,R32,3,2025,Alexandre Muller,1602.4905884508132,95.0,28.0,R,0.5,0.8,0.5,0.6258586799672143,0.6662466717524644,0.49201594701594703,0.04131896221401109,,0,,0,0,0,35,0,71,1595.5204019602204,128.0,29.7,R,0.45,0.8,0.4,0.6413661968299469,0.7127160686301736,0.5000181439952238,0.1275981987394888,,0,,0,0,1,0,2,266,Laslo Djere,0,6.970186490592823,-33.0,-1.6999999999999993,0.04999999999999999,-0.015507516862732551,0,-1,0,0
2025-145942-28,2025-02-17,Clay,A,QF,3,2025,Alexandre Muller,1621.2581649969297,95.0,28.1,R,0.55,0.6,0.4666666666666667,0.6280479847214744,0.6864750098153896,0.48560494149628275,0.039597659183224096,1.0,1,1.0,1,2,0,7,0,72,1699.0063506730469,17.0,26.5,R,0.65,0.8,0.6857142857142857,0.7041953926806918,0.6879603955681365,0.5816984126984126,0.05516003911021474,0.0,1,0.0,5,11,0,7,3,183,Francisco Cerundolo,1,-77.74818567611715,78.0,1.6000000000000014,-0.09999999999999998,-0.07614740795921737,-4,0,0,0
2025-145942-16,2025-02-17,Clay,A,R32,3,2025,Alexandre Muller,1586.1696425571795,95.0,28.0,R,0.5,0.6,0.4666666666666667,0.6342719184454081,0.6633054952818762,0.46745454350717497,0.04181385859508129,,0,,1,2,2,0,2,74,1667.851041633988,20.0,18.5,R,0.7,1.0,0.6666666666666666,0.6734924564532612,0.6714969165814694,0.5316322337802517,0.08929792277098955,,0,,5,13,0,7,5,24,Joao Fonseca,1,-81.68139907680848,75.0,9.5,-0.19999999999999996,-0.03922053800785308,-4,2,0,0
2025-145942-24,2025-02-17,Clay,A,R16,3,2025,Alexandre Muller,1605.8634066941531,95.0,28.1,R,0.55,0.6,0.4666666666666667,0.6299537366272262,0.6664472577339835,0.4843376603902919,0.04073457258428844,,0,,1,2,4,0,0,76,1592.7144761097406,25.0,25.6,R,0.4,0.4,0.5454545454545454,0.6439077586041968,0.6837249583748246,0.4943356382036007,0.11308788618154295,,0,,1,2,0,7,0,133,Tomas Martin Etcheverry,1,13.148930584412483,70.0,2.5,0.15000000000000002,-0.013954021976970599,0,4,0,0
2025-146383-16,2025-02-24,Hard,A,R32,3,2025,Alexandre Muller,1630.465408483919,95.0,28.1,R,0.6,0.8,0.5263157894736842,0.6691309213465011,0.692951449953476,0.5212069578777152,0.03928412384163237,,0,,5,11,0,7,1,77,1657.5577115852275,19.0,27.1,R,0.45,0.4,0.5277777777777778,0.6048543889615048,0.7604153909603353,0.5637652786146469,0.12186613834613591,,0,,0,0,1,0,0,383,Frances Tiafoe,0,-27.092303101308516,76.0,1.0,0.14999999999999997,0.06427653238499631,5,-1,0,0
2025-146943-2,2025-03-03,Hard,M,R128,3,2025,Alexandre Muller,1615.7105324896095,95.0,28.1,R,0.55,0.6,0.5,0.6724692223897202,0.6696666266686527,0.5085806952514526,0.0385049030624116,,0,,1,2,0,7,0,78,1528.3124929842215,234.0,25.0,R,0.4,0.4,0.5,0.6424907212662352,0.711564037588711,0.5226252107160917,0.07241910402358519,,0,,1,2,0,7,0,80,Thiago Seyboth Wild,0,87.39803950538794,-139.0,3.1000000000000014,0.15000000000000002,0.02997850112348499,0,0,0,0
2025-147936-47,2025-03-17,Hard,M,R64,3,2025,Alexandre Muller,1607.4666052901,95.0,28.1,R,0.6,0.4,0.47368421052631576,0.6789806495968557,0.6389560800247767,0.4771521238228812,0.029451982619467083,2.0,2,1.0,0,0,0,14,0,79,1712.4040936194879,17.0,26.6,R,0.65,0.6,0.5185185185185185,0.6105820232003343,0.6855548363277328,0.5150259196663306,0.040576250495948187,0.0,2,0.0,0,0,0,14,1,193,Francisco Cerundolo,0,-104.93748832938786,78.0,1.5,-0.050000000000000044,0.06839862639652139,0,0,0,0
2025-148713-13,2025-03-31,Clay,A,R16,3,2025,Alexandre Muller,1596.1573770462728,95.0,28.2,R,0.55,0.2,0.55,0.6325262057757823,0.6914610803607232,0.46485881413911556,0.02385198261946708,,0,,0,0,0,14,1,81,1367.0804777174749,132.0,31.8,R,0.25,0.2,0.0,0.6903024384542025,0.6302605408756935,0.4438275059291875,0.02445014036172766,,0,,0,0,1,0,1,76,Hugo Dellien,1,229.07689932879794,-37.0,-3.6000000000000014,0.30000000000000004,-0.057776232678420136,0,-1,0,0
2025-148713-24,2025-03-31,Clay,A,QF,3,2025,Alexandre Muller,1602.9106320025091,95.0,28.2,R,0.55,0.4,0.55,0.6418037098808728,0.7092992766471953,0.45375991304021446,0.027221254856663844,,0,,0,0,1,0,2,82,1532.4660711134652,53.0,29.2,R,0.45,0.4,,0.6190937275996256,0.6998710651021397,0.48046145084493813,0.07933201262184457,,0,,0,0,0,84,0,54,Kamil Majchrzak,0,70.44456088904394,42.0,-1.0,0.10000000000000003,0.02270998228124721,0,1,0,0
2025-149241-11,2025-03-31,Clay,M,R64,3,2025,Alexandre Muller,1583.710275795348,95.0,28.2,R,0.55,0.4,0.55,0.6447222966704272,0.6957584860668757,0.44551815479845625,0.03133380896921796,,0,,0,0,0,0,0,83,1545.9193380962413,57.0,25.8,R,0.5,0.6,0.5384615384615384,0.6546993030716703,0.6687070533007657,0.40011560710343674,0.02906260209915871,,0,,0,0,0,0,1,28,Camilo Ugo Carabelli,1,37.790937699106735,38.0,2.3999999999999986,0.050000000000000044,-0.009977006401243105,0,0,0,0
2025-149241-40,2025-03-31,Clay,M,R32,3,2025,Alexandre Muller,1597.976769866036,95.0,28.2,R,0.55,0.6,0.55,0.6435331948463682,0.6858963439671938,0.4512414252387078,0.02574322469010909,0.0,1,0.0,0,0,1,0,1,84,1806.4773391791807,3.0,29.2,R,0.65,0.6,0.7142857142857143,0.625053265122683,0.6762750309614771,0.4964631765749778,0.09408725798120991,1.0,1,1.0,0,0,1,0,0,534,Daniil Medvedev,0,-208.50056931314475,92.0,-1.0,-0.09999999999999998,0.018479929723685173,0,0,0,0
2025-150259-19,2025-04-21,Clay,M,R128,3,2025,Alexandre Muller,1585.6795323643519,95.0,28.2,R,0.55,0.4,0.5454545454545454,0.6531618507215443,0.6632680345102399,0.45115572881736093,0.023725595233955045,,0,,1,2,0,7,0,86,1648.7688697243857,139.0,34.4,R,0.5,0.6,0.5,0.5717357236501559,0.6695156691825424,0.46667506328796654,0.03647289110754269,,0,,3,8,0,7,1,410,David Goffin,1,-63.089337360033824,-44.0,-6.199999999999999,0.050000000000000044,0.08142612707138841,-2,0,0,0
2025-150259-75,2025-04-21,Clay,M,R32,3,2025,Alexandre Muller,1626.110499283872,95.0,28.2,R,0.55,0.6,0.5454545454545454,0.6792690768287704,0.6431067217581887,0.4448884477113702,0.02809977178204464,0.0,1,0.0,1,2,1,0,1,87,1661.9219696453476,19.0,27.3,R,0.5,0.4,0.46153846153846156,0.5828519711091807,0.6906722989004194,0.5740499194847022,0.06112966173807791,1.0,1,1.0,1,3,0,7,0,395,Frances Tiafoe,0,-35.811470361475585,76.0,0.8999999999999986,0.050000000000000044,0.09641710571958961,0,1,0,0
2025-150259-59,2025-04-21,Clay,M,R64,3,2025,Alexandre Muller,1604.5533860563935,95.0,28.2,R,0.55,0.4,0.5454545454545454,0.6622527598124534,0.6547713024840961,0.4397271573887894,0.025372499054771912,,0,,1,2,2,0,0,88,1730.4613995220595,26.0,26.8,L,0.65,0.2,0.3,0.6266531819402237,0.7352711688387055,0.4698593154082446,0.10242249973998423,,0,,2,5,0,7,1,272,Ugo Humbert,1,-125.90801346566604,69.0,1.3999999999999986,-0.09999999999999998,0.03559957787222967,-1,2,0,0
2025-151304-2,2025-05-05,Clay,M,R128,3,2025,Alexandre Muller,1611.7538627576773,95.0,28.3,R,0.5,0.4,0.56,0.6832434358031293,0.6313267528946703,0.4255902020973351,0.032558702681653506,,0,,0,0,0,14,1,89,1640.4830130042994,14.0,23.5,R,0.6,0.2,0.3333333333333333,0.5842712842712844,0.6508336836205689,0.430415263748597,0.0688034841972032,,0,,0,0,0,14,0,20,Jiri Lehečka,1,-28.729150246622112,81.0,4.800000000000001,-0.09999999999999998,0.09897215153184491,0,0,0,0
2025-151304-39,2025-05-05,Clay,M,R64,3,2025,Alexandre Muller,1629.0738818491056,95.0,28.3,R,0.5,0.6,0.56,0.6951930444136968,0.6162691344567702,0.4236931831271454,0.03529842870905077,0.0,1,0.0,0,0,1,0,2,90,1789.367580580681,57.0,26.7,R,0.65,0.6,0.7083333333333334,0.5617911623323821,0.6313661061541982,0.4092002220503976,0.0384279520318826,1.0,1,1.0,0,0,0,14,0,513,Stefanos Tsitsipas,0,-160.29369873157543,38.0,1.6000000000000014,-0.15000000000000002,0.13340188208131465,0,1,0,0
2025-152424-6,2025-05-12,Clay,A,R32,3,2025,Alexandre Muller,1629.2432418909445,95.0,28.3,R,0.5,0.4,0.5217391304347826,0.6990180210414352,0.6333206725553049,0.46549672009197274,0.028960773784067067,,0,,2,5,1,0,1,92,1421.1924026151898,172.0,29.1,R,0.25,0.2,0.0,0.592561695349416,0.6412855552325942,0.4292097701012766,0.07180935697031178,,0,,0,0,0,210,0,71,Elias Ymer,1,208.0508392757547,-77.0,-0.8000000000000007,0.25,0.10645632569201913,2,1,0,0
2025-152424-28,2025-05-12,Clay,A,QF,3,2025,Alexandre Muller,1646.2489831235496,95.0,28.3,R,0.55,0.6,0.5217391304347826,0.6965060070615314,0.6261588688417771,0.4549508143847767,0.036103630926924216,,0,,2,5,2,0,2,93,1624.3807571900143,5.0,24.8,R,0.6,0.4,0.0,0.6940570858834803,0.7164033613445377,0.5336918499457198,0.08508582623258917,,0,,0,0,0,21,0,26,Felix Auger-Aliassime,0,21.868225933535314,90.0,3.5,-0.04999999999999993,0.0024489211780511777,2,2,0,0
2025-152849-53,2025-05-19,Clay,G,R128,5,2025,Alexandre Muller,1636.6639095738499,95.0,28.3,R,0.5,0.6,0.5384615384615384,0.7140202770197778,0.6416818765686829,0.4616014066409684,0.028141101652919526,,0,,3,8,0,7,0,94,1715.1371084149596,25.0,19.7,R,0.7,0.6,0.625,0.5995846747506303,0.7891483516483515,0.49917128507681574,0.15626612944743676,,0,,0,0,0,14,1,28,Jakub Menšik,0,-78.4731988411097,70.0,8.600000000000001,-0.19999999999999996,0.11443560226914751,3,0,1,1
2025-155454-3,2025-06-16,Grass,A,R32,3,2025,Alexandre Muller,1610.7480906722944,95.0,28.4,R,0.4,0.4,0.5,0.6837074206072884,0.6426486312009523,0.5421052631578946,0.04185742784176007,0.0,1,0.0,0,0,0,0,0,96,1512.6892188421284,146.0,27.9,R,0.3,0.0,0.4,0.6519675727411839,0.7609925381625556,0.584822754991161,0.0799188696935969,1.0,1,1.0,1,3,0,7,0,118,Roman Safiullin,0,98.05887183016603,-51.0,0.5,0.10000000000000003,0.03173984786610451,-1,0,0,0
2025-155924-63,2025-06-30,Grass,G,R128,5,2025,Alexandre Muller,1590.348516342645,95.0,28.4,R,0.4,0.2,0.25,0.6676728505060737,0.6561079018873184,0.527511961722488,0.043561973296305526,0.0,1,0.0,0,0,0,14,0,97,1978.2635257644977,4.0,38.1,R,0.75,0.8,0.8333333333333334,0.678096771791247,0.778534653525042,0.5271972399166467,0.08761722870722367,1.0,1,1.0,0,0,1,0,2,515,Novak Djokovic,0,-387.9150094218526,91.0,-9.700000000000003,-0.35,-0.010423921285173332,0,-1,1,1
2025-158037-22,2025-07-21,Hard,A,R32,3,2025,Alexandre Muller,1587.2501364558423,95.0,28.5,R,0.4,0.2,0.5,0.6910859127547504,0.6417266427953394,0.4496521238228812,0.04366768154154865,,0,,0,0,1,0,1,99,1632.6883132358748,30.0,26.3,L,0.55,0.6,0.35294117647058826,0.6984731033234791,0.6258722258787307,0.48674210697716935,0.04126199545023792,,0,,0,0,1,0,0,178,Corentin Moutet,0,-45.43817678003256,65.0,2.1999999999999993,-0.15000000000000002,-0.007387190568728719,0,0,0,0
2025-158960-71,2025-07-21,Hard,M,R32,3,2025,Alexandre Muller,1599.6478857239242,95.0,28.5,R,0.45,0.4,0.5,0.6264932703267704,0.5841611691695445,0.39276002506265656,0.047493320530975616,,0,,0,0,0,0,0,100,1775.6725912893207,18.0,22.3,R,0.6,0.6,0.6829268292682927,0.6365336858298327,0.690254358990882,0.5241157558932495,0.05888035456597194,,0,,0,0,0,21,0,239,Holger Rune,0,-176.02470556539652,77.0,6.199999999999999,-0.14999999999999997,-0.010040415503062339,0,0,0,0
2025-158960-34,2025-07-21,Hard,M,R64,3,2025,Alexandre Muller,1585.0719895493569,95.0,28.5,R,0.4,0.2,0.5,0.6513662234605931,0.5819316609728233,0.38264097744360903,0.045885220471416355,1.0,1,1.0,0,0,1,0,0,101,1554.0659158934964,60.0,25.9,R,0.35,0.6,0.6111111111111112,0.6076445079607635,0.7366717607567357,0.5272695711736192,0.04308761419000641,0.0,1,0.0,0,0,0,0,0,32,Miomir Kecmanović,1,31.00607365586052,35.0,2.6000000000000014,0.050000000000000044,0.043721715499829616,0,1,0,0
2025-159600-23,2025-08-04,Hard,M,R128,3,2025,Alexandre Muller,1591.1250534935864,95.0,28.5,R,0.4,0.4,0.5,0.6103492931350384,0.5892309366114048,0.39593462823725983,0.0466328132845988,,0,,0,0,0,14,1,102,1676.1395414796923,57.0,24.8,R,0.6,0.2,0.25,0.6006836978618201,0.6357968629899844,0.455969593701629,0.05032081161880244,,0,,0,0,0,14,0,99,Jenson Brooksby,0,-85.0144879861059,38.0,3.6999999999999993,-0.19999999999999996,0.009665595273218308,0,0,0,0
2025-160809-36,2025-08-11,Hard,A,R16,3,2025,Alexandre Muller,1590.714608268108,95.0,28.5,R,0.4,0.6,0.48,0.6007290915828548,0.5916237370728402,0.41772347535505433,0.060186801347539655,,0,,1,3,1,0,1,104,1536.989744142057,53.0,22.1,R,0.3,0.4,0.4444444444444444,0.6336137606542392,0.785132849967249,0.5099639882534619,0.148255341215401,,0,,1,2,0,7,0,58,Giovanni Mpetshi Perricard,0,53.72486412605099,42.0,6.399999999999999,0.10000000000000003,-0.03288466907138443,0,1,0,0
2025-161362-58,2025-08-18,Hard,G,R128,5,2025,Alexandre Muller,1572.2600198096184,95.0,28.6,R,0.4,0.4,0.48148148148148145,0.6089280624233351,0.6081777911268943,0.40832176595334496,0.06197857547540716,0.0,2,0.0,2,5,0,7,0,105,1659.0425561053587,57.0,27.0,R,0.45,0.2,0.5882352941176471,0.6291791674434385,0.7385472211070763,0.5307714249974311,0.09978113249507273,2.0,2,1.0,1,2,0,7,0,524,Stefanos Tsitsipas,0,-86.78253629574033,38.0,1.6000000000000014,-0.04999999999999999,-0.02025110502010341,1,0,1,1
2025-163907-17,2025-09-22,Hard,A,R16,3,2025,Alexandre Muller,1585.057470043726,95.0,28.7,R,0.4,0.4,0.4782608695652174,0.603927277740347,0.6339384303502612,0.41212485475643373,0.053760142151041634,,0,,0,0,0,35,0,106,1570.7710643151393,48.0,26.0,R,0.5,0.4,0.47619047619047616,0.6206672009617311,0.6948025348729722,0.48528295331825494,0.030984027086387457,,0,,0,0,0,35,0,39,Fábián Marozsán,0,14.286405728586715,47.0,2.6999999999999993,-0.09999999999999998,-0.016739923221384068,0,0,0,0
2025-163907-1,2025-09-22,Hard,A,R32,3,2025,Alexandre Muller,1560.1754126568183,95.0,28.6,R,0.4,0.2,0.4782608695652174,0.6081865369996062,0.6107593559035811,0.39284557547715443,0.055380512521412004,0.0,1,0.0,0,0,1,0,0,107,1777.588134701804,15.0,29.3,R,0.75,0.6,0.6585365853658537,0.6166700452871884,0.7463803220603478,0.4569564306278302,0.06732588923344199,1.0,1,1.0,0,0,0,35,1,503,Karen Khachanov,1,-217.41272204498568,80.0,-0.6999999999999993,-0.35,-0.008483508287582153,0,1,0,0
2025-164569-2,2025-09-29,Hard,M,R128,3,2025,Alexandre Muller,1568.399927300159,95.0,28.7,R,0.35,0.4,0.48,0.5891511583373619,0.6526256890375199,0.42879152142310034,0.05955674055437381,1.0,1,1.0,2,5,0,7,1,108,1497.9644612999282,139.0,34.8,R,0.35,0.2,0.42857142857142855,0.5408620622755521,0.6955355027638095,0.45132018567979576,0.08171354631103031,0.0,1,0.0,1,3,0,7,0,422,David Goffin,0,70.43546600023092,-44.0,-6.099999999999998,0.0,0.048289096061809755,1,0,0,0
2025-165818-1,2025-10-13,Hard,A,R32,3,2025,Alexandre Muller,1549.199973173077,95.0,28.7,R,0.35,0.2,0.43478260869565216,0.6041240580663592,0.6781158851159514,0.4464485672635078,0.05765972158418411,2.0,2,1.0,0,0,0,14,0,109,1520.66240776531,60.0,26.1,R,0.3,0.2,0.5,0.5652464075567367,0.7354047567821308,0.465140759743701,0.061678959575537415,0.0,2,0.0,0,0,0,14,0,41,Miomir Kecmanović,0,28.537565407767033,35.0,2.599999999999998,0.04999999999999999,0.03887765050962244,0,0,0,0
2025-166551-1,2025-10-20,Hard,A,R32,3,2025,Alexandre Muller,1531.8887172353316,95.0,28.7,R,0.3,0.2,0.4090909090909091,0.6178393358441371,0.6959137735020751,0.4493959356845605,0.05366666602862856,0.0,1,0.0,1,2,0,7,0,110,1703.717893442535,57.0,25.0,R,0.6,0.6,0.47368421052631576,0.6393088499156836,0.7239869742341158,0.5192736885230916,0.04518628345211022,1.0,1,1.0,0,0,1,0,0,111,Jenson Brooksby,0,-171.82917620720332,38.0,3.6999999999999993,-0.3,-0.021469514071546514,1,-1,0,0
2025-140742-14,2025-10-27,Hard,M,R64,3,2025,Alexandre Muller,1523.214019662815,95.0,28.7,R,0.3,0.2,0.391304347826087,0.6331343669000377,0.6917086452969469,0.4370710057125716,0.051104554227386315,,0,,1,2,0,7,0,111,1666.2933425260064,22.0,24.2,R,0.55,0.4,0.5384615384615384,0.6987302140823345,0.7238099414357633,0.4819265701618643,0.10978460939758443,,0,,2,4,0,7,0,230,Brandon Nakashima,1,-143.07932286319146,73.0,4.5,-0.25000000000000006,-0.06559584718229683,-1,0,0,0
2025-140742-32,2025-10-27,Hard,M,R32,3,2025,Alexandre Muller,1545.4542280475334,95.0,28.7,R,0.3,0.2,0.391304347826087,0.6400768633937263,0.6867612768758941,0.4602852914268574,0.048369631366236246,0.0,1,0.0,1,2,1,0,1,112,1791.4779303017615,5.0,25.2,R,0.8,0.8,0.7555555555555555,0.7149846451097058,0.79095201676313,0.5341804463720973,0.17916683615388287,1.0,1,1.0,3,6,1,0,2,64,Felix Auger-Aliassime,0,-246.02370225422806,90.0,3.5,-0.5,-0.07490778171597956,-2,0,0,0
2025-167291-8,2025-10-27,Hard,A,R32,3,2025,Alexandre Muller,1550.2169035432994,95.0,28.8,R,0.3,0.4,0.391304347826087,0.6441893531627869,0.68807067574695,0.4577644408053203,0.04531150325914234,,0,,1,2,0,0,0,113,1595.4866422057707,81.0,35.5,R,0.5,0.8,0.4444444444444444,0.600557815727857,0.7644936391004811,0.46203679035492157,0.11899191121533706,,0,,0,0,0,14,2,34,Jan-Lennard Struff,1,-45.269738662471354,14.0,-6.699999999999999,-0.2,0.04363153743492987,1,0,0,0
2025-167291-22,2025-10-27,Hard,A,QF,3,2025,Alexandre Muller,1557.41404028859,95.0,28.8,R,0.3,0.4,0.391304347826087,0.6488277179426611,0.6956687149626364,0.46582304886392834,0.050080895292685314,1.0,1,1.0,1,2,1,0,1,114,1772.3508661069648,9.0,23.7,R,0.7,0.6,0.6111111111111112,0.6684791640035553,0.7471892775582047,0.5785503875521039,0.07815595234234626,0.0,1,0.0,4,8,0,0,0,289,Lorenzo Musetti,0,-214.9368258183747,86.0,5.100000000000001,-0.39999999999999997,-0.019651446060894195,-3,1,0,0
2025-167291-18,2025-10-27,Hard,A,R16,3,2025,Alexandre Muller,1539.2061043150354,95.0,28.8,R,0.3,0.2,0.391304347826087,0.6404216909799333,0.6969116528157436,0.4716125225481389,0.047035693072225354,1.0,1,1.0,1,2,2,0,0,115,1587.4586855017628,25.0,26.3,R,0.5,0.6,0.52,0.7107711208266464,0.7459774414624777,0.4818427487545135,0.11168490290613053,0.0,1,0.0,2,4,0,0,0,176,Tomas Martin Etcheverry,1,-48.25258118672741,70.0,2.5,-0.2,-0.07034942984671311,-1,2,0,0
2019-M006-188,2019-03-04,Hard,M,R128,3,2019,Alexei Popyrin,1445.5436960690463,131.0,19.5,R,0.18181818181818182,0.2,0.2222222222222222,0.6154914695957254,0.741363974239267,0.48738633490110467,0.11098105949802288,,0,,1,2,0,7,0,11,1549.3175369942196,61.0,21.8,R,0.5,0.6,0.4,0.6671198486908985,0.7231349251423312,0.5083360957354766,0.04790212243906645,,0,,2,5,0,7,1,39,Jaume Munar,1,-103.77384092517332,70.0,-2.3000000000000007,-0.3181818181818182,-0.05162837909517304,-1,0,0,0
2019-M006-245,2019-03-04,Hard,M,R64,3,2019,Alexei Popyrin,1466.1854378351773,131.0,19.5,R,0.25,0.4,0.2222222222222222,0.6231735888010235,0.7314342977273119,0.4976641126788824,0.10372278135232753,,0,,1,2,1,0,1,12,1659.3266415298015,9.0,33.8,R,0.5,0.6,0.6,0.740875251836114,0.8413553388809211,0.6042461417892453,0.3171106802699594,,0,,4,11,0,7,1,178,John Isner,0,-193.1412036946242,122.0,-14.299999999999997,-0.25,-0.11770166303509055,-3,1,0,0
2019-0410-248,2019-04-15,Clay,M,R64,3,2019,Alexei Popyrin,1458.2643633926316,120.0,19.6,R,0.23076923076923078,0.2,,,,,0.09126254805434236,,0,,0,0,0,42,0,13,1618.7218923977537,26.0,34.2,R,0.55,0.6,0.5789473684210527,0.596149394541267,0.67971991816339,0.4942434856994706,0.04885204098295337,,0,,4,8,0,7,1,173,Gilles Simon,0,-160.45752900512207,94.0,-14.600000000000001,-0.31923076923076926,,-4,0,0,0
2019-7290-280,2019-04-29,Clay,A,R32,3,2019,Alexei Popyrin,1449.1696066737375,113.0,19.7,R,0.21428571428571427,0.2,0.0,0.5263157894736842,0.6666666666666666,0.25925925925925924,0.07855510376795072,,0,,0,0,0,14,0,14,1526.369949258587,51.0,30.0,R,0.4,0.4,0.4375,0.5931180194643074,0.6822856657432144,0.44363790409508097,0.0401927803575995,,0,,1,3,0,7,0,174,Joao Sousa,0,-77.20034258484952,62.0,-10.3,-0.18571428571428575,-0.06680222999062324,-1,0,0,0
2019-520-1226,2019-05-27,Clay,G,R64,5,2019,Alexei Popyrin,1454.2538350317345,109.0,19.8,R,0.25,0.4,0.0,0.5834472544998861,0.7086479250334672,0.38994116164984516,0.07491973590740127,,0,,0,0,0,28,0,15,1602.030030834996,32.0,23.9,R,0.65,0.6,0.6551724137931034,0.6158398226580839,0.7141646238046008,0.5300653247237687,0.07072487338802516,,0,,0,0,1,0,1,62,Laslo Djere,0,-147.77619580326154,77.0,-4.099999999999998,-0.4,-0.0323925681581978,0,-1,1,1
2019-520-1151,2019-05-27,Clay,G,R128,5,2019,Alexei Popyrin,1436.6674362695458,109.0,19.8,R,0.2,0.2,0.0,0.5607769423558897,0.6533333333333333,0.3502178649237473,0.07603290844914523,,0,,0,0,1,0,0,16,1471.2292016674323,61.0,20.9,L,0.35,0.2,0.25,0.5722596677559912,0.6073859272260028,0.4801916064231335,0.0840301541036835,,0,,2,5,0,7,0,20,Ugo Humbert,1,-34.561765397886575,48.0,-1.0999999999999979,-0.14999999999999997,-0.011482725400101534,-2,1,1,1
2019-0321-278,2019-06-10,Grass,A,R32,3,2019,Alexei Popyrin,1444.6764681937236,103.0,19.8,R,0.23529411764705882,0.2,,,,,0.07624047412134335,,0,,0,0,0,14,1,17,1724.4940334283065,18.0,28.4,R,0.6,0.6,0.8,0.6589484467347215,0.856386445844527,0.6360784519086227,0.20687078473553916,,0,,0,0,0,84,0,168,Milos Raonic,0,-279.81756523458284,85.0,-8.599999999999998,-0.36470588235294116,,0,0,0,0
2019-540-168,2019-07-01,Grass,G,R64,5,2019,Alexei Popyrin,1462.8345847960425,101.0,19.9,R,0.2631578947368421,0.4,0.0,0.6329851566794942,0.8469780219780221,0.5581490581490582,0.07966909336904256,,0,,0,0,0,21,0,18,1763.2925063478258,13.0,23.3,R,0.6,0.8,0.625,0.5733066631765292,0.765723314066022,0.5418429452003375,0.10339482674775953,,0,,0,0,0,14,1,160,Daniil Medvedev,0,-300.45792155178333,88.0,-3.400000000000002,-0.3368421052631579,0.05967849350296495,0,0,1,1
2019-540-109,2019-07-01,Grass,G,R128,5,2019,Alexei Popyrin,1439.3490054901683,101.0,19.9,R,0.2222222222222222,0.2,0.0,0.6542056074766355,0.8285714285714286,0.5405405405405406,0.07096058203154665,,0,,0,0,1,0,0,19,1615.6074744767575,50.0,27.9,R,0.5,0.8,0.5,0.6861514906393311,0.693008539277196,0.49161334988540867,0.06201492353647329,,0,,3,7,0,7,0,182,Pablo Carreno Busta,1,-176.25846898658915,51.0,-8.0,-0.2777777777777778,-0.03194588316269564,-3,1,1,1
2019-6116-295,2019-07-22,Hard,A,QF,3,2019,Alexei Popyrin,1497.4188995630118,95.0,19.9,R,0.35,0.6,0.2727272727272727,0.612911634524834,0.699978181332171,0.5129139743790484,0.082934320030765,,0,,0,0,0,21,1,20,1555.4900153473084,54.0,23.9,L,0.4,0.6,0.5925925925925926,0.6541533429165735,0.6820992495379068,0.484977186556134,0.06646220238121013,,0,,0,0,0,21,0,65,Cameron Norrie,0,-58.07111578429658,41.0,-4.0,-0.050000000000000044,-0.04124170839173946,0,0,0,0
2019-6116-275,2019-07-22,Hard,A,R32,3,2019,Alexei Popyrin,1458.014041692919,95.0,19.9,R,0.25,0.4,0.2727272727272727,0.616810916478648,0.7064342977273119,0.488305823908829,0.06986099102362678,,0,,0,0,1,0,0,21,1473.0481809949056,101.0,26.9,R,0.35,0.4,0.34782608695652173,0.5883379327421515,0.6447129839743275,0.3961592613898042,0.0679496643087243,,0,,2,4,0,7,0,80,Denis Kudla,1,-15.03413930198667,-6.0,-7.0,-0.09999999999999998,0.028472983736496538,-2,1,0,0
2019-6116-288,2019-07-22,Hard,A,R16,3,2019,Alexei Popyrin,1474.7059575900425,95.0,19.9,R,0.3,0.4,0.2727272727272727,0.6193765255659962,0.6958855172395071,0.5023079137729878,0.07693432003076499,,0,,0,0,2,0,1,22,1630.0640504986218,39.0,28.3,R,0.55,0.4,0.5161290322580645,0.5881554185183218,0.7302255039305289,0.5573815043258683,0.09287542168851266,,0,,0,0,0,21,0,126,Pierre Hugues Herbert,1,-155.35809290857924,56.0,-8.400000000000002,-0.25000000000000006,0.031221107047674446,0,2,0,0
2019-M035-259,2019-07-29,Hard,A,R64,3,2019,Alexei Popyrin,1484.0685451780143,87.0,19.9,R,0.35,0.6,0.35714285714285715,0.610757439513496,0.7169136652031389,0.5228346092996833,0.09187151809839784,,0,,3,6,0,7,2,23,1578.3553465248237,61.0,19.9,R,0.6,0.6,0.5454545454545454,0.6259663493128607,0.7276191869025813,0.6083446221297885,0.07174537401702061,,0,,3,6,0,7,1,25,Miomir Kecmanovic,0,-94.2868013468094,26.0,0.0,-0.25,-0.015208909799364623,0,0,0,0
2019-6242-271,2019-08-19,Hard,A,R32,3,2019,Alexei Popyrin,1486.0716141638413,106.0,20.0,R,0.35,0.6,0.3333333333333333,0.5922938319777236,0.7232042052641707,0.4943173358571542,0.10825452106034819,0.0,1,0.0,0,0,0,21,0,24,1616.334104586305,49.0,19.9,R,0.65,0.6,0.5882352941176471,0.5708610912674874,0.7460248533858099,0.5361546381231433,0.05329279562075719,1.0,1,1.0,3,7,0,7,0,31,Miomir Kecmanovic,0,-130.26249042246377,57.0,0.10000000000000142,-0.30000000000000004,0.021432740710236153,-3,0,0,0
2019-6242-240,2019-08-19,Hard,A,R64,3,2019,Alexei Popyrin,1472.3070690743057,106.0,20.0,R,0.3,0.4,0.3333333333333333,0.6022398309958875,0.7259612842507578,0.5094199751533418,0.09896880677463388,,0,,0,0,1,0,0,25,1423.445173423764,100.0,25.2,L,0.3,0.0,0.0,0.6328916380637858,0.6963133957924003,0.5392017205270847,0.055994119173972415,,0,,0,0,0,28,0,70,Thiago Monteiro,1,48.86189565054178,6.0,-5.199999999999999,0.0,-0.030651807067898273,0,1,0,0
2019-560-138,2019-08-26,Hard,G,R128,5,2019,Alexei Popyrin,1475.8042947826614,105.0,20.0,R,0.35,0.4,0.35294117647058826,0.5843367128474201,0.705028529588495,0.5016702770336248,0.1045690173748445,,0,,2,5,0,7,1,26,1503.3462768502434,67.0,28.8,L,0.4,0.2,0.2857142857142857,0.5955940146117671,0.6657655948710398,0.5045736654538446,0.038053109397020224,,0,,0,0,0,14,0,126,Federico Delbonis,1,-27.541982067582012,38.0,-8.8,-0.050000000000000044,-0.011257301764347027,2,0,1,1
2019-560-205,2019-08-26,Hard,G,R32,5,2019,Alexei Popyrin,1512.1174548993329,105.0,20.0,R,0.4,0.6,0.35294117647058826,0.5692134400102562,0.7051461251138,0.506707570657875,0.10799369116126326,,0,,2,5,1,0,2,27,1765.9103028397633,25.0,23.3,R,0.75,0.6,0.36363636363636365,0.6196806346952424,0.764528486285114,0.5386636701559961,0.1492621692166369,,0,,0,0,0,14,0,82,Matteo Berrettini,0,-253.79284794043042,80.0,-3.3000000000000007,-0.35,-0.05046719468498617,2,1,1,1
2019-560-183,2019-08-26,Hard,G,R64,5,2019,Alexei Popyrin,1493.0699997752192,105.0,20.0,R,0.4,0.4,0.35294117647058826,0.5789795699902772,0.7034495822200741,0.48970446506781284,0.10739762081024404,,0,,2,5,2,0,0,28,1560.0627411397847,47.0,31.6,R,0.35,0.4,0.5,0.6264983928967545,0.6270753773413154,0.5199110788287358,0.03639913421883644,,0,,0,0,0,14,0,119,Mikhail Kukushkin,1,-66.99274136456552,58.0,-11.600000000000001,0.050000000000000044,-0.04751882290647724,2,2,1,1
2019-7581-279,2019-09-23,Hard,A,R32,3,2019,Alexei Popyrin,1506.0911441727822,90.0,20.1,R,0.4,0.6,0.4,0.5709781458926091,0.7134000933677683,0.5026050065553108,0.09152310292596913,,0,,0,0,0,28,1,29,1601.2082288596037,35.0,35.8,L,0.45,0.4,0.5806451612903226,0.6657927829959915,0.7320700255035899,0.4811825078964299,0.06812376802940034,,0,,2,5,0,7,1,210,Fernando Verdasco,0,-95.1170846868215,55.0,-15.699999999999996,-0.04999999999999999,-0.09481463710338245,-2,0,0,0
2019-0329-285,2019-09-30,Hard,A,R32,3,2019,Alexei Popyrin,1494.365198218369,94.0,20.1,R,0.4,0.4,0.38095238095238093,0.5897133237582217,0.7275026574703325,0.508286824737129,0.09795458189476154,,0,,1,2,0,7,0,30,2025.538188516161,1.0,32.3,R,0.9,0.8,0.8333333333333334,0.6358207151220936,0.7849588638905489,0.5373490372900535,0.08981931488377952,,0,,0,0,0,35,6,217,Novak Djokovic,0,-531.172990297792,93.0,-12.199999999999996,-0.5,-0.046107391363871875,1,0,0,0
2019-0429-291,2019-10-14,Hard,A,R16,3,2019,Alexei Popyrin,1508.5201152325712,90.0,20.1,R,0.4,0.4,0.36363636363636365,0.6039672104777112,0.7287396637073387,0.4831736237618591,0.10883827975516092,,0,,0,0,0,14,0,31,1657.103625010297,34.0,20.4,L,0.6,0.4,0.5714285714285714,0.6025399989564462,0.7786947805004757,0.5314602911911847,0.14194617844979468,,0,,2,4,0,7,0,132,Denis Shapovalov,0,-148.5835097777258,56.0,-0.29999999999999716,-0.19999999999999996,0.001427211521265015,-2,0,0,0
2019-0328-278,2019-10-21,Hard,A,R32,3,2019,Alexei Popyrin,1498.9739068016231,88.0,20.2,R,0.4,0.2,0.391304347826087,0.6011894326999333,0.7204063303740054,0.5043640999523352,0.10050494642182757,,0,,2,4,0,7,1,33,1699.7249105680983,12.0,32.4,R,0.55,0.6,0.48,0.5775235634856906,0.7038983638099556,0.4773988189706584,0.06443912367467271,,0,,1,2,0,7,0,214,Fabio Fognini,0,-200.75100376647515,76.0,-12.2,-0.15000000000000002,0.02366586921424274,1,0,0,0
2020-M056-279,2020-01-13,Hard,A,R32,3,2020,Alexei Popyrin,1491.3110315052024,95.0,20.4,R,0.4,0.2,0.4,0.6089628187341889,0.6952125319243929,0.5005179461061815,0.10004381335199888,0.0,1,0.0,0,0,0,84,0,34,1508.3173776676917,40.0,24.6,R,0.35,0.2,0.18181818181818182,0.6254807782718336,0.637094698309552,0.4305208805286738,0.06177114377387437,1.0,1,1.0,2,5,0,7,0,79,Laslo Djere,0,-17.006346162489308,55.0,-4.200000000000003,0.050000000000000044,-0.016517959537644678,-2,0,0,0
2020-580-200,2020-01-20,Hard,G,R32,5,2020,Alexei Popyrin,1491.8670845665567,96.0,20.4,R,0.4,0.4,0.3684210526315789,0.6205649263609326,0.712124842471872,0.4943265603179058,0.09420434406348141,0.0,1,0.0,1,3,0,7,0,35,1906.3240197283367,4.0,23.9,R,0.75,0.8,0.7818181818181819,0.5997217738902426,0.7652028513601181,0.5553263683341081,0.14025867057831315,1.0,1,1.0,0,0,0,14,0,204,Daniil Medvedev,0,-414.45693516177994,92.0,-3.5,-0.35,0.02084315247069002,1,0,1,1
2020-580-173,2020-01-20,Hard,G,R64,5,2020,Alexei Popyrin,1476.0935778138107,96.0,20.4,R,0.4,0.2,0.3684210526315789,0.6072505593623551,0.694624842471872,0.4950855736006382,0.09118869683730788,1.0,1,1.0,1,3,1,0,0,36,1471.175010882997,90.0,22.7,R,0.3,0.2,0.16666666666666666,0.6351139544436186,0.6888533351407422,0.48996166952212705,0.0483896248461288,0.0,1,0.0,1,2,0,7,0,64,Jaume Munar,1,4.918566930813768,6.0,-2.3000000000000007,0.10000000000000003,-0.027863395081263564,0,1,1,1
2020-520-1115,2020-09-28,Clay,G,R128,5,2020,Alexei Popyrin,1477.5649965926789,108.0,21.1,R,0.4,0.2,,0.585643693302099,0.7159121732832971,0.44721777599928864,0.09764854144201708,,0,,0,0,0,238,0,38,1534.5271593499413,90.0,23.5,R,0.5,0.2,,0.625719612435985,0.6778640921316234,0.4617040388145817,0.16125268862287176,,0,,0,0,0,28,1,38,Lloyd Harris,0,-56.96216275726238,18.0,-2.3999999999999986,-0.09999999999999998,-0.04007591913388597,0,0,1,1
2021-9428-286,2021-02-01,Hard,A,R16,3,2021,Alexei Popyrin,1488.508752599101,114.0,21.4,R,0.35,0.4,0.0,0.6299606643277393,0.7067601574822814,0.4916261914545489,0.08922078962940146,,0,,0,0,1,0,1,41,1713.8398755380197,19.0,29.7,R,0.65,0.8,0.5625,0.6136260831414861,0.7351774207874344,0.5123364154701668,0.056386120530361225,,0,,0,0,0,98,2,245,Grigor Dimitrov,0,-225.33112293891872,95.0,-8.3,-0.30000000000000004,0.016334581186253194,0,1,0,0
2021-9428-271,2021-02-01,Hard,A,R32,3,2021,Alexei Popyrin,1467.7959456025721,114.0,21.4,R,0.35,0.2,0.0,0.6225532569203318,0.7008391048507024,0.47392284217225217,0.10099072078640789,,0,,0,0,2,0,0,42,1573.257148463163,53.0,23.7,R,0.5,0.6,0.4375,0.6198262723680121,0.6783313488375141,0.514832633130716,0.059922642516492,,0,,0,0,0,28,0,53,Tommy Paul,1,-105.4612028605909,61.0,-2.3000000000000007,-0.15000000000000002,0.002726984552319678,0,2,0,0
2021-580-140,2021-02-08,Hard,G,R128,5,2021,Alexei Popyrin,1481.63989610891,113.0,21.5,R,0.35,0.4,0.5,0.6237532641329973,0.6850479986733484,0.490832540660898,0.09701993492854674,,0,,3,8,0,7,1,43,1637.9360695317623,15.0,30.1,R,0.45,0.6,0.5,0.576043514088657,0.713495069477335,0.4267280824473888,0.046762991066651514,,0,,1,2,0,7,0,271,David Goffin,1,-156.29617342285223,98.0,-8.600000000000001,-0.10000000000000003,0.047709750044340304,2,0,1,1
2021-580-184,2021-02-08,Hard,G,R64,5,2021,Alexei Popyrin,1504.3883934053238,113.0,21.5,R,0.4,0.6,0.5,0.6245394276550098,0.6896579277513626,0.4944222842506415,0.0944221772036356,0.0,1,0.0,3,8,1,0,2,44,1569.4191989258836,91.0,23.9,R,0.5,0.6,0.4166666666666667,0.6797073954147506,0.7597706316671834,0.5007208175667929,0.10708141935487961,1.0,1,1.0,1,2,0,7,0,48,Lloyd Harris,0,-65.03080552055985,22.0,-2.3999999999999986,-0.09999999999999998,-0.055167967759740755,2,1,1,1
2021-9460-272,2021-02-22,Hard,A,R32,3,2021,Alexei Popyrin,1491.3486828904645,114.0,21.5,R,0.35,0.6,0.5,0.620376615444094,0.7095671733554465,0.49742098046967664,0.10293281550150794,,0,,0,0,2,0,2,47,1404.9664718824388,240.0,24.8,R,0.25,0.2,,0.648995976736035,0.7500930131833147,0.49691472623911076,0.13891112152673193,,0,,0,0,0,399,0,16,Christopher Eubanks,1,86.3822110080257,-126.0,-3.3000000000000007,0.09999999999999998,-0.028619361291941092,0,2,0,0
2021-9460-298,2021-02-22,Hard,A,SF,3,2021,Alexei Popyrin,1533.7200911001264,114.0,21.5,R,0.4,0.8,0.5,0.6096808862226938,0.7152231508199474,0.548648196572483,0.11339487837803866,,0,,0,0,3,0,3,48,1608.881796919862,44.0,32.4,R,0.4,0.4,0.3076923076923077,0.5620913393146362,0.7636019637133067,0.47265762558885366,0.13161302725116508,,0,,0,0,0,14,0,249,Marin Cilic,1,-75.16170581973552,70.0,-10.899999999999999,0.0,0.04758954690805761,0,3,0,0
2021-9460-294,2021-02-22,Hard,A,QF,3,2021,Alexei Popyrin,1518.848169283486,114.0,21.5,R,0.4,0.6,0.5,0.6206931981241985,0.701940322537119,0.509031261088612,0.10741338465695471,1.0,1,1.0,0,0,4,0,4,49,1494.3115520635054,316.0,33.2,R,0.3,0.6,0.5,0.627180080089188,0.7241583038190926,0.5091045393529866,0.07097289820460514,0.0,1,0.0,0,0,0,21,0,80,Matthew Ebden,1,24.5366172199806,-202.0,-11.700000000000003,0.10000000000000003,-0.006486881964989477,0,4,0,0
2021-0495-255,2021-03-15,Hard,A,R64,3,2021,Alexei Popyrin,1573.414248151744,86.0,21.6,R,0.5,1.0,0.7272727272727273,0.6249114647776495,0.7641870351852386,0.6092854514744437,0.1396148108506616,,0,,0,0,0,21,5,50,1438.8562590074594,99.0,27.5,R,0.3,0.4,0.38461538461538464,0.6397477900341798,0.6303371347121347,0.46092953768009537,0.03359648697831548,,0,,1,3,0,7,0,42,Dennis Novak,1,134.55798914428465,-13.0,-5.899999999999999,0.2,-0.014836325256530336,-1,0,0,0
2021-0495-278,2021-03-15,Hard,A,R32,3,2021,Alexei Popyrin,1583.5099158384553,86.0,21.6,R,0.55,1.0,0.7272727272727273,0.6167063365725213,0.7620232924951801,0.6211373033262956,0.14314757438342512,,0,,0,0,1,0,6,51,1689.8601721529892,22.0,24.8,R,0.55,0.6,0.6,0.6356450116227401,0.7267681931535799,0.5318151854819948,0.07403311330145768,,0,,2,5,0,7,0,239,Karen Khachanov,0,-106.35025631453391,64.0,-3.1999999999999993,0.0,-0.018938675050218845,-2,1,0,0
2021-0403-285,2021-03-22,Hard,M,R32,3,2021,Alexei Popyrin,1604.3813476900766,86.0,21.6,R,0.6,0.8,0.6923076923076923,0.6013384584687941,0.8078313939716979,0.6065813709503828,0.16863503563305124,0.0,2,0.0,2,5,0,7,0,52,1989.4970314770114,2.0,25.1,R,0.9,0.8,0.8421052631578947,0.6200868357807141,0.7934831509328188,0.5192954374412174,0.1404009607696471,2.0,2,1.0,0,0,0,14,3,251,Daniil Medvedev,0,-385.1156837869348,84.0,-3.5,-0.30000000000000004,-0.018748377311920028,2,0,0,0
2021-0403-235,2021-03-22,Hard,M,R128,3,2021,Alexei Popyrin,1572.2600848542004,86.0,21.6,R,0.5,0.8,0.6923076923076923,0.6086255284917131,0.7815332743463598,0.5994428232235999,0.14904869081085736,,0,,2,5,1,0,0,53,1568.6383708924238,64.0,39.5,L,0.35,0.4,0.3333333333333333,0.5371767009339398,0.8365326893572403,0.49859943454066047,0.1746972803382553,,0,,1,2,0,7,0,185,Feliciano Lopez,1,3.6217139617765497,22.0,-17.9,0.15000000000000002,0.07144882755777338,1,1,0,0
2021-0403-268,2021-03-22,Hard,M,R64,3,2021,Alexei Popyrin,1588.0933048034797,86.0,21.6,R,0.55,0.8,0.6923076923076923,0.5974949923611769,0.7967550485399082,0.6035044478734597,0.15210813137029794,,0,,2,5,2,0,1,54,1594.3487524614884,41.0,23.5,R,0.55,0.2,0.4666666666666667,0.632038818346474,0.7943548043652904,0.5338496183656647,0.21274725325374577,,0,,1,3,0,7,0,93,Reilly Opelka,1,-6.255447658008734,45.0,-1.8999999999999986,0.0,-0.03454382598529715,1,2,0,0
2021-0410-279,2021-04-12,Clay,M,R32,3,2021,Alexei Popyrin,1610.3026436429438,83.0,21.6,R,0.6,0.6,0.0,0.5795342462763585,0.7220266326924444,0.4684350390719895,0.15236394601086578,0.0,1,0.0,0,0,0,21,2,55,1610.2842976069703,86.0,27.1,R,0.55,0.4,0.0,0.5441364649519517,0.6757931901038363,0.4889761519458998,0.09032914989557109,1.0,1,1.0,1,3,1,0,0,192,Lucas Pouille,0,0.018346035973536345,-3.0,-5.5,0.04999999999999993,0.03539778132440685,-1,-1,0,0
2021-0410-257,2021-04-12,Clay,M,R64,3,2021,Alexei Popyrin,1601.2375801958804,83.0,21.6,R,0.6,0.6,0.0,0.6011882219684119,0.7249685445967871,0.45777422079943086,0.15994296899937152,,0,,0,0,1,0,0,56,1439.986902220631,80.0,35.2,R,0.3,0.4,0.42857142857142855,0.6259366531996474,0.640267670547843,0.4879294507951628,0.0193253751314596,,0,,0,0,0,35,0,76,Pablo Andujar,1,161.25067797524935,3.0,-13.600000000000001,0.3,-0.02474843123123549,0,1,0,0
2021-5053-279,2021-04-19,Clay,A,R32,3,2021,Alexei Popyrin,1594.3017987767657,79.0,21.7,R,0.6,0.6,0.3333333333333333,0.5707539666878254,0.7185477449656169,0.46937289063313387,0.1518090950279869,,0,,2,6,0,7,1,57,1495.442703369202,115.0,22.6,R,0.45454545454545453,0.4,0.5555555555555556,0.6671573161691006,0.6154110851226827,0.44986816832357635,0.01917355689478389,,0,,0,0,0,14,0,11,Francisco Cerundolo,1,98.8590954075637,-36.0,-0.9000000000000021,0.14545454545454545,-0.09640334948127516,2,0,0,0
2021-5053-290,2021-04-19,Clay,A,R16,3,2021,Alexei Popyrin,1605.8681807778723,79.0,21.7,R,0.65,0.6,0.3333333333333333,0.5840251054672319,0.712536095026733,0.4672488983516112,0.1358362443492539,,0,,2,6,1,0,2,58,1496.9769272978415,98.0,26.3,R,0.4,0.4,0.2222222222222222,0.605931323071276,0.6915941840334339,0.44850404367956587,0.062358424662788015,,0,,0,0,0,14,1,24,Gianluca Mager,0,108.89125348003085,-19.0,-4.600000000000001,0.25,-0.021906217604044098,2,1,0,0
2021-0308-273,2021-04-26,Clay,A,R32,3,2021,Alexei Popyrin,1585.0115416160177,77.0,21.7,R,0.65,0.4,0.4,0.5795909434218531,0.6934254778616005,0.4726800243412171,0.12320007877191186,0.0,2,0.0,2,5,0,7,0,59,1534.1546687619061,40.0,31.8,R,0.45,0.4,0.4,0.5863593245264858,0.6653481847553819,0.4797333500144251,0.023097987130755608,2.0,2,1.0,2,5,0,7,0,171,John Millman,0,50.85687285411154,37.0,-10.100000000000001,0.2,-0.006768381104632626,0,0,0,0
2021-1536-267,2021-05-03,Clay,M,R64,3,2021,Alexei Popyrin,1566.686081199289,76.0,21.7,R,0.65,0.4,0.3333333333333333,0.5813333416169812,0.6940829300754404,0.47170831820339165,0.1065238445583642,,0,,1,3,0,7,0,60,1613.3870303453011,40.0,31.0,R,0.5,0.8,0.5384615384615384,0.5667881030300481,0.7113306198298739,0.4867782028834743,0.10947311821068503,,0,,5,12,0,7,0,238,Jan Lennard Struff,1,-46.700949146012135,36.0,-9.3,0.15000000000000002,0.014545238586933129,-4,0,0,0
2021-1536-284,2021-05-03,Clay,M,R32,3,2021,Alexei Popyrin,1584.8238798342163,76.0,21.7,R,0.65,0.4,0.3333333333333333,0.590727079125309,0.698844834837345,0.4991157256107991,0.10886074816109056,,0,,1,3,1,0,1,61,1830.4490128670986,18.0,19.7,R,0.65,0.6,0.6875,0.6254255396034887,0.6552801810214317,0.5350570214749083,0.04933077865284389,,0,,0,0,0,14,0,75,Jannik Sinner,1,-245.62513303288233,58.0,2.0,0.0,-0.034698460478179705,1,1,0,0
2021-1536-293,2021-05-03,Clay,M,R16,3,2021,Alexei Popyrin,1610.5642116969047,76.0,21.7,R,0.65,0.6,0.3333333333333333,0.590662729060959,0.7098448348373452,0.4949980785519756,0.10148974079008319,,0,,1,3,2,0,2,62,2035.0954068560416,2.0,34.9,L,0.75,1.0,0.8888888888888888,0.6182393223305104,0.7179731123218518,0.5664726594510642,0.04293424591785043,,0,,0,0,1,0,0,282,Rafael Nadal,0,-424.5311951591368,74.0,-13.2,-0.09999999999999998,-0.02757659326955142,1,1,0,0
2021-520-116,2021-05-31,Clay,G,R128,5,2021,Alexei Popyrin,1608.0076269356746,63.0,21.8,R,0.65,0.4,0.4444444444444444,0.5788477709694051,0.7112504573273049,0.47849408565046725,0.10487465374946425,0.0,1,0.0,0,0,0,28,0,63,2056.248143433322,3.0,34.9,L,0.85,1.0,0.8846153846153846,0.6524751867812458,0.7021090448279897,0.5575293582891205,0.02606376861562979,1.0,1,1.0,0,0,0,21,7,289,Rafael Nadal,0,-448.2405164976476,60.0,-13.099999999999998,-0.19999999999999996,-0.07362741581184074,0,0,1,1
2021-0321-284,2021-06-07,Grass,A,R32,3,2021,Alexei Popyrin,1605.7542377766777,63.0,21.8,R,0.6,0.4,,0.6359204527117025,0.8010861231791465,0.49709937209937216,0.08978934372033401,1.0,1,1.0,1,3,0,7,0,64,1512.6627775612155,62.0,39.6,L,0.3,0.2,,0.6015575429353681,0.8235663258322885,0.54557068243758,0.10691340340054856,0.0,1,0.0,1,3,0,7,0,192,Feliciano Lopez,0,93.09146021546212,1.0,-17.8,0.3,0.03436290977633438,0,0,0,0
2021-0311-282,2021-06-14,Grass,A,R32,3,2021,Alexei Popyrin,1585.5669448448014,67.0,21.8,R,0.6,0.4,0.0,0.627675633651424,0.7654487387258233,0.5024541587041588,0.0997642639209724,,0,,1,2,0,7,0,65,1662.4003265758697,25.0,31.0,R,0.5,0.4,,0.6301421336328054,0.6947897279073838,0.5595670210007777,0.028939740824694027,,0,,0,0,1,0,1,130,Daniel Evans,0,-76.83338173106836,42.0,-9.2,0.09999999999999998,-0.002466499981381376,1,-1,0,0
2021-0741-289,2021-06-21,Grass,A,R16,3,2021,Alexei Popyrin,1585.5923166198845,67.0,21.8,R,0.55,0.2,0.0,0.6374015163853767,0.7678579497440539,0.504722525555859,0.11889882372856919,,0,,1,2,0,7,0,66,1556.963170759254,87.0,27.3,R,0.5,0.4,0.0,0.6386622280730286,0.7272569193670053,0.6010194113257838,0.07015865130405954,,0,,1,2,1,0,1,60,Ilya Ivashka,0,28.629145860630615,-20.0,-5.5,0.050000000000000044,-0.0012607116876519608,0,-1,0,0
2021-0741-277,2021-06-21,Grass,A,R32,3,2021,Alexei Popyrin,1573.0486792075444,67.0,21.8,R,0.55,0.2,0.0,0.637854792635425,0.7597274120332902,0.47974110474110476,0.10600400119519242,,0,,1,2,1,0,0,67,1496.7934154499974,94.0,30.8,R,0.45,0.4,,0.625264510614555,0.6601307189542484,0.4775751062284184,0.0593543789240268,,0,,0,0,0,21,0,47,Norbert Gombos,1,76.25526375754703,-27.0,-9.0,0.10000000000000003,0.01259028202086998,1,1,0,0
2021-540-138,2021-06-28,Grass,G,R128,5,2021,Alexei Popyrin,1568.2768716628982,67.0,21.8,R,0.5,0.2,0.25,0.6275766498989502,0.7665383411599279,0.5137881387881389,0.12408736068181203,,0,,2,6,0,7,1,68,1707.0791181631444,53.0,31.4,R,0.55,0.6,0.5,0.6743245371625203,0.7142454708224687,0.5734599292683967,0.019726700514675198,,0,,0,0,0,14,0,250,Kei Nishikori,0,-138.80224650024616,14.0,-9.599999999999998,-0.050000000000000044,-0.04674788726357004,2,0,1,1
2021-6116-276,2021-07-26,Hard,A,R32,3,2021,Alexei Popyrin,1558.3492768459587,73.0,21.9,R,0.45,0.2,0.6875,0.6005467711852712,0.802755586456866,0.6047015558502287,0.12820500774063556,,0,,0,0,0,28,0,69,1524.9881187743558,80.0,31.5,R,0.4,0.4,0.45454545454545453,0.5527120052566481,0.7364208915053959,0.5001254931738117,0.10966651307137462,,0,,3,6,0,7,1,218,Steve Johnson,0,33.36115807160286,-7.0,-9.600000000000001,0.04999999999999999,0.047834765928623124,-3,0,0,0
2021-0418-255,2021-08-02,Hard,A,R64,3,2021,Alexei Popyrin,1540.817643100383,72.0,21.9,R,0.4,0.2,0.6470588235294118,0.6012908188043188,0.8139577722492157,0.6047015558502287,0.1433702529431942,,0,,1,2,0,7,0,70,1626.6381147921948,89.0,19.9,R,0.6470588235294118,0.8,0.6923076923076923,0.5644238275903952,0.7524402033613332,0.5638076919424168,0.0995734868294524,,0,,5,13,0,7,3,17,Brandon Nakashima,0,-85.82047169181169,-17.0,2.0,-0.24705882352941178,0.03686699121392356,-4,0,0,0
2021-6242-275,2021-08-23,Hard,A,R32,3,2021,Alexei Popyrin,1546.6688908658498,71.0,22.0,R,0.4,0.2,0.6111111111111112,0.5887024474233777,0.7989329214078219,0.5747805788387346,0.13395880226592072,,0,,0,0,0,21,0,71,1595.722027800592,54.0,18.3,R,0.6,0.6,0.2857142857142857,0.6090667248143992,0.670143917451379,0.4927581941867656,0.014954238581214207,,0,,1,2,0,7,0,28,Carlos Alcaraz,0,-49.05313693474227,17.0,3.6999999999999993,-0.19999999999999996,-0.020364277391021424,-1,0,0,0
2021-6242-248,2021-08-23,Hard,A,R64,3,2021,Alexei Popyrin,1528.6913562417565,71.0,22.0,R,0.35,0.2,0.6111111111111112,0.5830721953225374,0.8038787208658166,0.5880348891835621,0.1333410416481601,0.0,1,0.0,0,0,1,0,0,72,1571.853659255138,86.0,31.6,R,0.5,0.6,0.5294117647058824,0.5616448743770743,0.7670617571557379,0.5728803952653573,0.13518361829508502,1.0,1,1.0,0,0,0,21,2,224,Steve Johnson,1,-43.16230301338146,-15.0,-9.600000000000001,-0.15000000000000002,0.02142732094546307,0,1,0,0
2021-560-210,2021-08-30,Hard,G,R32,5,2021,Alexei Popyrin,1545.1410882178975,73.0,22.0,R,0.35,0.4,0.6,0.5753627182095418,0.7846699829839914,0.5442544350478848,0.12821892576565475,0.0,1,0.0,2,5,0,7,1,73,1646.8783471542886,27.0,31.2,R,0.45,0.6,0.5,0.5934680490678659,0.6953053379369168,0.5119241216373628,0.043959229773848724,1.0,1,1.0,2,5,0,7,0,140,Daniel Evans,0,-101.73725893639107,46.0,-9.2,-0.10000000000000003,-0.01810533085832411,0,0,1,1
2021-560-157,2021-08-30,Hard,G,R128,5,2021,Alexei Popyrin,1532.91298018087,73.0,22.0,R,0.35,0.2,0.6,0.5846872172399232,0.7977962769798506,0.556725023283179,0.1262833200626994,,0,,2,5,1,0,0,74,1449.4373955359154,108.0,31.8,R,0.3,0.2,0.4782608695652174,0.6643677407499675,0.6608933508677067,0.5224805434843989,0.024259460735955536,,0,,1,2,0,7,0,171,Radu Albot,1,83.47558464495455,-35.0,-9.8,0.04999999999999999,-0.07968052351004429,1,1,1,1
2021-0404-262,2021-10-04,Hard,M,R64,3,2021,Alexei Popyrin,1548.522433577838,69.0,22.1,R,0.35,0.6,0.5909090909090909,0.5689213817682053,0.7729867752753753,0.5447935746921548,0.11624158937655364,,0,,0,0,0,35,1,75,1751.4635685479632,12.0,24.6,R,0.7,0.8,0.675,0.6207654683455919,0.7890073705328288,0.5759365506912092,0.15848497267269757,,0,,2,5,0,7,0,135,Hubert Hurkacz,0,-202.94113497012518,57.0,-2.5,-0.35,-0.051844086577386594,-2,0,0,0
2021-0404-223,2021-10-04,Hard,M,R128,3,2021,Alexei Popyrin,1533.696790087237,69.0,22.1,R,0.35,0.4,0.5909090909090909,0.5714466342934579,0.7879448367851609,0.5172914720849219,0.12295154608651035,0.0,2,0.0,0,0,1,0,0,76,1508.1500215553945,62.0,22.0,R,0.3,0.4,0.4074074074074074,0.587177225440635,0.7234602026086399,0.4830134602017024,0.0640315790980178,2.0,2,1.0,2,4,0,7,0,109,Miomir Kecmanovic,1,25.546768531842645,7.0,0.10000000000000142,0.04999999999999999,-0.01573059114717712,-2,1,0,0
2021-7485-276,2021-10-18,Hard,A,R32,3,2021,Alexei Popyrin,1540.9327913051247,74.0,22.2,R,0.35,0.4,0.5833333333333334,0.5785010494123891,0.7504173308309309,0.5321238914342363,0.10377428336086054,,0,,0,0,0,14,1,77,1591.8145327010818,61.0,26.0,R,0.5625,0.6,0.5833333333333334,0.6175416676725257,0.7549540596885516,0.47180432083962254,0.0715906636294786,,0,,0,0,0,14,0,16,Botic Van De Zandschulp,0,-50.88174139595708,13.0,-3.8000000000000007,-0.21250000000000002,-0.039040618260136606,0,0,0,0
2021-0337-274,2021-10-25,Hard,A,R32,3,2021,Alexei Popyrin,1527.2593727567432,77.0,22.2,R,0.3,0.4,0.5833333333333334,0.5834393210173274,0.7280643896544603,0.5336623529726978,0.10014320129840593,0.0,1,0.0,1,3,0,7,0,78,1884.072281496811,7.0,25.5,R,0.8,0.6,0.7142857142857143,0.6290108521257456,0.7600888959409499,0.5081498568532773,0.133187548324735,1.0,1,1.0,0,0,0,21,0,168,Matteo Berrettini,0,-356.81290874006777,70.0,-3.3000000000000007,-0.5,-0.04557153110841816,1,0,0,0
2021-0352-291,2021-11-01,Hard,M,R16,3,2021,Alexei Popyrin,1543.817713890304,71.0,22.2,R,0.35,0.4,0.56,0.574193357717953,0.7134584882064536,0.5547229590333039,0.08360776103534417,,0,,1,2,1,0,1,80,1587.6468004256212,55.0,29.7,R,0.55,0.6,0.5172413793103449,0.5422666435067295,0.735723512316763,0.4541887132816996,0.09669294496304662,,0,,1,2,0,7,0,72,James Duckworth,0,-43.829086535317174,16.0,-7.5,-0.20000000000000007,0.031926714211223506,0,1,0,0
2022-9665-283,2022-01-03,Hard,A,R32,3,2022,Alexei Popyrin,1529.8254787514272,61.0,22.4,R,0.3,0.2,0.5555555555555556,0.5830761416007368,0.7220208560711472,0.539763609439808,0.08305831048589363,,0,,0,0,0,63,0,81,1451.423618693596,78.0,30.0,R,0.2,0.2,0.4666666666666667,0.5696460098424395,0.6800341330570883,0.4532337146459281,0.08145453603831176,,0,,0,0,0,126,0,69,Stefano Travaglia,1,78.4018600578313,-17.0,-7.600000000000001,0.09999999999999998,0.013430131758297326,0,0,0,0
2022-9665-292,2022-01-03,Hard,A,R16,3,2022,Alexei Popyrin,1542.27500167998,61.0,22.4,R,0.3,0.4,0.5555555555555556,0.5827325611305743,0.7224980564953252,0.5296277682694841,0.08555378969023358,,0,,0,0,1,0,1,82,1533.9376832575133,65.0,25.5,R,0.3888888888888889,0.6,0.5,0.659694393860307,0.7085552041827696,0.48195173736526875,0.0844147456290653,,0,,0,0,0,126,0,17,Tallon Griekspoor,0,8.337318422466751,-4.0,-3.1000000000000014,-0.0888888888888889,-0.07696183272973278,0,1,0,0
2022-9663-280,2022-01-10,Hard,A,R32,3,2022,Alexei Popyrin,1525.891127658587,59.0,22.4,R,0.3,0.4,0.5517241379310345,0.5733666682554862,0.7181398316747034,0.5376833238250397,0.09233702755577473,,0,,2,5,0,7,0,83,1579.4872768189437,61.0,24.7,R,0.5,0.4,0.42857142857142855,0.6360928895077567,0.6614981591830184,0.4757886586828901,0.046812304812547056,,0,,0,0,0,63,0,54,Pedro Martinez,0,-53.59614916035662,-2.0,-2.3000000000000007,-0.2,-0.06272622125227045,2,0,0,0
2022-580-153,2022-01-17,Hard,G,R128,5,2022,Alexei Popyrin,1512.3399277508965,59.0,22.4,R,0.3,0.4,0.5333333333333333,0.5738740410159111,0.7079481533203322,0.5236833238250396,0.08895982761919632,,0,,1,2,0,7,0,84,1607.3393319023235,48.0,26.4,R,0.5,0.8,0.5238095238095238,0.6460082319796289,0.8016948153133558,0.5228844535094536,0.16369151719635314,,0,,5,13,0,7,0,42,Arthur Rinderknech,0,-94.99940415142692,11.0,-4.0,-0.2,-0.07213419096371776,-4,0,1,1
2022-0375-277,2022-01-31,Hard,A,R32,3,2022,Alexei Popyrin,1500.6089486667763,65.0,22.4,R,0.3,0.2,0.5161290322580645,0.5893285864704566,0.7012361351797426,0.5281595143012301,0.08662216528153399,,0,,0,0,0,14,0,85,1583.4893435888496,36.0,29.9,R,0.4,0.4,0.4166666666666667,0.622858716533796,0.6913277218892261,0.49053110476847134,0.06467947778359498,,0,,0,0,1,0,0,157,Filip Krajinovic,0,-82.88039492207326,29.0,-7.5,-0.10000000000000003,-0.03353013006333938,0,-1,0,0
2022-0407-276,2022-02-07,Hard,A,R32,3,2022,Alexei Popyrin,1488.3549439766655,66.0,22.5,R,0.3,0.2,0.4827586206896552,0.5935089442652723,0.7082631622067697,0.4955576334234871,0.09109460047686076,0.0,1,0.0,1,2,0,7,0,86,1722.8540377050633,28.0,25.7,R,0.6,0.6,0.6222222222222222,0.6581447208262838,0.760726030805653,0.47438487600851315,0.1422051584678571,1.0,1,1.0,0,0,0,21,0,295,Karen Khachanov,0,-234.49909372839784,38.0,-3.1999999999999993,-0.3,-0.0646357765610115,1,0,0,0
2022-0496-282,2022-02-14,Hard,A,R32,3,2022,Alexei Popyrin,1481.7664919611284,66.0,22.5,R,0.25,0.0,0.4642857142857143,0.5916349043267162,0.7272838778376547,0.49722987422616266,0.09416679709744448,,0,,1,3,0,7,0,87,1483.601838403426,163.0,24.5,R,0.35714285714285715,0.4,0.3333333333333333,0.6139106236103847,0.6916886018160537,0.5094021975864619,0.07837739454325827,,0,,0,0,0,28,0,14,Roman Safiullin,0,-1.8353464422975776,-97.0,-2.0,-0.10714285714285715,-0.02227571928366856,1,0,0,0
2022-0495-281,2022-02-21,Hard,A,R32,3,2022,Alexei Popyrin,1465.851012002113,66.0,22.5,R,0.25,0.0,0.4482758620689655,0.5898353646740693,0.7467710573248342,0.47069141268770104,0.09816344911669536,,0,,1,3,0,7,0,88,1625.6550736177035,19.0,29.9,R,0.45,0.6,0.525,0.5677515023848342,0.6460019944270531,0.42448906748013887,0.05373170755693901,,0,,4,9,0,7,0,247,Nikoloz Basilashvili,1,-159.8040616155904,47.0,-7.399999999999999,-0.2,0.02208386228923509,-3,0,0,0
2022-0495-291,2022-02-21,Hard,A,R16,3,2022,Alexei Popyrin,1488.731747287721,66.0,22.5,R,0.3,0.2,0.4482758620689655,0.5927765411446574,0.7471219345178166,0.4840247460210345,0.10355560597944047,,0,,1,3,1,0,1,89,1535.6505736935878,99.0,31.6,R,0.4,0.4,0.42105263157894735,0.5925935660617119,0.6664008636003815,0.47853202338282974,0.024715639406466382,,0,,0,0,0,21,0,123,Ricardas Berankis,0,-46.91882640586687,-33.0,-9.100000000000001,-0.10000000000000003,0.00018297508294551346,1,1,0,0
2022-0403-216,2022-03-21,Hard,M,R128,3,2022,Alexei Popyrin,1458.9865122816723,92.0,22.6,R,0.3,0.2,0.32,0.6107096681357553,0.7450026252556501,0.478811994165255,0.11482147376704739,,0,,0,0,0,14,0,91,1549.8562081842936,76.0,20.0,R,0.35,0.4,0.3793103448275862,0.6148399390398317,0.699865862071176,0.5267209729014027,0.04387424845307315,,0,,0,0,0,14,0,58,Lorenzo Musetti,1,-90.86969590262129,16.0,2.6000000000000014,-0.04999999999999999,-0.004130270904076361,0,0,0,0
2022-0403-259,2022-03-21,Hard,M,R64,3,2022,Alexei Popyrin,1479.0783383367084,92.0,22.6,R,0.3,0.4,0.32,0.6141097270112338,0.7538213291112695,0.46669078204404285,0.10671137662250807,1.0,1,1.0,0,0,1,0,1,92,1699.3873979396637,23.0,33.4,R,0.65,0.2,0.6486486486486487,0.5631345510492627,0.8008621984278547,0.5208147240740002,0.1673234548420145,0.0,1,0.0,0,0,0,14,0,309,Marin Cilic,0,-220.30905960295536,69.0,-10.799999999999997,-0.35000000000000003,0.0509751759619711,0,1,0,0
2022-520-113,2022-05-23,Clay,G,R128,5,2022,Alexei Popyrin,1472.0522460041818,102.0,22.7,R,0.3,0.4,0.0,0.5769278407850482,0.7159113380730459,0.46132616585096836,0.09336012214222135,0.0,1,0.0,0,0,0,63,0,93,1628.0143403583604,51.0,34.9,R,0.55,0.2,0.55,0.5833715619962926,0.6226213893923103,0.4989238640952533,0.01951058732445525,1.0,1,1.0,1,2,0,7,0,299,Fabio Fognini,0,-155.9620943541786,51.0,-12.2,-0.25000000000000006,-0.006443721211244369,-1,0,1,1
2022-540-161,2022-06-27,Grass,G,R128,5,2022,Alexei Popyrin,1462.7880902275222,83.0,22.8,R,0.25,0.2,0.0,0.6203795686615815,0.7584403467605509,0.5106111330675285,0.09002347864669007,,0,,0,0,0,35,0,94,1589.2843223437608,66.0,21.7,L,0.4,0.6,0.6666666666666666,0.528974358974359,0.7497043261749144,0.556998556998557,0.04247880662011097,,0,,0,0,0,21,0,43,Hugo Gaston,0,-126.49623211623862,17.0,1.1000000000000014,-0.15000000000000002,0.09140520968722254,0,0,1,1
2022-0315-283,2022-07-11,Grass,A,R32,3,2022,Alexei Popyrin,1452.3690101970935,85.0,22.9,R,0.25,0.2,0.0,0.6229762832547391,0.7421303621690334,0.5084574594128518,0.08770205007526148,,0,,0,0,0,14,0,95,1382.625911821678,86.0,25.7,R,0.25,0.2,0.3333333333333333,0.6300577490764986,0.814903645869902,0.5279569892473118,0.14488058703017961,,0,,0,0,0,14,0,33,Quentin Halys,0,69.74309837541546,-1.0,-2.8000000000000007,0.0,-0.007081465821759503,0,0,0,0
2022-6116-276,2022-07-25,Hard,A,R32,3,2022,Alexei Popyrin,1433.1996775894827,84.0,22.9,R,0.2,0.2,0.2916666666666667,0.6237871463660726,0.7446232159037225,0.44752411537737624,0.07957542593162813,0.0,3,0.0,0,0,0,14,0,96,1546.70260373642,81.0,33.1,R,0.35,0.2,0.5151515151515151,0.6288388338825548,0.6723906287870696,0.5979794140696396,0.030371050337460022,3.0,3,1.0,0,0,0,28,0,226,John Millman,0,-113.5029261469374,3.0,-10.200000000000003,-0.14999999999999997,-0.005051687516482217,0,0,0,0
2022-0418-281,2022-08-01,Hard,A,R32,3,2022,Alexei Popyrin,1422.2483396601383,83.0,22.9,R,0.2,0.0,0.2916666666666667,0.6319632469950035,0.7477295480423127,0.4678944857477466,0.08486643122263342,,0,,1,3,0,7,0,97,1798.0304894690892,13.0,24.7,R,0.65,0.8,0.6744186046511628,0.6101453299148812,0.776141864835474,0.5434394653090305,0.15707518760963654,,0,,0,0,0,35,0,286,Taylor Fritz,0,-375.78214980895086,70.0,-1.8000000000000007,-0.45,0.021817917080122262,1,0,0,0
2022-560-192,2022-08-29,Hard,G,R64,5,2022,Alexei Popyrin,1436.665086028893,84.0,23.0,R,0.25,0.2,0.2727272727272727,0.6076456280873168,0.7526955344368704,0.4815308493841103,0.0995371196716385,,0,,0,0,1,0,1,99,1684.716872295657,16.0,30.0,R,0.5,0.6,0.6176470588235294,0.6393992879121161,0.6433165174096828,0.46023303088520484,0.011144391146324161,,0,,0,0,0,14,0,360,Diego Schwartzman,0,-248.05178626676388,68.0,-7.0,-0.25,-0.031753659824799274,0,1,1,1
2022-9569-278,2022-09-19,Hard,A,R32,3,2022,Alexei Popyrin,1430.4754551566996,90.0,23.1,R,0.2,0.2,0.2727272727272727,0.6165236450475254,0.7486455790399035,0.47684201732954934,0.09011412257740851,0.0,1,0.0,0,0,0,21,0,100,1496.3384059107925,83.0,30.6,R,0.3,0.4,0.5,0.5312788435346716,0.7253852910425076,0.5259788247869006,0.08111491029554832,1.0,1,1.0,0,0,0,21,0,94,James Duckworth,0,-65.86295075409294,7.0,-7.5,-0.09999999999999998,0.08524480151285385,0,0,0,0
2022-0329-284,2022-10-03,Hard,A,R32,3,2022,Alexei Popyrin,1417.4727380652307,93.0,23.1,R,0.2,0.2,0.2608695652173913,0.6077253209187882,0.7358250662193907,0.48921043838218087,0.09057188370932695,0.0,1,0.0,0,0,0,14,0,101,1486.5672920476286,68.0,25.4,R,0.2,0.0,0.35,0.6537793717299961,0.62713290543954,0.5138438267497268,0.02477727267922903,1.0,1,1.0,1,2,0,7,0,93,Pedro Martinez,0,-69.09455398239788,25.0,-2.299999999999997,0.0,-0.04605405081120795,-1,0,0,0
2023-2843-270,2023-01-02,Hard,A,R32,3,2023,Alexei Popyrin,1404.6133653936479,120.0,23.4,R,0.15,0.2,0.2222222222222222,0.6116136559138032,0.732131372525697,0.4725437717155142,0.10340199801756503,,0,,0,0,0,91,0,102,1877.533482735002,6.0,22.4,R,0.85,0.4,0.7272727272727273,0.6805728507239049,0.7842413623345408,0.5255352068363577,0.16480581136022415,,0,,0,0,0,49,0,248,Felix Auger Aliassime,1,-472.92011734135417,114.0,1.0,-0.7,-0.06895919481010171,0,0,0,0
2023-2843-286,2023-01-02,Hard,A,R16,3,2023,Alexei Popyrin,1434.6400048695232,120.0,23.4,R,0.2,0.4,0.2222222222222222,0.6136263198667656,0.7331649642569631,0.47076511558903206,0.11704213068754846,,0,,0,0,1,0,1,103,1618.6987612076214,61.0,29.4,R,0.45,0.6,0.41379310344827586,0.6322623579110095,0.7236820488640083,0.5181694694932348,0.07386792452728995,,0,,0,0,0,70,1,113,Marcos Giron,1,-184.0587563380982,59.0,-6.0,-0.25,-0.018636038044243852,0,1,0,0
2023-2843-294,2023-01-02,Hard,A,QF,3,2023,Alexei Popyrin,1458.4032117499355,120.0,23.4,R,0.25,0.4,0.2222222222222222,0.6230120107785609,0.7543824167552038,0.4821401155890321,0.1321087128054939,,0,,0,0,2,0,2,104,1692.790790107968,36.0,27.2,L,0.65,0.6,0.5757575757575758,0.6893628370899962,0.6384454610493137,0.5489424799119622,0.027126148749433705,,0,,0,0,0,63,0,180,Yoshihito Nishioka,0,-234.38757835803244,84.0,-3.8000000000000007,-0.4,-0.0663508263114353,0,2,0,0
2023-8998-284,2023-01-09,Hard,A,R32,3,2023,Alexei Popyrin,1451.8114005260068,113.0,23.4,R,0.25,0.4,0.2631578947368421,0.6274035212775448,0.7518296975543158,0.48006219351110985,0.1520723050385036,,0,,3,8,0,7,0,105,1587.6291495542625,110.0,26.7,R,0.4,0.2,0.47619047619047616,0.6227750187291551,0.7736577639548445,0.5023173749786654,0.16783713174205536,,0,,2,4,0,7,1,65,Thanasi Kokkinakis,0,-135.81774902825578,3.0,-3.3000000000000007,-0.15000000000000002,0.004628502548389757,1,0,0,0
2023-580-149,2023-01-16,Hard,G,R128,5,2023,Alexei Popyrin,1441.7657795974364,113.0,23.4,R,0.25,0.4,0.2631578947368421,0.6122520061260298,0.769721854417061,0.48214552684444334,0.15926184752216374,1.0,1,1.0,1,3,1,0,0,107,1394.170272730935,115.0,21.4,R,0.125,0.0,0.16666666666666666,0.583601607251042,0.6158158802937784,0.44580905301181106,0.028234910490546494,0.0,1,0.0,0,0,0,14,0,16,Chun Hsin Tseng,1,47.59550686650141,-2.0,2.0,0.125,0.02865039887498777,1,1,1,1
2023-580-188,2023-01-16,Hard,G,R64,5,2023,Alexei Popyrin,1455.5875345014774,113.0,23.4,R,0.3,0.6,0.2631578947368421,0.6111025808386733,0.7789811136763202,0.46344182314073956,0.16226312466137194,0.0,1,0.0,1,3,2,0,1,108,1875.5272803252371,9.0,25.2,R,0.7,0.8,0.7272727272727273,0.6322465803180993,0.8308433708215099,0.5733428286369462,0.15977416146438697,1.0,1,1.0,0,0,0,14,3,313,Taylor Fritz,1,-419.9397458237597,104.0,-1.8000000000000007,-0.39999999999999997,-0.021143999479426023,1,2,1,1
2023-0495-283,2023-02-27,Hard,A,R32,3,2023,Alexei Popyrin,1471.9293343983666,98.0,23.5,R,0.3,0.4,0.375,0.6462968672593031,0.7781545188874612,0.47735159757682977,0.1544928561404549,,0,,0,0,0,42,2,109,1460.4267564984284,138.0,24.2,R,0.2,0.2,0.25,0.5855852779640184,0.6523620294956192,0.47507551688276994,0.03721853302797518,,0,,0,0,0,42,0,10,Pavel Kotov,0,11.50257789993816,-40.0,-0.6999999999999993,0.09999999999999998,0.06071158929528475,0,0,0,0
2023-0404-265,2023-03-06,Hard,M,R64,3,2023,Alexei Popyrin,1472.9048889425187,101.0,23.5,R,0.35,0.6,0.35294117647058826,0.6389017867750351,0.7914223659244085,0.4845945144927815,0.16125029583418501,0.0,1,0.0,1,3,0,7,0,110,1814.2045813378622,11.0,26.0,R,0.65,0.8,0.6595744680851063,0.6573609817755028,0.8230389887418967,0.5422033580976229,0.21022918929674878,1.0,1,1.0,3,7,0,7,1,226,Hubert Hurkacz,0,-341.2996923953435,90.0,-2.5,-0.30000000000000004,-0.018459195000467776,-2,0,0,0
2023-0404-228,2023-03-06,Hard,M,R128,3,2023,Alexei Popyrin,1455.3998145613155,101.0,23.5,R,0.3,0.4,0.35294117647058826,0.6360109828042704,0.779056774526559,0.4880604965210228,0.15552323136380214,,0,,1,3,1,0,0,111,1488.179002311526,93.0,26.3,R,0.3888888888888889,0.4,0.375,0.6399997499212067,0.7172282247009256,0.530462971124736,0.07822521511932726,,0,,0,0,0,49,0,18,Zhizhen Zhang,1,-32.77918775021044,8.0,-2.8000000000000007,-0.0888888888888889,-0.003988767116936298,1,1,0,0
2023-0403-260,2023-03-20,Hard,M,R64,3,2023,Alexei Popyrin,1468.9701187582816,93.0,23.6,R,0.3,0.4,0.3888888888888889,0.6350134517800201,0.7917827262847689,0.4774516573499244,0.14652779666502586,0.0,1,0.0,0,0,0,14,1,112,1663.663074311765,32.0,27.4,R,0.5,0.6,0.5151515151515151,0.6257637639504159,0.682739756878268,0.447963634529409,0.06916994550535799,1.0,1,1.0,0,0,0,21,2,96,Botic Van De Zandschulp,0,-194.69295555348344,61.0,-3.799999999999997,-0.2,0.009249687829604225,0,0,0,0
2023-0360-286,2023-04-03,Clay,A,R16,3,2023,Alexei Popyrin,1478.88603002604,95.0,23.6,R,0.35,0.4,0.0,0.5867662057467713,0.7148357637103684,0.46176663189245737,0.1346964141471661,0.0,2,0.0,0,0,0,14,0,113,1594.708966924577,30.0,32.8,R,0.45,0.2,0.36363636363636365,0.6667485222660036,0.6772510988638804,0.46504479949874683,0.05466772125480686,2.0,2,1.0,0,0,0,14,0,216,Daniel Evans,0,-115.82293689853691,65.0,-9.199999999999996,-0.10000000000000003,-0.07998231651923227,0,0,0,0
2023-0410-240,2023-04-10,Clay,M,R64,3,2023,Alexei Popyrin,1468.0306911255782,94.0,23.6,R,0.35,0.4,0.3333333333333333,0.5907282076003393,0.7140338390912827,0.4403535884141966,0.11809820652954099,,0,,2,4,0,7,1,115,1581.173819812349,69.0,32.7,R,0.55,0.6,0.5,0.6517336244055172,0.6477544811051892,0.4819923958438889,0.0285648994053543,,0,,0,0,0,21,1,281,Dusan Lajovic,1,-113.14312868677075,25.0,-9.100000000000001,-0.20000000000000007,-0.0610054168051779,2,0,0,0
2023-0410-271,2023-04-10,Clay,M,R32,3,2023,Alexei Popyrin,1489.064428782843,94.0,23.6,R,0.4,0.4,0.3333333333333333,0.5872334307722291,0.7239114614689052,0.4502879069692048,0.12303647813447927,,0,,2,4,1,0,2,116,1605.8890447043884,58.0,27.4,R,0.6,0.8,0.7142857142857143,0.616760851536241,0.7553555621425602,0.5801849475987406,0.0927177784892659,,0,,1,3,0,7,0,114,Nicolas Jarry,0,-116.8246159215455,36.0,-3.799999999999997,-0.19999999999999996,-0.029527420764011936,1,1,0,0
2023-2841-277,2023-04-17,Clay,A,R32,3,2023,Alexei Popyrin,1478.2504112603876,81.0,23.6,R,0.4,0.4,0.4,0.5838633327330135,0.7514900604760755,0.45186649310510046,0.11563705284712293,0.0,1,0.0,2,5,1,0,0,118,1626.0800401384654,34.0,26.7,R,0.65,0.4,0.45454545454545453,0.6627114270928646,0.7278586514133755,0.4645159932659933,0.09075393005721744,1.0,1,1.0,1,3,0,7,0,73,Tallon Griekspoor,1,-147.82962887807776,47.0,-3.099999999999998,-0.25,-0.07884809435985107,1,1,0,0
2023-1536-227,2023-04-24,Clay,M,R128,3,2023,Alexei Popyrin,1490.090297144205,75.0,23.7,R,0.4,0.4,0.42857142857142855,0.5868469484504286,0.7666978526838676,0.4691560553946627,0.10866493972670362,0.0,1,0.0,2,5,0,7,1,119,1518.6956208017455,66.0,26.4,R,0.5,0.6,0.5,0.5468375380629095,0.7776944056824847,0.5229020116062799,0.15142002112864686,1.0,1,1.0,1,3,0,7,0,63,Quentin Halys,0,-28.605323657540566,9.0,-2.6999999999999993,-0.09999999999999998,0.04000941038751915,1,0,0,0
2023-0416-228,2023-05-08,Clay,M,R128,3,2023,Alexei Popyrin,1475.4046524574292,77.0,23.7,R,0.4,0.4,0.375,0.5944329435364237,0.7645792086160711,0.48432846918776623,0.10645150099152574,,0,,0,0,0,14,0,120,1579.6233361143825,78.0,28.9,R,0.5,0.6,0.5833333333333334,0.6108671903099129,0.7371588354863616,0.4991632259433885,0.08258462002987718,,0,,0,0,0,14,0,52,Christopher Oconnell,1,-104.21868365695332,-1.0,-5.199999999999999,-0.09999999999999998,-0.016434246773489147,0,0,0,0
2023-0416-265,2023-05-08,Clay,M,R64,3,2023,Alexei Popyrin,1496.065148865355,77.0,23.7,R,0.45,0.4,0.375,0.6111110492330607,0.7669601609970235,0.5088936865790705,0.10898830023988151,1.0,1,1.0,0,0,1,0,1,121,1789.9441573398522,10.0,22.7,R,0.6,0.4,0.625,0.6302769175564791,0.766453215818365,0.4825853650313654,0.10248753268294788,0.0,1,0.0,0,0,0,14,0,268,Felix Auger Aliassime,1,-293.87900847449714,67.0,1.0,-0.14999999999999997,-0.019165868323418378,0,1,0,0
2023-0416-292,2023-05-08,Clay,M,R16,3,2023,Alexei Popyrin,1541.8305254845545,77.0,23.7,R,0.5,0.6,0.375,0.6189591935980588,0.7625280259623003,0.5527757703050095,0.10780596606219131,,0,,0,0,2,0,2,122,1856.4711934791837,7.0,20.0,R,0.75,0.8,0.6818181818181818,0.6036428146032728,0.7510555451304877,0.4992596350853358,0.04813515630831061,,0,,0,0,0,14,1,106,Holger Rune,0,-314.6406679946292,70.0,3.6999999999999993,-0.25,0.015316378994785995,0,2,0,0
2023-0416-283,2023-05-08,Clay,M,R32,3,2023,Alexei Popyrin,1523.0874868894937,77.0,23.7,R,0.5,0.6,0.375,0.6180182047623332,0.7639386245135775,0.5259215503561604,0.11348778424400949,0.0,1,0.0,0,0,3,0,0,123,1583.24588990959,103.0,25.7,R,0.5,0.8,0.5,0.6676215879023094,0.7261938545320923,0.5353999868928381,0.054419251218942276,1.0,1,1.0,0,0,0,14,2,34,Roman Safiullin,1,-60.15840302009633,-26.0,-2.0,0.0,-0.049603383139976254,0,3,0,0
2023-520-154,2023-05-29,Clay,G,R128,5,2023,Alexei Popyrin,1537.3348112172735,85.0,23.8,R,0.45,0.6,0.5454545454545454,0.6140349511738165,0.7656049490392235,0.5408565783858176,0.10788172363794887,,0,,0,0,0,21,1,124,1568.0427860257682,62.0,29.7,R,0.5,0.8,0.625,0.6288836761220006,0.7126037486614448,0.5443873093873094,0.042185976965299965,,0,,0,0,0,35,2,121,Aslan Karatsev,0,-30.707974808494782,23.0,-5.899999999999999,-0.04999999999999999,-0.014848724948184122,0,0,1,1
2023-0440-276,2023-06-12,Grass,A,R32,3,2023,Alexei Popyrin,1522.7452948016855,90.0,23.8,R,0.45,0.6,0.0,0.6155806157135789,0.7393458973807016,0.5076117134715666,0.1057043555514899,0.0,1,0.0,0,0,0,14,0,125,1578.449784351423,85.0,27.8,R,0.4,0.4,0.0,0.6684394846282213,0.7462893442277458,0.4172077922077922,0.09898545522260507,1.0,1,1.0,0,0,0,14,0,88,Arthur Rinderknech,1,-55.704489549737445,5.0,-4.0,0.04999999999999999,-0.05285886891464242,0,0,0,0
2023-0440-289,2023-06-12,Grass,A,R16,3,2023,Alexei Popyrin,1541.288824086243,90.0,23.8,R,0.5,0.6,0.0,0.6146761839981735,0.7439887545235588,0.5308303866902399,0.10255819864189211,1.0,2,0.5,0,0,1,0,1,126,1624.434341370677,38.0,26.9,R,0.55,0.6,0.5714285714285714,0.6651333468172425,0.770890659439039,0.5795439559787804,0.06919117804868519,1.0,2,0.5,0,0,1,0,2,78,Tallon Griekspoor,0,-83.14551728443394,52.0,-3.099999999999998,-0.050000000000000044,-0.05045716281906898,0,0,0,0
2023-0311-279,2023-06-19,Grass,A,R32,3,2023,Alexei Popyrin,1529.0463574213727,94.0,23.8,R,0.45,0.4,0.25,0.6022802012148162,0.7374502929850971,0.516111771971625,0.10433665392644498,,0,,2,4,0,7,0,127,1519.6314685694283,76.0,29.1,R,0.4,0.8,0.5555555555555556,0.6249821384327952,0.736895384188388,0.5828996672111391,0.08802537513819299,,0,,5,12,0,7,0,200,Jordan Thompson,0,9.414888851944397,18.0,-5.300000000000001,0.04999999999999999,-0.022701937217978974,-3,0,0,0
2023-540-109,2023-07-03,Grass,G,R128,5,2023,Alexei Popyrin,1512.612891861666,93.0,23.9,R,0.4,0.2,0.25,0.6015931602292677,0.7290200604269576,0.5220900328411904,0.10000764959744061,,0,,0,0,0,14,0,128,1580.960628533648,117.0,20.8,L,0.55,0.6,,0.6183166840443055,0.8122155388471178,0.4604816498190087,0.11216813389500124,,0,,0,0,0,35,0,20,Dominic Stricker,0,-68.34773667198215,-24.0,3.099999999999998,-0.15000000000000002,-0.016723523815037833,0,0,1,1
2023-0439-280,2023-07-24,Clay,A,R32,3,2023,Alexei Popyrin,1499.7204381881404,90.0,23.9,R,0.4,0.2,0.5,0.6202491914789658,0.7673060984645108,0.5517261436032089,0.10501962359675639,,0,,0,0,0,21,0,129,1583.7886742003495,107.0,27.1,R,0.5,0.2,0.5,0.5989570208751666,0.6603873377634443,0.453956135397783,0.06469608805547752,,0,,1,2,0,7,0,76,Benjamin Bonzi,1,-84.06823601220913,-17.0,-3.200000000000003,-0.09999999999999998,0.021292170603799287,-1,0,0,0
2023-0439-299,2023-07-24,Clay,A,SF,3,2023,Alexei Popyrin,1553.484849855718,90.0,23.9,R,0.5,0.6,0.5,0.6222146088609112,0.754224947093086,0.5414961531043747,0.09236908042677458,,0,,0,0,2,0,2,131,1553.5063023593416,76.0,22.4,R,0.45,0.8,0.5454545454545454,0.5465620766686665,0.6858441406540047,0.5591360558829434,0.051114508671808855,,0,,2,6,0,7,0,17,Matteo Arnaldi,1,-0.02145250362355,14.0,1.5,0.04999999999999999,0.07565253219224466,-2,2,0,0
2023-0439-291,2023-07-24,Clay,A,R16,3,2023,Alexei Popyrin,1519.5180955860287,90.0,23.9,R,0.45,0.4,0.5,0.6086832395621368,0.7678830215414341,0.5465537298101054,0.10645503029532097,,0,,0,0,3,0,3,132,1579.8000758291055,52.0,27.1,R,0.45,0.4,0.6,0.5528473751955986,0.7019461240531844,0.4511617321284943,0.049385895034693796,,0,,3,8,0,7,1,30,Sebastian Ofner,1,-60.28198024307676,38.0,-3.200000000000003,0.0,0.0558358643665382,-3,3,0,0
2023-0439-300,2023-07-24,Clay,A,F,3,2023,Alexei Popyrin,1569.4858377800178,90.0,23.9,R,0.55,0.8,0.5,0.6079180693307266,0.7669267014790508,0.5462739308821526,0.0888856479713795,,0,,0,0,4,0,4,133,1714.406758323409,72.0,38.3,R,0.6,0.8,0.4,0.590678699885331,0.7449632776014715,0.5500504014314755,0.061885917805556065,,0,,1,2,0,7,0,255,Stan Wawrinka,1,-144.92092054339105,18.0,-14.399999999999999,-0.04999999999999993,0.017239369445395614,-1,4,0,0
2023-0422-257,2023-08-14,Hard,M,R64,3,2023,Alexei Popyrin,1591.7978055871483,58.0,24.0,R,0.55,1.0,0.4,0.6212583635846334,0.7969836719112464,0.4695802604541372,0.08375938534511687,,0,,0,0,0,21,5,134,1495.9047064265103,52.0,24.9,R,0.5,0.6,0.125,0.5941369695655394,0.6984998603070088,0.5132978242356361,0.07922958445688467,,0,,0,0,0,14,1,78,Daniel Altmaier,1,95.89309916063803,6.0,-0.8999999999999986,0.050000000000000044,0.02712139401909397,0,0,0,0
2023-0422-290,2023-08-14,Hard,M,R16,3,2023,Alexei Popyrin,1603.4905846886465,58.0,24.0,R,0.6,1.0,0.4,0.6119293042279406,0.789773640563284,0.4687430511518116,0.08457824955013622,,0,,0,0,1,0,6,135,1658.9406998159209,60.0,24.3,R,0.5,0.6,0.4864864864864865,0.6526283952461929,0.7120808531114438,0.5147884802277385,0.05054008535263519,,0,,1,2,0,7,0,154,Emil Ruusuvuori,1,-55.45011512727433,-2.0,-0.3000000000000007,0.09999999999999998,-0.04069909101825231,-1,1,0,0
2023-0422-296,2023-08-14,Hard,M,QF,3,2023,Alexei Popyrin,1622.022694312578,58.0,24.0,R,0.6,1.0,0.4,0.5999639408062665,0.7799206993868133,0.48739851333668555,0.07572907779773866,0.0,2,0.0,0,0,2,0,7,136,1780.9693005085985,20.0,26.5,R,0.65,0.8,0.6097560975609756,0.6440376934057587,0.764245636359124,0.5461993458641919,0.16876496699418414,2.0,2,1.0,3,8,0,7,1,253,Hubert Hurkacz,0,-158.9466061960204,38.0,-2.5,-0.050000000000000044,-0.0440737525994922,-3,2,0,0
2023-560-149,2023-08-28,Hard,G,R128,5,2023,Alexei Popyrin,1612.8712109465084,41.0,24.0,R,0.6,0.8,0.4444444444444444,0.6049004021943407,0.7766713996669254,0.5075374022255745,0.06675976229813205,0.0,1,0.0,0,0,0,14,0,137,1585.262331222505,128.0,21.0,L,0.5,0.4,0.625,0.6110313894937345,0.7731318235375411,0.555681993723892,0.1100526363125113,1.0,1,1.0,0,0,0,42,0,24,Dominic Stricker,0,27.608879724003373,-87.0,3.0,0.09999999999999998,-0.006130987299393764,0,0,1,1
2023-9410-282,2023-09-25,Hard,A,R32,3,2023,Alexei Popyrin,1595.602444528562,45.0,24.1,R,0.55,0.6,0.4375,0.602954589386459,0.7585066056594348,0.5068511277157705,0.07342642896479872,,0,,0,0,0,28,0,138,1731.9490086750893,28.0,23.2,R,0.5,0.6,0.6875,0.6182643997973496,0.7600068913220173,0.538580011413936,0.11639988059786884,,0,,3,7,1,0,0,139,Sebastian Korda,0,-136.34656414652727,17.0,0.9000000000000021,0.050000000000000044,-0.015309810410890634,-3,-1,0,0
2023-5014-216,2023-10-02,Hard,M,R128,3,2023,Alexei Popyrin,1585.5777918054548,43.0,24.1,R,0.55,0.4,0.4117647058823529,0.6006223272382458,0.7463976971330435,0.49501835429285157,0.06712745367848165,1.0,1,1.0,1,3,0,7,0,139,1581.6957008132679,42.0,22.6,R,0.5,0.4,0.3333333333333333,0.5936536684345172,0.7047545732450152,0.532863029707966,0.07780622814188967,0.0,1,0.0,2,5,0,5,0,29,Matteo Arnaldi,0,3.8820909921869315,1.0,1.5,0.050000000000000044,0.006968658803728656,-1,0,0,0
2023-0329-292,2023-10-16,Hard,A,R16,3,2023,Alexei Popyrin,1594.3177688291737,41.0,24.1,R,0.55,0.2,0.4117647058823529,0.5978389260639366,0.7471624878978345,0.472454251728749,0.07248625249823194,,0,,0,0,0,14,0,140,1648.8255750279816,94.0,27.3,R,0.6,0.6,0.47058823529411764,0.611412716233842,0.7499459694135561,0.47011737219475347,0.05244407680858822,,0,,0,0,0,14,0,192,Cristian Garin,1,-54.507806198807884,-53.0,-3.1999999999999993,-0.04999999999999993,-0.013573790169905342,0,0,0,0
2023-0329-282,2023-10-16,Hard,A,R32,3,2023,Alexei Popyrin,1569.3990223481187,41.0,24.1,R,0.55,0.2,0.4117647058823529,0.589241253069448,0.740813281548628,0.4916850209595182,0.06365996141841972,0.0,2,0.0,0,0,1,0,1,141,1787.9654418088305,15.0,27.4,R,0.65,0.6,0.625,0.6141783162070715,0.770657427444229,0.5075381285381285,0.07850968303414317,2.0,2,1.0,0,0,0,14,0,387,Karen Khachanov,1,-218.5664194607118,26.0,-3.299999999999997,-0.09999999999999998,-0.02493706313762356,0,1,0,0
2023-0337-275,2023-10-23,Hard,A,R32,3,2023,Alexei Popyrin,1590.4392220110183,39.0,24.2,R,0.5,0.4,0.45,0.6136555225876446,0.745853234528154,0.47395121907937493,0.09184932847814338,,0,,3,8,0,7,0,143,1869.462015859577,5.0,26.0,R,0.7,0.8,0.6136363636363636,0.6481231025295042,0.772829332555319,0.5404750176182234,0.10715577018599194,,0,,0,0,1,0,4,397,Andrey Rublev,0,-279.02279384855865,34.0,-1.8000000000000007,-0.19999999999999996,-0.03446757994185967,3,-1,0,0
2023-0352-248,2023-10-30,Hard,M,R64,3,2023,Alexei Popyrin,1585.0914125544882,39.0,24.2,R,0.5,0.4,0.42857142857142855,0.6264002778323998,0.7303163715890149,0.46818625233879835,0.10011661674543164,0.0,1,0.0,1,2,0,7,0,144,1741.9424802106685,20.0,28.0,R,0.65,0.6,0.631578947368421,0.6478498078750128,0.798589852249491,0.5329541212299833,0.1246649287628981,1.0,1,1.0,2,5,1,0,0,154,Nicolas Jarry,0,-156.85106765618025,19.0,-3.8000000000000007,-0.15000000000000002,-0.021449530042612963,-1,-1,0,0
2024-0339-280,2024-01-01,Hard,A,R32,3,2024,Alexei Popyrin,1575.8609035079774,40.0,24.4,R,0.5,0.4,0.4090909090909091,0.6293914857834702,0.7251747918572713,0.46559489021255257,0.1074847360114867,1.0,1,1.0,0,0,0,63,0,145,1528.1406659564677,68.0,29.5,R,0.4,0.2,0.3684210526315789,0.6232703913992608,0.721489965569254,0.46091241669970184,0.08979478344721491,0.0,1,0.0,0,0,0,56,0,75,Christopher Oconnell,1,47.720237551509626,-28.0,-5.100000000000001,0.09999999999999998,0.00612109438420938,0,0,0,0
2024-0339-291,2024-01-01,Hard,A,R16,3,2024,Alexei Popyrin,1589.6770210889495,40.0,24.4,R,0.5,0.4,0.4090909090909091,0.638888833598575,0.7335571447984477,0.47162807271632323,0.11464563522846068,1.0,2,0.5,0,0,1,0,1,146,1685.4497312426947,39.0,26.4,R,0.55,0.6,0.43478260869565216,0.6228966006894006,0.7595220447964041,0.5010119793186154,0.08022546069624774,1.0,2,0.5,0,0,0,63,0,62,Roman Safiullin,0,-95.77271015374527,1.0,-2.0,-0.050000000000000044,0.015992232909174398,0,1,0,0
2024-580-101,2024-01-15,Hard,G,R128,5,2024,Alexei Popyrin,1577.9790991679185,43.0,24.4,R,0.5,0.2,0.4,0.6523487251201279,0.7374269458834386,0.46019016421959125,0.12292425355560883,,0,,0,0,0,14,0,147,1447.4794314883986,154.0,26.7,R,0.3,0.4,0.5,0.6746454966548691,0.6538622367826831,0.4644122174122174,0.054119781503525324,,0,,0,0,0,117,1,21,Marc Polmans,1,130.49966767951992,-111.0,-2.3000000000000007,0.2,-0.02229677153474119,0,0,1,1
2024-580-164,2024-01-15,Hard,G,R64,5,2024,Alexei Popyrin,1588.2369006115132,43.0,24.4,R,0.55,0.4,0.4,0.6611910896521477,0.7532107875099768,0.47170977206272846,0.13448418787416383,0.0,1,0.0,0,0,1,0,1,148,2153.608020402282,1.0,36.6,R,0.9,0.8,0.9142857142857143,0.6430308746278383,0.7779274718429741,0.5960559840080715,0.11444077589671772,1.0,1,1.0,0,0,1,0,3,446,Novak Djokovic,0,-565.3711197907687,42.0,-12.200000000000003,-0.35,0.018160215024309423,0,0,1,1
2024-0451-289,2024-02-19,Hard,A,R16,3,2024,Alexei Popyrin,1597.151667240514,46.0,24.5,R,0.55,0.6,0.3684210526315789,0.6544074152214144,0.7533194669138443,0.5032700557506719,0.14556254914860353,,0,,0,0,2,0,2,151,1498.8525887828766,151.0,27.9,R,0.3684210526315789,0.4,0.3333333333333333,0.6492269221698073,0.7295026646931165,0.4433859932950609,0.07372874208930287,,0,,0,0,0,14,0,18,Hugo Grenier,1,98.29907845763728,-105.0,-3.3999999999999986,0.18157894736842112,0.005180493051607171,0,2,0,0
2024-0451-298,2024-02-19,Hard,A,SF,3,2024,Alexei Popyrin,1629.6064077138665,46.0,24.5,R,0.55,0.8,0.3684210526315789,0.6515665228550666,0.7501760977382171,0.5409907144957208,0.13891418304488148,1.0,3,0.3333333333333333,0,0,3,0,3,152,1780.990158082629,17.0,27.7,R,0.6,0.6,0.6176470588235294,0.6340849680847612,0.7725323686278742,0.5325613780008067,0.14505636985623743,2.0,3,0.6666666666666666,0,0,0,14,2,405,Karen Khachanov,0,-151.38375036876255,29.0,-3.1999999999999993,-0.04999999999999993,0.01748155477030533,0,3,0,0
2024-0403-278,2024-03-18,Hard,M,R32,3,2024,Alexei Popyrin,1654.3430676081346,45.0,24.6,R,0.5,0.8,0.45,0.6540436157539575,0.7524634183706149,0.5799277034327097,0.12290715128353935,,0,,0,0,0,28,0,153,1673.0525091633215,57.0,24.4,R,0.55,0.8,0.56,0.629597514688158,0.7307800908739586,0.49232030153082784,0.05480351771316383,,0,,0,0,3,0,0,35,Fabian Marozsan,0,-18.709441555186913,-12.0,0.20000000000000284,-0.050000000000000044,0.024446101065799475,0,-3,0,0
2024-0403-208,2024-03-18,Hard,M,R128,3,2024,Alexei Popyrin,1620.1678216881355,45.0,24.6,R,0.5,0.6,0.45,0.6476889718346583,0.7387030930433814,0.5539536774586837,0.12748561161631006,,0,,0,0,1,0,0,154,1568.3916399909228,55.0,23.2,L,0.55,0.6,0.2,0.6454885594690114,0.6396650280040111,0.46695421940431014,0.0367791838392098,,0,,0,0,0,21,0,22,Facundo Diaz Acosta,1,51.77618169721268,-10.0,1.4000000000000021,-0.050000000000000044,0.002200412365646942,0,1,0,0
2024-0403-255,2024-03-18,Hard,M,R64,3,2024,Alexei Popyrin,1633.8009358660836,45.0,24.6,R,0.5,0.8,0.45,0.6539489187842605,0.7474517087687415,0.5584991320041383,0.12035033310172119,,0,,0,0,2,0,1,155,1735.217610142954,27.0,22.3,R,0.6,0.8,0.5555555555555556,0.6517994741775793,0.7587731361338441,0.5234181108254704,0.10059700657107998,,0,,0,0,0,14,1,100,Jiri Lehecka,1,-101.41667427687048,18.0,2.3000000000000007,-0.09999999999999998,0.0021494446066812056,0,2,0,0
2024-0410-282,2024-04-08,Clay,M,R32,3,2024,Alexei Popyrin,1649.0668480962113,46.0,24.6,R,0.5,0.6,0.6666666666666666,0.6040137676102321,0.7498800240510174,0.5616187584683593,0.1139408672931562,0.0,1,0.0,0,0,1,0,0,157,1834.9468760006023,6.0,26.4,R,0.7,0.6,0.7916666666666666,0.6181386196224463,0.7233553738323846,0.5459476616352967,0.10134192318660595,1.0,1,1.0,0,0,0,21,0,426,Andrey Rublev,1,-185.880027904391,40.0,-1.7999999999999972,-0.19999999999999996,-0.01412485201221425,0,1,0,0
2024-0410-263,2024-04-08,Clay,M,R64,3,2024,Alexei Popyrin,1639.2038373637654,46.0,24.6,R,0.45,0.6,0.6666666666666666,0.6004685743812317,0.7703165319875254,0.551101517089049,0.11950469801251132,,0,,0,0,2,0,1,158,1498.7602178404397,101.0,24.9,L,0.35,0.6,0.36363636363636365,0.6723561710885437,0.6778982293697488,0.520923629151422,0.02398095338167065,,0,,1,3,0,7,0,124,Corentin Moutet,1,140.44361952332565,-55.0,-0.29999999999999716,0.10000000000000003,-0.07188759670731204,-1,2,0,0
2024-0425-259,2024-04-15,Clay,A,R64,3,2024,Alexei Popyrin,1665.4006352073593,44.0,24.6,R,0.55,0.6,0.6875,0.5913183928095942,0.7492883894398321,0.5157242908414916,0.0832737851368032,1.0,1,1.0,3,7,0,7,2,159,1469.4287597314212,66.0,25.5,R,0.3,0.2,0.47619047619047616,0.616058640334345,0.674157922659719,0.4804589687953927,0.057316056013819804,0.0,1,0.0,1,2,0,7,0,101,Daniel Altmaier,0,195.97187547593808,-22.0,-0.8999999999999986,0.25000000000000006,-0.02474024752475079,2,0,0,0
2024-1536-183,2024-04-22,Clay,M,R128,3,2024,Alexei Popyrin,1641.224987953604,46.0,24.7,R,0.55,0.4,0.6666666666666666,0.5893256391864057,0.733177278328721,0.5296636847808857,0.07817448293605173,,0,,1,2,0,7,0,160,1625.1098833720428,41.0,23.1,R,0.6875,0.8,0.6875,0.7153238532571123,0.6526204995297534,0.4837391240626535,0.012721224452572438,,0,,5,12,0,7,1,16,Mariano Navone,0,16.115104581561354,5.0,1.5999999999999979,-0.13749999999999996,-0.12599821407070666,-4,0,0,0
2024-0416-176,2024-05-06,Clay,M,R128,3,2024,Alexei Popyrin,1624.483391704811,42.0,24.7,R,0.5,0.4,0.6666666666666666,0.5921569829268403,0.7310820402334829,0.53481242619965,0.06926557402714281,,0,,0,0,0,14,0,161,1559.6748144658561,121.0,20.8,R,0.5,0.8,0.5,0.5841583031983525,0.6750038466308804,0.45938391328178996,0.1596030616892469,,0,,0,0,1,0,1,22,Hamad Medjedovic,0,64.80857723895497,-79.0,3.8999999999999986,0.0,0.007998679728487779,0,-1,0,0
2024-520-296,2024-05-27,Clay,G,R128,5,2024,Alexei Popyrin,1605.5329870518428,51.0,24.8,R,0.45,0.2,0.5833333333333334,0.5925866284692678,0.7151205017719444,0.5413341653300847,0.08406149239448975,0.0,1,0.0,0,0,0,21,0,162,1564.377052891447,100.0,28.1,R,0.3,0.2,0.3333333333333333,0.6307708201696088,0.7242946959556662,0.4895579728056342,0.10632783314633043,1.0,1,1.0,0,0,0,35,0,105,Thanasi Kokkinakis,0,41.15593416039587,-49.0,-3.3000000000000007,0.15000000000000002,-0.03818419170034104,0,0,1,1
2024-0440-271,2024-06-10,Grass,A,R32,3,2024,Alexei Popyrin,1587.6465016540685,49.0,24.8,R,0.45,0.0,0.25,0.5982610678986646,0.7387219574459277,0.5099440633422797,0.08064831874179512,,0,,0,0,0,14,0,163,1508.3243857884602,80.0,23.2,R,0.35,0.2,0.6666666666666666,0.5675099280727937,0.7441992291888773,0.5404680632432883,0.02991136025344861,,0,,0,0,0,14,0,43,Rinky Hijikata,1,79.32211586560834,-31.0,1.6000000000000014,0.10000000000000003,0.030751139825870966,0,0,0,0
2024-0440-286,2024-06-10,Grass,A,R16,3,2024,Alexei Popyrin,1600.055755832183,49.0,24.8,R,0.5,0.2,0.25,0.6074531053693907,0.739505832025995,0.5210551744533907,0.08367262626016708,1.0,1,1.0,0,0,1,0,1,164,1809.6413999738857,13.0,27.0,R,0.7,0.6,0.5833333333333334,0.5917684109544776,0.7474994193643625,0.5236712988801768,0.04515408983265949,0.0,1,0.0,0,0,0,14,1,251,Tommy Paul,0,-209.5856441417027,36.0,-2.1999999999999993,-0.19999999999999996,0.015684694414913047,0,1,0,0
2024-0311-276,2024-06-17,Grass,A,R32,3,2024,Alexei Popyrin,1592.6853272237806,48.0,24.8,R,0.5,0.2,0.25,0.6191776870939724,0.7257433757911445,0.4965537499519662,0.07310985569739652,,0,,2,5,0,7,0,165,1540.6640062586314,129.0,37.0,R,0.3,0.2,0.25,0.6285228633063369,0.7323690381339916,0.5538235727366162,0.0813784833045221,,0,,1,2,0,7,0,273,Andy Murray,0,52.02132096514924,-81.0,-12.2,0.2,-0.009345176212364525,1,0,0,0
2024-540-211,2024-07-01,Grass,G,R32,5,2024,Alexei Popyrin,1607.0026931142957,47.0,24.9,R,0.5,0.6,0.25,0.6518002658825728,0.7670504136167273,0.5051088851472484,0.103735542300053,0.0,2,0.0,0,0,0,14,0,166,2055.5617080143506,2.0,37.1,R,0.75,1.0,0.8571428571428571,0.6490623763873002,0.8080276392021268,0.6168309792457499,0.07891804379598745,2.0,2,1.0,0,0,0,35,5,466,Novak Djokovic,0,-448.559014900055,45.0,-12.200000000000003,-0.25,0.0027378894952725386,0,0,1,1
2024-540-161,2024-07-01,Grass,G,R128,5,2024,Alexei Popyrin,1574.3074005188503,47.0,24.9,R,0.45,0.2,0.25,0.6223149419959332,0.7321035290478494,0.4864022348004511,0.08129735569739654,1.0,1,1.0,0,0,1,0,0,167,1555.9083760604333,86.0,30.0,L,0.45,0.6,0.0,0.627438806159306,0.7207371747792692,0.5259147059556472,0.07108657004882127,0.0,1,0.0,0,0,0,35,0,182,Thiago Monteiro,1,18.39902445841699,-39.0,-5.100000000000001,0.0,-0.005123864163372849,0,1,1,1
2024-540-194,2024-07-01,Grass,G,R64,5,2024,Alexei Popyrin,1589.4608853063844,47.0,24.9,R,0.5,0.4,0.25,0.6451226343036254,0.7522895362344907,0.5042316921647922,0.09843368471491368,,0,,0,0,2,0,1,168,1623.0450272911771,31.0,24.9,R,0.55,0.4,0.25,0.6972067674889362,0.7334566948784031,0.5210755910755911,0.074492370380628,,0,,1,3,0,7,0,104,Tomas Martin Etcheverry,1,-33.58414198479272,16.0,0.0,-0.050000000000000044,-0.0520841331853108,-1,2,1,1
2024-0439-276,2024-07-22,Clay,A,R32,3,2024,Alexei Popyrin,1583.4630226882307,46.0,24.9,R,0.45,0.4,0.5384615384615384,0.5994828181261325,0.6974590428751728,0.5109449263011399,0.12288187994787463,,0,,1,3,0,7,0,170,1602.1225771869995,81.0,18.8,R,0.55,0.4,0.6666666666666666,0.5446560846560847,0.6736699830857517,0.48523273352274715,0.1049405695681298,,0,,1,2,0,7,0,22,Jakub Mensik,0,-18.659554498768784,-35.0,6.099999999999998,-0.10000000000000003,0.05482673347004774,0,0,0,0
2024-0096-112,2024-07-29,Clay,O,R64,3,2024,Alexei Popyrin,1568.3215016915055,63.0,24.9,R,0.4,0.4,0.2222222222222222,0.6171208809978401,0.6834239551558746,0.5026949263011398,0.13008726715326185,0.0,2,0.0,1,2,1,0,0,172,1673.4141129551529,24.0,28.7,R,0.45,0.4,0.5,0.6368785834000178,0.7054337028280304,0.5071121565261952,0.09609406365109183,2.0,2,1.0,0,0,0,28,0,182,Nicolas Jarry,1,-105.09261126364731,39.0,-3.8000000000000007,-0.04999999999999999,-0.019757702402177668,1,1,0,0
2024-0096-138,2024-07-29,Clay,O,R32,3,2024,Alexei Popyrin,1589.0188022649952,63.0,24.9,R,0.4,0.4,0.2222222222222222,0.6211612850382442,0.6957241972866252,0.4876949263011398,0.12262901112357727,1.0,1,1.0,1,2,2,0,1,173,1557.3666561580442,149.0,39.3,R,0.35,0.4,0.3,0.5497409590325263,0.7494708376872369,0.499274276000761,0.059956154190653664,0.0,1,0.0,0,0,0,14,0,287,Stan Wawrinka,1,31.652146106951022,-86.0,-14.399999999999999,0.050000000000000044,0.0714203260057179,1,2,0,0
2024-0421-300,2024-08-05,Hard,M,F,3,2024,Alexei Popyrin,1712.670859786229,62.0,25.0,R,0.5,1.0,0.5,0.6060528088966143,0.774759955819161,0.5400953712333023,0.09582838817478585,1.0,2,0.5,3,6,0,7,2,174,1796.0556558739086,8.0,26.7,R,0.65,0.8,0.6666666666666666,0.597981352531961,0.7855282085196023,0.5862276860852713,0.11291484692478233,1.0,2,0.5,3,7,0,7,1,448,Andrey Rublev,1,-83.38479608767966,54.0,-1.6999999999999993,-0.15000000000000002,0.008071456364653229,0,0,0,0
2024-0421-276,2024-08-05,Hard,M,R32,3,2024,Alexei Popyrin,1619.0967509494562,62.0,25.0,R,0.4,0.6,0.5,0.6330807094600199,0.7539017405349235,0.5851690307328605,0.130908234027567,0.0,1,0.0,3,6,1,0,3,175,1676.9700207400158,14.0,21.8,L,0.5,0.6,0.6428571428571429,0.6732999017914489,0.7574392186237966,0.5469962026342616,0.1284237429084706,1.0,1,1.0,3,8,1,0,2,96,Ben Shelton,1,-57.87326979055956,48.0,3.1999999999999993,-0.09999999999999998,-0.04021919233142901,0,0,0,0
2024-0421-289,2024-08-05,Hard,M,R16,3,2024,Alexei Popyrin,1637.737534451789,62.0,25.0,R,0.45,0.8,0.5,0.6171886554870063,0.7575647441979273,0.5860023640661938,0.12360388620148004,0.0,1,0.0,3,6,2,0,4,176,1918.4208858985533,10.0,33.2,R,0.7,0.8,0.75,0.6575505351760901,0.7901473363720726,0.5879509979073443,0.11968715968256191,1.0,1,1.0,0,0,0,35,3,431,Grigor Dimitrov,1,-280.68335144676416,52.0,-8.200000000000003,-0.24999999999999994,-0.04036187968908378,3,2,0,0
2024-0421-295,2024-08-05,Hard,M,QF,3,2024,Alexei Popyrin,1664.4321659822522,62.0,25.0,R,0.45,0.8,0.5,0.6132500060938113,0.7641272441979272,0.5785555555555556,0.10796497965348262,0.0,3,0.0,3,6,3,0,5,177,1893.7096904984812,6.0,27.4,R,0.75,0.8,0.6938775510204082,0.6103348870607304,0.8012978065031715,0.5737472250179272,0.1721588541371997,3.0,3,1.0,0,0,0,35,2,323,Hubert Hurkacz,1,-229.27752451622905,56.0,-2.3999999999999986,-0.3,0.0029151190330809484,3,3,0,0
2024-0421-298,2024-08-05,Hard,M,SF,3,2024,Alexei Popyrin,1689.6850622955715,62.0,25.0,R,0.45,0.8,0.5,0.6150489478927532,0.770499793217535,0.5611681681681681,0.10725695960335728,0.0,1,0.0,3,6,4,0,6,178,1852.2979685516405,18.0,24.0,R,0.75,1.0,0.6428571428571429,0.6106265845059196,0.7703689047567526,0.5885092866904983,0.11474559735607223,1.0,1,1.0,4,9,1,0,5,191,Sebastian Korda,1,-162.61290625606898,44.0,1.0,-0.3,0.004422363386833661,-1,3,0,0
2024-0421-251,2024-08-05,Hard,M,R64,3,2024,Alexei Popyrin,1599.3777084264616,62.0,25.0,R,0.4,0.4,0.5,0.6529922138847987,0.7390810654294383,0.5709533444583508,0.12602728164661461,0.0,1,0.0,3,6,5,0,7,179,1681.639146792622,39.0,23.8,R,0.6,0.4,0.6,0.6218049867495832,0.7047427179786984,0.5097494842894692,0.03459979357475274,1.0,1,1.0,2,5,0,7,1,56,Tomas Machac,1,-82.26143836616029,23.0,1.1999999999999993,-0.19999999999999996,0.03118722713521549,1,5,0,0
2024-0422-239,2024-08-12,Hard,M,R64,3,2024,Alexei Popyrin,1732.4388028952274,30.0,25.0,R,0.55,1.0,0.6071428571428571,0.6100706660394714,0.7880027401994668,0.506710755848687,0.097592002036172,,0,,6,14,0,7,8,180,1683.7646461387963,46.0,37.9,R,0.5,0.4,0.59375,0.5993424497994845,0.7427992122611689,0.5215520427285133,0.13397845871471536,,0,,1,2,0,7,0,328,Gael Monfils,0,48.6741567564311,-16.0,-12.899999999999999,0.050000000000000044,0.010728216239986876,5,0,0,0
2024-560-219,2024-08-26,Hard,G,R16,5,2024,Alexei Popyrin,1760.383910477727,28.0,25.0,R,0.65,0.8,0.5769230769230769,0.5725533512089136,0.8165678575145842,0.4788216552287025,0.1145699316946905,,0,,0,0,0,14,0,181,1753.8378188239383,20.0,26.5,R,0.65,0.8,0.5555555555555556,0.552133935920141,0.7606648614430335,0.5394631110164602,0.09378794292363438,,0,,0,0,1,0,3,364,Frances Tiafoe,0,6.546091653788835,8.0,-1.5,0.0,0.020419415288772558,0,-1,1,1
2024-560-211,2024-08-26,Hard,G,R32,5,2024,Alexei Popyrin,1731.9091500803074,28.0,25.0,R,0.65,0.8,0.5769230769230769,0.5767856346734804,0.8097435331902598,0.483538636360778,0.10665501196874713,0.0,3,0.0,0,0,1,0,0,182,2094.817725289543,2.0,37.2,R,0.9,1.0,0.8571428571428571,0.619918526186579,0.7686016057035207,0.5417403940154726,0.07634297471484316,3.0,3,1.0,0,0,0,28,10,478,Novak Djokovic,1,-362.90857520923555,26.0,-12.200000000000003,-0.25,-0.043132891513098626,0,1,1,1
2024-560-194,2024-08-26,Hard,G,R64,5,2024,Alexei Popyrin,1723.846242980966,28.0,25.0,R,0.6,0.8,0.5769230769230769,0.5839002591794094,0.804835108281835,0.5135386363607779,0.1021001465443165,0.0,2,0.0,0,0,2,0,1,183,1534.8143432162406,43.0,27.3,R,0.4,0.4,0.3333333333333333,0.6420795491154752,0.6426501103867406,0.4805860578678353,0.016179365612831082,2.0,2,1.0,0,0,0,21,0,142,Pedro Martinez,1,189.0318997647255,-15.0,-2.3000000000000007,0.19999999999999996,-0.0581792899360658,0,2,1,1
2024-560-160,2024-08-26,Hard,G,R128,5,2024,Alexei Popyrin,1714.2118255508817,28.0,25.0,R,0.55,0.8,0.5769230769230769,0.6063140522828576,0.7891336925804191,0.5040791769013184,0.09409031853448849,,0,,0,0,3,0,2,184,1567.9099231750677,340.0,26.7,R,0.45,0.2,0.25,0.5976440946966086,0.7283258634839452,0.5352173747039612,0.054776314100113986,,0,,0,0,0,42,0,116,Soon Woo Kwon,1,146.30190237581405,-312.0,-1.6999999999999993,0.10000000000000003,0.008669957586249,0,3,1,1
2024-0329-374,2024-09-25,Hard,A,R32,3,2024,Alexei Popyrin,1744.082487483033,23.0,25.1,R,0.65,0.6,0.6428571428571429,0.5775533512089136,0.804067857514584,0.4649327663398136,0.12206993169469049,1.0,2,0.5,0,0,0,30,3,185,1677.2100046596527,34.0,23.9,R,0.55,0.6,0.5769230769230769,0.5909898568471742,0.727429071230854,0.5093820716857482,0.07062193950083433,1.0,2,0.5,0,0,1,0,2,63,Tomas Machac,0,66.87248282338032,-11.0,1.2000000000000028,0.09999999999999998,-0.013436505638260599,0,-1,0,0
2024-5014-345,2024-10-02,Hard,M,R32,3,2024,Alexei Popyrin,1734.4405697950974,24.0,25.1,R,0.65,0.6,0.6428571428571429,0.6049810674258758,0.8022547488593702,0.43909943300648024,0.14921456487864426,1.0,2,0.5,1,3,0,7,0,186,1903.1866210045926,10.0,33.3,R,0.75,1.0,0.7804878048780488,0.5859896935791419,0.8124800409595349,0.5201370222266025,0.1256314365319079,1.0,2,0.5,0,0,0,12,5,439,Grigor Dimitrov,0,-168.74605120949514,14.0,-8.199999999999996,-0.09999999999999998,0.018991373846733883,1,0,0,0
2024-5014-320,2024-10-02,Hard,M,R64,3,2024,Alexei Popyrin,1725.0403699135122,24.0,25.1,R,0.65,0.6,0.6428571428571429,0.5888887549356216,0.7957682623728837,0.4515994330064802,0.13212427952077746,1.0,3,0.3333333333333333,1,3,1,0,0,187,1572.6533660122145,55.0,25.0,R,0.45,0.2,0.35714285714285715,0.5945412591017328,0.7016887812864987,0.5610079765342924,0.05338261708764615,2.0,3,0.6666666666666666,1,3,0,6,0,264,Miomir Kecmanovic,1,152.3870039012977,-31.0,0.10000000000000142,0.2,-0.005652504166111183,0,1,0,0
2024-0337-358,2024-10-21,Hard,A,R32,3,2024,Alexei Popyrin,1725.6531952772,25.0,25.2,R,0.6,0.4,0.6296296296296297,0.6082747182195266,0.7946016876348803,0.449675226190969,0.15679392995800936,0.0,1,0.0,0,0,0,19,1,188,1702.2630086582838,51.0,19.1,R,0.6,0.8,0.6842105263157895,0.5634280774197775,0.7495421886580264,0.4488767665834241,0.10698580989873867,1.0,1,1.0,0,0,1,0,0,38,Jakub Mensik,0,23.390186618916232,-26.0,6.099999999999998,0.0,0.04484664079974909,0,-1,0,0
2024-0352-351,2024-10-28,Hard,M,R32,3,2024,Alexei Popyrin,1728.5939053469574,24.0,25.2,R,0.65,0.4,0.6296296296296297,0.6097875219260471,0.7671262817363329,0.4865511089289207,0.15592176188371884,0.0,3,0.0,1,2,0,7,0,189,1897.6536773218759,5.0,28.7,R,0.6,0.6,0.6744186046511628,0.6175832028250392,0.7344509819927896,0.4755768332974216,0.08166446264511074,3.0,3,1.0,0,0,0,26,3,510,Daniil Medvedev,1,-169.05977197491848,19.0,-3.5,0.050000000000000044,-0.0077956808989920745,1,0,0,0
2024-0352-365,2024-10-28,Hard,M,R16,3,2024,Alexei Popyrin,1751.8180376545433,24.0,25.2,R,0.7,0.6,0.6296296296296297,0.6113520174560598,0.7715418661519172,0.4802083289019302,0.15282469930389764,1.0,4,0.25,1,2,1,0,1,190,1767.7278704326138,21.0,28.4,R,0.65,0.8,0.627906976744186,0.6725935450082572,0.7820533191315242,0.5813020706410295,0.10373452161831694,3.0,4,0.75,5,11,0,7,2,449,Karen Khachanov,0,-15.909832778070495,3.0,-3.1999999999999993,0.04999999999999993,-0.06124152755219736,-4,1,0,0
2024-0352-329,2024-10-28,Hard,M,R64,3,2024,Alexei Popyrin,1708.5776617664842,24.0,25.2,R,0.6,0.2,0.6296296296296297,0.6075346149493029,0.7720915250332543,0.46662103899885077,0.15875606420930025,0.0,2,0.0,1,2,2,0,0,191,1797.6935035053532,36.0,28.5,R,0.75,0.6,0.5,0.6366917187864195,0.7782744538951437,0.496326232964016,0.14315952991146536,2.0,2,1.0,3,7,0,7,1,268,Matteo Berrettini,1,-89.115841738869,-12.0,-3.3000000000000007,-0.15000000000000002,-0.02915710383711656,-2,2,0,0
2025-143923-61,2025-01-06,Hard,G,R128,5,2025,Alexei Popyrin,1736.5502008383571,55.0,25.4,R,0.65,0.4,0.6666666666666666,0.6197789837481946,0.7527268973369485,0.463992112685714,0.14514173544115852,1.0,1,1.0,0,0,0,70,1,192,1506.912519162466,30.0,25.7,L,0.35,0.2,0.2,0.6713107257127973,0.6339688010165908,0.4347398233486944,0.02611028917262868,0.0,1,0.0,0,0,0,63,1,147,Corentin Moutet,0,229.63768167589114,25.0,-0.3000000000000007,0.30000000000000004,-0.05153174196460264,0,0,1,1
2025-145939-5,2025-02-17,Hard,A,R32,3,2025,Alexei Popyrin,1690.888197171242,55.0,25.5,R,0.6,0.4,0.6296296296296297,0.6302351818994092,0.7414866002396926,0.4490727301814258,0.12072595977336545,,0,,0,0,0,14,0,194,1895.4161575956634,9.0,23.2,L,0.8,0.8,0.7419354838709677,0.6209955938290692,0.7257502424481497,0.5537789732300691,0.12288575627100493,,0,,0,0,0,42,2,121,Jack Draper,0,-204.5279604244215,46.0,2.3000000000000007,-0.20000000000000007,0.009239588070339977,0,0,0,0
2025-146943-67,2025-03-03,Hard,M,R32,3,2025,Alexei Popyrin,1680.8870904785995,55.0,25.6,R,0.5,0.4,0.5769230769230769,0.6466489446288118,0.7411249171849964,0.46635478817821774,0.09310850640886727,1.0,1,1.0,2,5,0,7,0,197,1713.1229319985937,38.0,31.6,R,0.65,0.8,0.5,0.6495832236257842,0.7094848026001997,0.5103444926923782,0.09850848556096123,0.0,1,0.0,3,5,0,7,1,230,Marcos Giron,0,-32.23584151999421,17.0,-6.0,-0.15000000000000002,-0.002934278996972406,-1,0,0,0
2025-146943-38,2025-03-03,Hard,M,R64,3,2025,Alexei Popyrin,1667.2485751562551,55.0,25.6,R,0.5,0.2,0.5769230769230769,0.652053897774729,0.7296257021143528,0.471263624082846,0.10513996557888065,,0,,2,5,1,0,0,198,1615.5922957043977,40.0,25.8,R,0.6,0.6,0.5806451612903226,0.6224367868564314,0.7226741392545974,0.5022175821953352,0.13792793624412822,,0,,2,4,0,7,0,62,Zizou Bergs,1,51.65627945185747,15.0,-0.1999999999999993,-0.09999999999999998,0.02961711091829755,0,1,0,0
2025-147936-57,2025-03-17,Hard,M,R64,3,2025,Alexei Popyrin,1666.3673606230343,55.0,25.6,R,0.45,0.4,0.5714285714285714,0.6353292472345837,0.7482082505183297,0.47579578196703753,0.09410318278880563,1.0,3,0.3333333333333333,0,0,0,14,1,199,1587.199612247058,146.0,27.6,R,0.45,0.4,0.4166666666666667,0.6453615036441475,0.7032967467063831,0.4826367921664089,0.09094816648108325,2.0,3,0.6666666666666666,0,0,0,14,1,111,Roman Safiullin,0,79.16774837597632,-91.0,-2.0,0.0,-0.010032256409563733,0,0,0,0
2025-149241-43,2025-03-31,Clay,M,R16,3,2025,Alexei Popyrin,1685.0755457461014,55.0,25.7,R,0.45,0.6,0.3333333333333333,0.647744946524466,0.6991010693551182,0.457040867834548,0.10796027805762524,,0,,0,0,1,0,0,201,1718.2090417684171,14.0,26.3,R,0.55,0.6,0.7741935483870968,0.6791300272602881,0.7163207701822181,0.5665154960422375,0.07657626759627037,,0,,0,0,0,14,1,379,Casper Ruud,1,-33.13349602231574,41.0,-0.6000000000000014,-0.10000000000000003,-0.031385080735822135,0,1,0,0
2025-149241-38,2025-03-31,Clay,M,R32,3,2025,Alexei Popyrin,1668.2386078750835,55.0,25.7,R,0.45,0.4,0.3333333333333333,0.6340960747578177,0.6956822659363148,0.4812832920769723,0.11033547362013414,0.0,1,0.0,0,0,2,0,1,202,1686.429085828445,19.0,27.2,R,0.5,0.8,0.5,0.565214727823958,0.6949434411179901,0.566619548131917,0.06345563378118761,1.0,1,1.0,0,0,0,0,0,392,Frances Tiafoe,1,-18.19047795336155,36.0,-1.5,-0.04999999999999999,0.06888134693385972,0,2,0,0
2025-149241-15,2025-03-31,Clay,M,R64,3,2025,Alexei Popyrin,1646.7833663200638,55.0,25.7,R,0.4,0.4,0.3333333333333333,0.6323416887929054,0.699933278082064,0.4736809528956858,0.09885634476350982,1.0,1,1.0,0,0,3,0,2,203,1770.1820754703583,26.0,26.8,L,0.7,0.4,0.4166666666666667,0.6568746027749139,0.7045476220703825,0.499910335816408,0.1040055811409838,0.0,1,0.0,0,0,0,14,0,269,Ugo Humbert,1,-123.39870915029451,29.0,-1.1000000000000014,-0.29999999999999993,-0.02453291398200852,0,3,0,0
2025-151304-37,2025-05-05,Clay,M,R64,3,2025,Alexei Popyrin,1665.4135803452875,55.0,25.8,R,0.4,0.6,0.4166666666666667,0.6638838636189908,0.7081036421248144,0.4451096410350973,0.12259939416290677,,0,,0,0,0,14,0,205,1442.0549985281828,130.0,27.8,R,0.3,0.0,,0.6645535232658876,0.6398646996851709,0.46031648338057635,0.015220321476781484,,0,,0,0,1,0,1,37,Carlos Taberner,1,223.35858181710478,-75.0,-2.0,0.10000000000000003,-0.000669659646896803,0,-1,0,0
2025-151304-65,2025-05-05,Clay,M,R32,3,2025,Alexei Popyrin,1672.34388844098,55.0,25.8,R,0.45,0.6,0.4166666666666667,0.6666648770144479,0.708802276611953,0.4687791088222122,0.11532186776773332,1.0,4,0.25,0,0,1,0,1,206,1805.7257683129897,3.0,29.2,R,0.7,0.8,0.6875,0.6419379054997457,0.6563093763397152,0.5053088336783988,0.035365917074654946,3.0,4,0.75,0,0,0,14,2,540,Daniil Medvedev,0,-133.38187987200968,52.0,-3.3999999999999986,-0.24999999999999994,0.024726971514702156,0,1,0,0
2025-152297-24,2025-05-12,Clay,A,QF,3,2025,Alexei Popyrin,1684.4068316066596,55.0,25.8,R,0.5,0.6,0.46153846153846156,0.6632848888776309,0.6778755021285748,0.46291799771110115,0.10518581713079497,0.0,1,0.0,2,4,0,7,0,207,1623.4328854628332,21.0,29.7,L,0.45,0.6,0.4444444444444444,0.6720024498740103,0.6953458408487845,0.44778650590671043,0.03669863630093413,1.0,1,1.0,2,4,0,7,0,362,Cameron Norrie,0,60.973946143826424,34.0,-3.8999999999999986,0.04999999999999999,-0.008717560996379325,0,0,0,0
2025-152297-19,2025-05-12,Clay,A,R16,3,2025,Alexei Popyrin,1672.2024542508811,55.0,25.8,R,0.45,0.4,0.46153846153846156,0.655348380941123,0.6858755021285748,0.47018295497605844,0.09988865950805596,,0,,2,4,1,0,0,208,1588.1810386487375,110.0,23.9,R,0.5,0.6,0.5714285714285714,0.5604899509661415,0.6796242306446388,0.42239326765188834,0.05671031918489546,,0,,2,4,0,7,0,18,Jacob Fearnley,1,84.02141560214363,-55.0,1.9000000000000021,-0.04999999999999999,0.0948584299749815,0,1,0,0
2025-152297-1,2025-05-12,Clay,A,R32,3,2025,Alexei Popyrin,1662.2013761420308,55.0,25.8,R,0.4,0.4,0.46153846153846156,0.65189613698255,0.7046356099452865,0.4690291088222123,0.09831781918473737,1.0,3,0.3333333333333333,2,4,2,0,1,209,1525.2595447125825,145.0,29.6,R,0.3,0.4,0.23076923076923078,0.6400837188329908,0.7144160584996041,0.4990090154479302,0.0809250821117449,2.0,3,0.6666666666666666,2,4,0,7,1,209,Nicolas Jarry,1,136.94183142944826,-90.0,-3.8000000000000007,0.10000000000000003,0.011812418149559245,0,2,0,0
2025-152849-99,2025-05-19,Clay,G,R32,5,2025,Alexei Popyrin,1682.7395762244844,55.0,25.8,R,0.5,0.6,0.5,0.6626154019700936,0.7107161862987222,0.5132010671321016,0.09928764349270376,,0,,3,7,1,0,3,211,1645.1768174682563,49.0,28.3,R,0.55,0.6,0.5882352941176471,0.6456143844448199,0.6299648477410326,0.4218679403385286,0.052099703459662375,,0,,2,5,0,7,0,110,Nuno Borges,1,37.56275875622805,6.0,-2.5,-0.050000000000000044,0.01700101752527372,1,1,1,1
2025-152849-113,2025-05-19,Clay,G,R16,5,2025,Alexei Popyrin,1665.6273544598341,55.0,25.8,R,0.45,0.6,0.5,0.6693345354336067,0.6817293760747811,0.465738510531614,0.09523689419053294,1.0,2,0.5,3,7,2,0,4,212,1835.3872746272584,17.0,28.0,R,0.7,0.8,0.7222222222222222,0.6472207372207371,0.6203112049986542,0.4699992644655116,0.014917004917004918,1.0,2,0.5,0,0,0,14,2,314,Tommy Paul,0,-169.7599201674243,38.0,-2.1999999999999993,-0.24999999999999994,0.022113798212869518,3,2,1,1
2025-152849-26,2025-05-19,Clay,G,R128,5,2025,Alexei Popyrin,1656.8771333612608,55.0,25.8,R,0.4,0.4,0.5,0.66063570502425,0.6922839377921337,0.4557768247078592,0.08639186495076685,0.0,1,0.0,3,7,3,0,0,213,1590.991044327289,171.0,29.7,L,0.45,0.2,0.3333333333333333,0.6445557755118555,0.6283523313785235,0.5608991683223182,0.04096443160575908,1.0,1,1.0,0,0,0,14,0,262,Yoshihito Nishioka,1,65.88608903397176,-116.0,-3.8999999999999986,-0.04999999999999999,0.016079929512394453,3,3,1,1
2025-154056-18,2025-06-09,Grass,A,R16,3,2025,Alexei Popyrin,1697.016455713351,55.0,25.9,R,0.55,0.6,0.5,0.6705825156245748,0.769091229943258,0.500823170861534,0.09451511896103562,1.0,1,1.0,0,0,0,21,1,214,1578.0479774365906,40.0,26.0,R,0.5,0.2,0.3333333333333333,0.6611217239001017,0.7439923475785245,0.5112716194968554,0.07059141512039276,0.0,1,0.0,0,0,1,0,1,74,Zizou Bergs,0,118.96847827676038,15.0,-0.10000000000000142,0.050000000000000044,0.009460791724473117,0,-1,0,0
2025-154669-18,2025-06-16,Grass,A,R16,3,2025,Alexei Popyrin,1675.7422942569194,55.0,25.9,R,0.55,0.6,0.4,0.665908906277356,0.7408017562590474,0.4647269141770421,0.0924809982261275,0.0,1,0.0,1,3,1,0,1,216,1933.15404123018,9.0,23.5,L,0.75,0.8,0.6,0.6400294839027797,0.8381286676790347,0.5409937374453504,0.07498983694299124,1.0,1,1.0,0,0,0,28,3,149,Jack Draper,0,-257.4117469732605,46.0,2.3999999999999986,-0.19999999999999996,0.0258794223745763,1,1,0,0
2025-158037-23,2025-07-21,Hard,A,R32,3,2025,Alexei Popyrin,1654.4569205855307,55.0,26.0,R,0.5,0.4,0.5384615384615384,0.6368592349946817,0.7453518563883508,0.4641074702787259,0.09690260667522804,,0,,0,0,0,21,0,218,1574.5643325571411,64.0,25.8,R,0.4,0.4,0.4,0.6364323055508581,0.7061617657815814,0.48061662072676015,0.057478844837594564,,0,,1,3,0,7,0,42,Yibing Wu,0,79.89258802838958,-9.0,0.1999999999999993,0.09999999999999998,0.0004269294438236093,-1,0,0,0
2025-158960-72,2025-07-21,Hard,M,R32,3,2025,Alexei Popyrin,1644.925639278794,55.0,26.0,R,0.55,0.4,0.5384615384615384,0.6352999917989275,0.7558666540906485,0.46943565560691125,0.09943711980455498,1.0,5,0.2,0,0,1,0,0,220,1761.5122917935246,3.0,29.5,R,0.65,0.6,0.575,0.602151130603143,0.7576523139915597,0.5660284280008638,0.13916023647343867,4.0,5,0.8,0,0,0,0,2,555,Daniil Medvedev,1,-116.58665251473053,52.0,-3.5,-0.09999999999999998,0.03314886119578453,0,1,0,0
2025-158960-83,2025-07-21,Hard,M,R16,3,2025,Alexei Popyrin,1666.1018122324429,55.0,26.0,R,0.55,0.6,0.5384615384615384,0.6314495195712014,0.771668844812298,0.4764612966325523,0.09928879186496489,0.0,1,0.0,0,0,2,0,1,221,1784.1954235196586,18.0,22.3,R,0.65,0.6,0.6829268292682927,0.6395209676991022,0.6947601729443703,0.5465139459384984,0.06408065690913142,1.0,1,1.0,0,0,1,0,1,240,Holger Rune,1,-118.09361128721571,37.0,3.6999999999999993,-0.09999999999999998,-0.008071448127900727,0,1,0,0
2025-159600-73,2025-08-04,Hard,M,R32,3,2025,Alexei Popyrin,1685.4340433840748,55.0,26.0,R,0.55,0.8,0.5483870967741935,0.605635353514317,0.7657629322431954,0.46988329456742817,0.10154898728331288,2.0,3,0.6666666666666666,0,0,0,14,3,223,1740.1633618904004,12.0,27.8,R,0.7,0.8,0.58,0.5883071990379685,0.8181732886614927,0.4553825783334965,0.11984779893553352,1.0,3,0.3333333333333333,0,0,0,14,0,520,Andrey Rublev,0,-54.729318506325626,43.0,-1.8000000000000007,-0.1499999999999999,0.0173281544763485,0,0,0,0
2025-159600-55,2025-08-04,Hard,M,R64,3,2025,Alexei Popyrin,1679.0731378123442,55.0,26.0,R,0.5,0.6,0.5483870967741935,0.6261870240659875,0.7768965354820618,0.4616766076373369,0.09741442128434008,,0,,0,0,1,0,0,224,1436.919644462394,95.0,19.6,R,0.18181818181818182,0.2,0.0,0.5987170771401791,0.6910547333803148,0.4203667953667954,0.06716103698462773,,0,,0,0,0,21,0,10,Martin Landaluce,1,242.15349334995017,-40.0,6.399999999999999,0.3181818181818182,0.027469946925808397,0,1,0,0
2025-161362-49,2025-08-18,Hard,G,R128,5,2025,Alexei Popyrin,1671.933779863695,55.0,26.1,R,0.55,0.6,0.46153846153846156,0.5931883516972364,0.75557837995338,0.4770261517102853,0.11099780618095068,1.0,1,1.0,0,0,0,14,1,225,1639.3560284151145,185.0,26.4,R,0.5,0.6,,0.6256256359145562,0.7275469294895249,0.5401367009668101,0.06452916839128912,0.0,1,0.0,0,0,0,385,0,186,Emil Ruusuvuori,1,32.57775144858056,-130.0,-0.29999999999999716,0.050000000000000044,-0.03243728421731984,0,0,1,1
2025-161362-89,2025-08-18,Hard,G,R64,5,2025,Alexei Popyrin,1686.4379003832769,55.0,26.1,R,0.55,0.6,0.46153846153846156,0.5928906904640684,0.7635246789374148,0.47853824848447885,0.12703495788373703,1.0,1,1.0,0,0,1,0,2,226,2158.528974755043,1.0,24.0,R,0.85,0.8,0.9444444444444444,0.5626930445270464,0.8072824775528262,0.5474552420759318,0.08866742982619583,0.0,1,0.0,0,0,1,0,5,357,Jannik Sinner,0,-472.0910743717659,54.0,2.1000000000000014,-0.29999999999999993,0.03019764593702201,0,0,1,1
2025-165818-3,2025-10-13,Hard,A,R32,3,2025,Alexei Popyrin,1684.4556845333914,55.0,26.2,R,0.55,0.4,0.42857142857142855,0.6063790625570917,0.7560246789374149,0.45100201660042083,0.12871916841005285,1.0,2,0.5,0,0,0,56,0,227,1684.8873420886825,16.0,25.3,R,0.55,0.4,0.5652173913043478,0.5829436512531061,0.7577543123748454,0.49242847992597716,0.12641966491840248,1.0,2,0.5,0,0,0,14,0,229,Sebastian Korda,0,-0.4316575552911672,39.0,0.8999999999999986,0.0,0.02343541130398563,0,0,0,0
2025-166557-13,2025-10-20,Hard,A,R32,3,2025,Alexei Popyrin,1668.475563088205,55.0,26.2,R,0.5,0.4,0.4090909090909091,0.608399739248821,0.7426494886786629,0.43891410451250873,0.12062585043770262,1.0,3,0.3333333333333333,1,3,0,7,0,228,1697.5234901976587,54.0,29.5,R,0.5,0.4,0.52,0.6730044146382085,0.7574936101176378,0.4384973544973545,0.11515446929776947,2.0,3,0.6666666666666666,2,4,1,0,0,299,Matteo Berrettini,0,-29.047927109453667,1.0,-3.3000000000000007,0.0,-0.06460467538938752,-1,-1,0,0
2025-167291-3,2025-10-27,Hard,A,R32,3,2025,Alexei Popyrin,1643.7173317487689,55.0,26.2,R,0.45,0.2,0.4090909090909091,0.6180075702414246,0.7307153373830985,0.452174177772582,0.1228302655649588,1.0,3,0.3333333333333333,1,2,0,0,0,230,1667.5628010658293,16.0,25.3,R,0.55,0.4,0.5555555555555556,0.609648340366771,0.7155770252120648,0.5251468464485707,0.11714951807145153,2.0,3,0.6666666666666666,1,2,0,0,0,234,Sebastian Korda,0,-23.845469317060406,39.0,0.8999999999999986,-0.10000000000000003,0.00835922987465365,0,0,0,0
2016-0410-277,2016-04-11,Clay,M,R32,3,2016,Aljaz Bedene,1496.8963522584886,60.0,26.7,R,0.5,0.4,0.0,0.5577284105131414,0.7580645161290323,0.48395270270270274,0.10658443883411732,,0,,0,0,1,0,2,10,1607.271035095342,5.0,29.8,L,0.7058823529411765,0.8,0.6666666666666666,0.7082154604268629,0.6658827514745737,0.5100328947368421,0.024920948170806305,,0,,0,0,0,35,0,17,Rafael Nadal,0,-110.37468283685348,55.0,-3.1000000000000014,-0.20588235294117652,-0.15048704991372153,0,1,0,0
2016-520-196,2016-05-23,Clay,G,R32,5,2016,Aljaz Bedene,1480.7842773708364,66.0,26.8,R,0.4375,0.4,0.16666666666666666,0.5796364972938607,0.733950387496166,0.473806937062212,0.09569669772885715,,0,,0,0,1,0,1,15,1841.83558877581,1.0,29.0,R,0.9,0.8,0.8181818181818182,0.6922098939697575,0.70055559420989,0.5714369384404335,0.03639961265451821,,0,,0,0,0,14,4,37,Novak Djokovic,0,-361.0513114049736,65.0,-2.1999999999999993,-0.4625,-0.11257339667589683,0,1,1,1
2016-520-165,2016-05-23,Clay,G,R64,5,2016,Aljaz Bedene,1459.281715093897,66.0,26.8,R,0.4,0.2,0.16666666666666666,0.5862512350025074,0.7245147285670469,0.4700650709282423,0.0877163055719944,,0,,0,0,2,0,0,16,1583.844478029702,43.0,24.8,R,0.6,0.6,0.6296296296296297,0.6330816482106462,0.7012887952261131,0.4590025076307791,0.04542757778530222,,0,,3,6,0,7,0,32,Pablo Carreno Busta,1,-124.56276293580504,23.0,2.0,-0.19999999999999996,-0.046830413208138744,-3,2,1,1
2016-M010-286,2016-06-06,Grass,A,R16,3,2016,Aljaz Bedene,1494.2726717117648,58.0,26.8,R,0.4444444444444444,0.6,,0.5833333333333334,0.8857142857142857,0.72,0.10655046956088984,,0,,0,0,0,14,1,17,1534.422626271195,23.0,23.6,R,0.55,0.2,,,,,0.08469902636063244,,0,,0,0,0,14,1,23,Bernard Tomic,0,-40.14995455943017,35.0,3.1999999999999993,-0.10555555555555562,,0,0,0,0
2016-0311-293,2016-06-13,Grass,A,R16,3,2016,Aljaz Bedene,1496.5312706924876,58.0,26.9,R,0.45,0.6,0.5,0.653237377813649,0.7353896103896104,0.5645614035087719,0.10359295406280458,,0,,2,4,0,7,1,19,1772.26995644092,2.0,29.0,R,0.85,0.8,,0.7125,0.8070175438596491,0.5217391304347826,0.08729250494939356,,0,,0,0,0,21,3,32,Andy Murray,0,-275.7386857484323,56.0,-2.1000000000000014,-0.39999999999999997,-0.05926262218635103,2,0,0,0
2016-0311-284,2016-06-13,Grass,A,R32,3,2016,Aljaz Bedene,1480.1134585872642,58.0,26.9,R,0.42105263157894735,0.6,0.5,0.6306497175141244,0.7678571428571428,0.5705263157894737,0.11347137351569211,,0,,2,4,1,0,0,20,1489.1881962454556,23.0,27.0,R,0.45,0.2,,,,,0.061370180185895504,,0,,0,0,0,21,0,32,Benoit Paire,1,-9.074737658191452,35.0,-0.10000000000000142,-0.028947368421052666,,2,1,0,0
2016-540-148,2016-06-27,Grass,G,R128,5,2016,Aljaz Bedene,1491.0987266601408,56.0,26.9,R,0.4,0.4,0.5,0.6529715116211063,0.7070977633477633,0.5275877192982455,0.1174516497149785,,0,,0,0,0,14,1,21,1624.530721225724,10.0,30.0,R,0.65,0.6,0.0,0.7076923076923077,0.6086956521739131,0.3684210526315789,0.03577351699813716,,0,,0,0,1,0,1,27,Richard Gasquet,0,-133.43199456558318,46.0,-3.1000000000000014,-0.25,-0.054720796071201394,0,-1,1,1
2016-0316-292,2016-07-11,Clay,A,R16,3,2016,Aljaz Bedene,1497.8342425639566,68.0,26.9,R,0.35,0.4,0.3333333333333333,0.5720871242564932,0.7300991321810381,0.4728756778548978,0.11487692067016768,,0,,0,0,0,14,0,22,1521.6178040438062,101.0,31.5,R,0.5384615384615384,0.6,0.3333333333333333,0.6745283018867925,0.6838669438669438,0.39907852564102564,0.08608296195414487,,0,,0,0,0,14,0,12,Dustin Brown,0,-23.783561479849595,-33.0,-4.600000000000001,-0.18846153846153846,-0.10244117763029925,0,0,0,0
2016-6242-270,2016-08-22,Hard,A,R32,3,2016,Aljaz Bedene,1485.1959682839642,77.0,27.0,R,0.4,0.4,0.5,0.5685973457161827,0.777701559359099,0.5175649861472387,0.0986900845532261,,0,,0,0,1,0,1,26,1611.1581176366458,17.0,28.3,R,0.55,0.4,0.6923076923076923,0.6390804355781226,0.7172011384109447,0.5314173669112928,0.033075320296722374,,0,,1,3,0,7,0,44,Roberto Bautista Agut,0,-125.96214935268154,60.0,-1.3000000000000007,-0.15000000000000002,-0.07048308986193985,-1,1,0,0
2016-560-140,2016-08-29,Hard,G,R128,5,2016,Aljaz Bedene,1474.7552737037136,77.0,27.1,R,0.4,0.4,0.5,0.5654218216708802,0.7705196387173068,0.5158084875325148,0.10578390606352359,,0,,2,6,0,7,0,27,1687.364202178634,16.0,21.3,R,0.65,0.8,0.7916666666666666,0.6170124297506052,0.7883039722233237,0.5662288522288523,0.19149903957012365,,0,,0,0,0,14,1,42,Nick Kyrgios,0,-212.6089284749205,61.0,5.800000000000001,-0.25,-0.05159060807972504,2,0,1,1
2017-0891-295,2017-01-02,Hard,A,QF,3,2017,Aljaz Bedene,1498.6914251826204,101.0,27.4,R,0.4,0.6,0.45454545454545453,0.5609064125241835,0.7502295302262972,0.5032225565762152,0.09863333223333007,1.0,1,1.0,0,0,0,126,0,28,1451.8031725576502,47.0,27.6,R,0.4,0.4,0.3939393939393939,0.5280750942589687,0.7240667642050621,0.4755079424114143,0.11308844241008406,0.0,1,0.0,0,0,0,63,0,54,Benoit Paire,0,46.888252624970164,54.0,-0.20000000000000284,0.0,0.03283131826521479,0,0,0,0
2017-0891-275,2017-01-02,Hard,A,R32,3,2017,Aljaz Bedene,1467.483108071722,101.0,27.4,R,0.4,0.2,0.45454545454545453,0.563088488337547,0.7515808030503947,0.519172659105265,0.09778390606352358,,0,,0,0,1,0,0,29,1408.586560416104,70.0,33.5,R,0.25,0.0,0.3333333333333333,0.5575802065121283,0.7071353191068261,0.46183530564118114,0.05851869883938073,,0,,0,0,0,70,0,53,Guillermo Garcia Lopez,1,58.89654765561795,31.0,-6.100000000000001,0.15000000000000002,0.005508281825418737,0,1,0,0
2017-0891-288,2017-01-02,Hard,A,R16,3,2017,Aljaz Bedene,1480.7965069909667,101.0,27.4,R,0.4,0.4,0.45454545454545453,0.5688111054324987,0.7415349080988393,0.5253090227416287,0.094394075555049,,0,,0,0,2,0,1,30,1522.1381501667477,35.0,27.4,L,0.55,0.0,0.4444444444444444,0.551166091229627,0.6731816174104652,0.469833655656368,0.04613248810596852,,0,,0,0,0,63,0,26,Martin Klizan,1,-41.34164317578097,66.0,0.0,-0.15000000000000002,0.01764501420287168,0,2,0,0
2017-580-129,2017-01-16,Hard,G,R128,5,2017,Aljaz Bedene,1480.5451555021082,109.0,27.4,R,0.4,0.4,0.4,0.5539432499006434,0.7328428073601223,0.48295740506106355,0.09221511277163233,,0,,0,0,0,14,2,31,1420.0946760470608,103.0,36.4,R,0.3,0.0,0.1111111111111111,0.5861588981988537,0.6218428028088454,0.4407863282256578,0.031702108639404154,,0,,0,0,0,140,0,29,Victor Estrella,0,60.45047945504734,6.0,-9.0,0.10000000000000003,-0.03221564829821033,0,0,1,1
2017-0375-275,2017-02-06,Hard,A,R32,3,2017,Aljaz Bedene,1461.789063510255,109.0,27.5,R,0.4,0.4,0.4,0.5541711701285637,0.7271956169771198,0.4781955002991588,0.09269182710973281,0.0,1,0.0,0,0,1,0,0,33,1519.3838858911213,58.0,20.2,R,0.45,0.6,0.5,0.588267508269453,0.6995602300206228,0.5133410603064387,0.09306482322399023,1.0,1,1.0,0,0,0,21,0,41,Borna Coric,1,-57.59482238086639,51.0,7.300000000000001,-0.04999999999999999,-0.034096338140889304,0,1,0,0
2017-0407-276,2017-02-13,Hard,A,R32,3,2017,Aljaz Bedene,1472.8330361875544,105.0,27.5,R,0.45,0.4,0.4166666666666667,0.5760810494649136,0.7089233080535503,0.4963399994781407,0.10136624093120546,,0,,2,6,0,7,1,34,1476.6046905683897,76.0,30.4,R,0.4,0.6,0.4,0.6497075096629239,0.6564500984784208,0.4324638009913655,0.08322015205252042,,0,,0,0,0,28,3,28,Denis Istomin,0,-3.7716543808353435,29.0,-2.8999999999999986,0.04999999999999999,-0.07362646019801034,2,0,0,0
2017-0496-291,2017-02-20,Hard,A,R16,3,2017,Aljaz Bedene,1472.8282129666882,102.0,27.5,R,0.4,0.4,0.38461538461538464,0.5912338990662926,0.7040552408756388,0.511977943482999,0.1281538627999371,,0,,1,2,0,7,0,35,1641.3394301865658,17.0,22.9,R,0.65,0.4,0.5862068965517241,0.5557634792888818,0.7323675349529241,0.47846655243806663,0.10490868277258718,,0,,1,2,0,7,0,56,Lucas Pouille,0,-168.5112172198776,85.0,4.600000000000001,-0.25,0.03547041977741083,0,0,0,0
2017-0496-280,2017-02-20,Hard,A,R32,3,2017,Aljaz Bedene,1457.0067204680015,102.0,27.5,R,0.4,0.2,0.38461538461538464,0.5895059578898221,0.6988457886737055,0.491037772542828,0.09925680397640767,,0,,1,2,1,0,0,36,1453.1303184877384,101.0,35.1,R,0.4,0.2,0.18181818181818182,0.5130286658722794,0.7209257123546936,0.4547953935849033,0.060287131548573146,,0,,0,0,0,14,1,41,Paul Henri Mathieu,1,3.8764019802631537,1.0,-7.600000000000001,0.0,0.07647729201754272,1,1,0,0
2017-7648-294,2017-04-24,Clay,A,QF,3,2017,Aljaz Bedene,1499.3797676021904,68.0,27.7,R,0.45,0.6,0.375,0.5818067954649806,0.7661323186462351,0.4856596752314908,0.11113495960975825,,0,,0,0,0,63,1,37,1585.9597308739087,22.0,38.1,R,0.5,0.4,0.4444444444444444,0.6886200154614618,0.8260619797964625,0.5524797747084145,0.22836644014757224,,0,,0,0,0,35,0,63,Ivo Karlovic,1,-86.57996327171827,46.0,-10.400000000000002,-0.04999999999999999,-0.10681321999648119,0,0,0,0
2017-7648-300,2017-04-24,Clay,A,F,3,2017,Aljaz Bedene,1535.6656266619705,68.0,27.7,R,0.5,0.8,0.375,0.5971880107744598,0.8010234096980404,0.5206488862268938,0.11270631986117588,0.0,1,0.0,0,0,2,0,3,39,1705.5229509644594,14.0,23.1,R,0.65,0.8,0.6363636363636364,0.5574745379654533,0.6926638172021566,0.5098996982767084,0.05711988011988012,1.0,1,1.0,4,10,0,7,3,71,Lucas Pouille,0,-169.8573243024889,54.0,4.599999999999998,-0.15000000000000002,0.0397134728090065,-4,2,0,0
2017-7648-272,2017-04-24,Clay,A,R32,3,2017,Aljaz Bedene,1464.0322189431913,68.0,27.7,R,0.4,0.4,0.375,0.5622987055090664,0.7338304318537824,0.458738198538847,0.11950724625858371,,0,,0,0,3,0,0,40,1474.6833838083421,110.0,26.5,R,0.36363636363636365,0.2,,0.6571428571428571,0.6086956521739131,0.4166666666666667,0.12864203344242817,,0,,0,0,0,49,0,11,Marius Copil,1,-10.651164865150804,-42.0,1.1999999999999993,0.036363636363636376,-0.09484415163379079,0,3,0,0
2017-7648-287,2017-04-24,Clay,A,R16,3,2017,Aljaz Bedene,1480.5225696075279,68.0,27.7,R,0.4,0.4,0.375,0.5780119823452247,0.7578304318537824,0.47132401089582643,0.11598182252977014,0.0,1,0.0,0,0,4,0,1,41,1543.2382478850875,46.0,30.0,R,0.5,0.6,0.5555555555555556,0.6035402409560946,0.7625077064642282,0.5259870264615596,0.07125832382172616,1.0,1,1.0,2,4,0,7,0,52,Robin Haase,1,-62.71567827755962,22.0,-2.3000000000000007,-0.09999999999999998,-0.025528258610869936,-2,4,0,0
2017-7163-293,2017-05-01,Clay,A,R16,3,2017,Aljaz Bedene,1541.2491853293325,58.0,27.7,R,0.5,0.8,0.5833333333333334,0.5993524882159218,0.7684845278148963,0.49635673693474447,0.10115328138580733,,0,,5,10,1,0,3,43,1824.8734835283424,6.0,26.3,R,0.8,1.0,0.7,0.6344702183949414,0.7746328724486797,0.5619520749147954,0.18946478665122282,,0,,0,0,0,42,6,81,Milos Raonic,0,-283.6242981990099,52.0,1.3999999999999986,-0.30000000000000004,-0.035117730179019646,5,1,0,0
2017-M009-270,2017-05-15,Clay,M,R32,3,2017,Aljaz Bedene,1536.0183195165705,55.0,27.8,R,0.5,0.6,0.6153846153846154,0.6136736171251516,0.7750652917357431,0.5212766087296161,0.10083336394514683,0.0,1,0.0,0,0,0,14,0,44,1857.0456344230442,2.0,29.9,R,0.7,0.6,0.8461538461538461,0.6619223759944468,0.6827879884633254,0.5510043922515319,0.04774774050322517,1.0,1,1.0,3,7,1,0,0,89,Novak Djokovic,0,-321.02731490647375,53.0,-2.099999999999998,-0.19999999999999996,-0.04824875886929525,-3,-1,0,0
2017-520-184,2017-05-29,Clay,G,R64,5,2017,Aljaz Bedene,1547.4704787167911,52.0,27.8,R,0.5,0.4,0.5454545454545454,0.6199409683925028,0.7617665433826468,0.5426723657503733,0.08057281493459784,,0,,0,0,0,14,0,45,1611.474535666688,57.0,23.8,L,0.55,0.6,0.6153846153846154,0.6570029493867104,0.6795098367562872,0.4931763593475152,0.044544818428213714,,0,,0,0,0,14,0,64,Jiri Vesely,0,-64.00405694989695,-5.0,4.0,-0.050000000000000044,-0.037061980994207655,0,0,1,1
2017-520-141,2017-05-29,Clay,G,R128,5,2017,Aljaz Bedene,1531.662798428509,52.0,27.8,R,0.5,0.4,0.5454545454545454,0.6277692512207856,0.756694079614531,0.5094977625757701,0.09700800011978303,,0,,0,0,1,0,0,46,1527.4864278087834,42.0,25.0,R,0.5,0.4,0.3333333333333333,0.5845398188315465,0.677966671878806,0.4697800689648516,0.08313293621630338,,0,,1,2,0,7,0,42,Ryan Harrison,1,4.176370619725503,10.0,2.8000000000000007,0.0,0.04322943238923915,-1,1,1,1
2017-M010-277,2017-06-12,Grass,A,R32,3,2017,Aljaz Bedene,1534.3850784291074,59.0,27.9,R,0.5,0.4,0.3333333333333333,0.6372286944454,0.6932644175747624,0.5011399428804568,0.0844391321036673,0.0,1,0.0,0,0,0,14,1,47,1441.613693317781,74.0,30.7,R,0.4,0.4,0.5,0.6200209405974684,0.7387108502486346,0.5586784564572097,0.07998695628593513,1.0,1,1.0,0,0,0,14,0,39,Denis Istomin,1,92.77138511132625,-15.0,-2.8000000000000007,0.09999999999999998,0.017207753847931606,0,0,0,0
2017-M010-289,2017-06-12,Grass,A,R16,3,2017,Aljaz Bedene,1546.211519265985,59.0,27.9,R,0.55,0.4,0.3333333333333333,0.6392110465407573,0.7128554831141037,0.5426166190670474,0.0899996435517791,1.0,1,1.0,0,0,1,0,2,48,1480.0645669149303,77.0,20.9,R,0.4,0.2,0.5,0.6301612903225806,0.7807017543859649,0.5675505050505051,0.09127242687186683,0.0,1,0.0,0,0,0,14,0,19,Ernesto Escobedo,1,66.14695235105478,-18.0,7.0,0.15000000000000002,0.009049756218176719,0,1,0,0
2017-M010-295,2017-06-12,Grass,A,QF,3,2017,Aljaz Bedene,1559.2016185030827,59.0,27.9,R,0.55,0.6,0.3333333333333333,0.6409184385631741,0.748774087567191,0.5508142449146121,0.10623791364561837,,0,,0,0,2,0,3,49,1644.8293448968482,28.0,34.0,L,0.55,0.4,0.6923076923076923,0.6032727959577157,0.8503612668968248,0.5417033068674209,0.14753529122458778,,0,,0,0,1,0,1,86,Gilles Muller,0,-85.62772639376544,31.0,-6.100000000000001,0.0,0.03764564260545844,0,1,0,0
2017-540-174,2017-07-03,Grass,G,R64,5,2017,Aljaz Bedene,1564.6817475910982,58.0,27.9,R,0.55,0.6,0.6666666666666666,0.634814084412355,0.7585877649506548,0.5563652239988429,0.1042698238257735,,0,,0,0,0,21,0,50,1490.6460182202493,83.0,25.1,R,0.5,0.4,,0.6621647807254655,0.6432741494083244,0.5209996128532713,0.020176719607466354,,0,,0,0,0,35,0,62,Damir Dzumhur,1,74.03572937084891,-25.0,2.799999999999997,0.050000000000000044,-0.02735069631311049,0,0,1,1
2017-540-201,2017-07-03,Grass,G,R32,5,2017,Aljaz Bedene,1577.322961804191,58.0,27.9,R,0.6,0.8,0.6666666666666666,0.6334685983012165,0.7639789884555894,0.5366261374963945,0.10992030926266669,0.0,1,0.0,0,0,1,0,1,51,1730.0971634736197,26.0,34.1,L,0.7,0.8,0.8333333333333334,0.6681395406052382,0.8275569671424303,0.5780879756208703,0.18364176119893422,1.0,1,1.0,0,0,0,14,2,93,Gilles Muller,0,-152.77420166942875,32.0,-6.200000000000003,-0.09999999999999998,-0.03467094230402168,0,1,1,1
2017-540-120,2017-07-03,Grass,G,R128,5,2017,Aljaz Bedene,1547.0669745625887,58.0,27.9,R,0.5,0.6,0.6666666666666666,0.6337203004094439,0.7495650817233329,0.5391053214431427,0.09874662444701207,1.0,1,1.0,0,0,2,0,0,52,1582.251107731308,23.0,38.3,R,0.45,0.6,0.7777777777777778,0.6760307260220183,0.8235868956659456,0.6102174073154503,0.19601733215603848,0.0,1,0.0,0,0,0,14,0,74,Ivo Karlovic,1,-35.1841331687192,35.0,-10.399999999999999,0.04999999999999999,-0.042310425612574365,0,2,1,1
2017-0439-275,2017-07-17,Clay,A,R32,3,2017,Aljaz Bedene,1567.937552341496,48.0,27.9,R,0.55,0.6,0.5454545454545454,0.6199977167136983,0.7587572841233877,0.5484608629674419,0.11726106228184738,,0,,0,0,0,14,1,53,1408.102082310476,63.0,28.2,R,0.25,0.2,0.3888888888888889,0.5987655883485105,0.6694947058678484,0.4984902544346457,0.05870456143495808,,0,,0,0,0,14,0,84,Joao Sousa,1,159.83547003102012,-15.0,-0.3000000000000007,0.30000000000000004,0.02123212836518784,0,0,0,0
2017-0439-288,2017-07-17,Clay,A,R16,3,2017,Aljaz Bedene,1577.0556381892964,48.0,27.9,R,0.6,0.6,0.5454545454545454,0.6027505570936573,0.7504964145581703,0.5522035530259214,0.11836960286407214,,0,,0,0,1,0,2,54,1492.8429805823732,34.0,35.5,R,0.45,0.2,0.6086956521739131,0.6570152742892519,0.6664025969351105,0.5564908250202367,0.046039751057437205,,0,,0,0,1,0,1,83,Paolo Lorenzi,0,84.21265760692313,14.0,-7.600000000000001,0.14999999999999997,-0.05426471719559456,0,0,0,0
2017-0414-291,2017-07-24,Clay,A,R16,3,2017,Aljaz Bedene,1570.6387742820202,46.0,28.0,R,0.6,0.6,0.5833333333333334,0.5924649345005892,0.7152758263228762,0.5278942838637112,0.1142033042124794,0.0,2,0.0,2,5,1,0,1,56,1636.215881809693,32.0,21.1,R,0.6,0.6,0.6111111111111112,0.5255424897950285,0.767839804676993,0.5617132841872318,0.09435590327563118,2.0,2,1.0,2,6,0,7,1,58,Karen Khachanov,0,-65.57710752767275,14.0,6.899999999999999,0.0,0.06692244470556075,0,1,0,0
2017-6242-279,2017-08-21,Hard,A,R32,3,2017,Aljaz Bedene,1557.623353612243,48.0,28.0,R,0.6,0.4,0.4166666666666667,0.5946925456828339,0.7034670055815211,0.511977943482999,0.11161518253213173,,0,,0,0,0,28,0,57,1531.21502022188,86.0,33.4,R,0.5,0.6,0.42105263157894735,0.5602258327937619,0.7391441510028858,0.5537848987378524,0.1055250643720762,,0,,0,0,0,49,1,69,Andreas Seppi,0,26.40833339036294,-38.0,-5.399999999999999,0.09999999999999998,0.03446671288907199,0,0,0,0
2017-560-114,2017-08-28,Hard,G,R128,5,2017,Aljaz Bedene,1540.4095415808379,48.0,28.1,R,0.55,0.4,0.36363636363636365,0.5864388143395504,0.717674383447922,0.4898049944807815,0.10653531869343051,,0,,1,2,0,7,0,58,1546.0905438078548,53.0,19.8,R,0.55,0.6,0.375,0.5467345544066523,0.7346859670543882,0.48348081628217454,0.057991157294132144,,0,,2,5,0,7,1,25,Andrey Rublev,0,-5.681002227016961,-5.0,8.3,0.0,0.039704259932898056,-1,0,1,1
2017-M015-279,2017-10-02,Hard,A,R32,3,2017,Aljaz Bedene,1524.6711380883341,50.0,28.2,R,0.5,0.2,0.36363636363636365,0.585060283266104,0.7186144539532099,0.4709962170513145,0.09927950473994215,,0,,0,0,0,35,0,59,1395.0183491887078,127.0,31.4,R,0.2,0.2,0.3684210526315789,0.6347721410201187,0.6637122502492856,0.5053602663588984,0.07098059877806624,,0,,1,2,0,7,0,64,Marcel Granollers,1,129.65278889962633,-77.0,-3.1999999999999993,0.3,-0.049711857754014654,-1,0,0,0
2017-5014-247,2017-10-09,Hard,M,R64,3,2017,Aljaz Bedene,1534.9629461887662,48.0,28.2,R,0.5,0.4,0.4166666666666667,0.589679647641566,0.719016290922211,0.5021470107021082,0.10577301123344865,0.0,1,0.0,1,2,0,7,1,60,1495.1957937350787,39.0,35.8,R,0.45,0.2,0.43333333333333335,0.5664011755517125,0.7029537590461212,0.517618347802774,0.0622902926276537,1.0,1,1.0,1,3,0,7,0,101,Paolo Lorenzi,1,39.76715245368746,9.0,-7.599999999999998,0.04999999999999999,0.023278472089853453,0,0,0,0
2018-0451-293,2018-01-01,Hard,A,R16,3,2018,Aljaz Bedene,1559.5649878582121,49.0,28.4,R,0.55,0.6,0.46153846153846156,0.5939230338849523,0.7707997342148655,0.5402247417945452,0.12097841138511427,,0,,0,0,0,84,2,61,1671.0087428026452,5.0,24.3,R,0.5,0.4,0.5365853658536586,0.5463207821650873,0.7840886498364034,0.4629642721583,0.10806981704498955,,0,,0,0,0,49,1,152,Dominic Thiem,0,-111.44375494443307,44.0,4.099999999999998,0.050000000000000044,0.047602251719864985,0,0,0,0
2018-0451-284,2018-01-01,Hard,A,R32,3,2018,Aljaz Bedene,1549.1395568611406,49.0,28.4,R,0.5,0.4,0.46153846153846156,0.5899971079590263,0.7544558513617715,0.5473675989374023,0.1146288968220075,,0,,0,0,1,0,0,62,1422.8003127101283,98.0,33.9,R,0.2,0.2,0.4444444444444444,0.5098084552035657,0.705275329175049,0.4400797714215803,0.05754150491088696,,0,,0,0,0,77,0,71,Malek Jaziri,1,126.33924415101228,-49.0,-5.5,0.3,0.08018865275546061,0,1,0,0
2018-M001-272,2018-01-08,Hard,A,R32,3,2018,Aljaz Bedene,1548.52810432249,51.0,28.4,R,0.5,0.6,0.4166666666666667,0.5895480338849521,0.7651237796225021,0.5251937957291164,0.10982495610056145,1.0,2,0.5,2,4,0,7,1,63,1546.2834514873657,42.0,28.6,R,0.5,0.4,0.45161290322580644,0.5345907399243931,0.7719945553998324,0.4400054731063835,0.13014919793271523,1.0,2,0.5,3,9,1,0,0,117,Benoit Paire,0,2.2446528351242705,9.0,-0.20000000000000284,0.0,0.05495729396055904,-1,-1,0,0
2018-580-164,2018-01-15,Hard,G,R128,5,2018,Aljaz Bedene,1532.4247356775375,51.0,28.4,R,0.5,0.6,0.38461538461538464,0.5997170670154458,0.7777837588684379,0.5251937957291164,0.11697412876697548,,0,,1,3,0,7,0,64,1996.891430068812,2.0,36.4,R,0.9,0.8,0.9130434782608695,0.59055858252053,0.8267442412283954,0.6186898897812964,0.12132549693415687,,0,,0,0,0,63,2,86,Roger Federer,0,-464.4666943912746,49.0,-8.0,-0.4,0.009158484494915853,1,0,1,1
2018-0506-295,2018-02-12,Clay,A,QF,3,2018,Aljaz Bedene,1563.2972280449926,51.0,28.5,R,0.55,0.4,0.5714285714285714,0.5813577795096385,0.7506603328097459,0.5573804994025582,0.14044933304326332,,0,,0,0,1,0,1,66,1687.60853506732,24.0,25.4,R,0.6,0.8,0.5862068965517241,0.6078504249584087,0.6567816009514085,0.519361863788453,0.056774852100833786,,0,,0,0,0,28,0,103,Diego Schwartzman,1,-124.31130702232736,27.0,3.1000000000000014,-0.04999999999999993,-0.02649264544877017,0,1,0,0
2018-0506-300,2018-02-12,Clay,A,F,3,2018,Aljaz Bedene,1599.1471274169162,51.0,28.5,R,0.55,0.8,0.5714285714285714,0.5762550092752893,0.756246652703557,0.5484165919332159,0.14390320007175722,0.0,1,0.0,0,0,2,0,2,67,1729.9948029051614,6.0,24.4,R,0.6,0.8,0.8148148148148148,0.6178727704228208,0.7584323819541002,0.5267864855607991,0.11270402786072897,1.0,1,1.0,0,0,0,28,0,159,Dominic Thiem,0,-130.84767548824516,45.0,4.100000000000001,-0.04999999999999993,-0.04161776114753157,0,2,0,0
2018-0506-298,2018-02-12,Clay,A,SF,3,2018,Aljaz Bedene,1584.7895774207727,51.0,28.5,R,0.55,0.6,0.5714285714285714,0.5730643185845986,0.751357196921244,0.5500888327358916,0.1390698667384239,,0,,0,0,3,0,0,68,1548.998154174482,70.0,27.3,L,0.6,0.6,0.5384615384615384,0.6166271198468719,0.670965424677156,0.5283218957038512,0.04207189712619286,,0,,0,0,0,28,0,68,Federico Delbonis,1,35.79142324629083,-19.0,1.1999999999999993,-0.04999999999999993,-0.0435628012622733,0,3,0,0
2018-0506-275,2018-02-12,Clay,A,R32,3,2018,Aljaz Bedene,1530.3593243303283,51.0,28.5,R,0.5,0.4,0.5714285714285714,0.5855093101455842,0.7120329017945742,0.5295233565454154,0.1129463509891977,0.0,1,0.0,0,0,4,0,1,69,1540.395001666312,60.0,24.5,L,0.45,0.6,0.6086956521739131,0.5626303149161751,0.6984617816638727,0.5055240121466507,0.1105917530058695,1.0,1,1.0,0,0,0,28,1,90,Jiri Vesely,1,-10.035677335983792,-9.0,4.0,0.04999999999999999,0.02287899522940906,0,4,0,0
2018-6932-295,2018-02-19,Clay,A,QF,3,2018,Aljaz Bedene,1613.4690990827507,43.0,28.5,R,0.55,0.8,0.631578947368421,0.5733683821775246,0.73611650830399,0.5572170969837211,0.1176596042140409,0.0,1,0.0,5,12,1,0,3,71,1689.6952022794771,21.0,30.7,R,0.65,0.6,0.5769230769230769,0.6093187399854689,0.6725497472161226,0.515442958519318,0.051865359527039946,1.0,1,1.0,1,2,0,7,0,112,Fabio Fognini,0,-76.2261031967264,22.0,-2.1999999999999993,-0.09999999999999998,-0.03595035780794431,4,1,0,0
2018-6932-288,2018-02-19,Clay,A,R16,3,2018,Aljaz Bedene,1598.7679472416264,43.0,28.5,R,0.55,0.8,0.631578947368421,0.5663706629156544,0.7488392452961496,0.5594393192059431,0.127169038176305,1.0,1,1.0,5,12,2,0,0,72,1570.5016178683682,11.0,26.6,R,0.4,0.4,0.68,0.691744101191411,0.6736914240902266,0.5325321376390744,0.03458662132442954,0.0,1,0.0,1,3,0,7,0,126,Pablo Carreno Busta,1,28.26632937325826,32.0,1.8999999999999986,0.15000000000000002,-0.12537343827575664,4,2,0,0
2018-M007-219,2018-03-19,Hard,M,R128,3,2018,Aljaz Bedene,1600.9241814209329,48.0,28.6,R,0.55,0.6,0.375,0.5906572379556166,0.7811170922017711,0.526715534859551,0.11939571532515199,,0,,0,0,0,28,1,73,1449.2285108779738,88.0,27.8,R,0.4,0.6,0.38095238095238093,0.6026351340070853,0.6903168190565274,0.5277453371001759,0.06118309332834406,,0,,0,0,0,14,0,57,Evgeny Donskoy,0,151.69567054295908,-40.0,0.8000000000000007,0.15000000000000002,-0.011977896051468706,0,0,0,0
2018-0410-268,2018-04-16,Clay,M,R64,3,2018,Aljaz Bedene,1578.3508230984517,58.0,28.7,R,0.5,0.4,0.6363636363636364,0.5645720858812283,0.7435303014074383,0.5493837636503878,0.12226927854354279,,0,,0,0,0,28,0,74,1579.9638010779756,92.0,26.7,R,0.6,0.6,0.5,0.5803485141624067,0.7203389830508474,0.4045366895976652,0.08562711859223007,,0,,2,6,0,7,1,20,Mirza Basic,1,-1.6129779795239756,-34.0,2.0,-0.09999999999999998,-0.015776428281178423,-2,0,0,0
2018-0410-285,2018-04-16,Clay,M,R32,3,2018,Aljaz Bedene,1594.42510294582,58.0,28.7,R,0.55,0.6,0.6363636363636364,0.5661593874685299,0.7467450756892442,0.5496778812974465,0.12957086584513008,0.0,1,0.0,0,0,1,0,1,75,1958.292398383271,1.0,31.8,L,0.85,0.8,0.9565217391304348,0.6532991336866847,0.7294437843971097,0.6617453766775345,0.049427889763265384,1.0,1,1.0,0,0,0,91,4,134,Rafael Nadal,0,-363.8672954374508,57.0,-3.1000000000000014,-0.29999999999999993,-0.08713974621815479,0,1,0,0
2018-7648-299,2018-04-23,Clay,A,SF,3,2018,Aljaz Bedene,1624.8191380300711,57.0,28.7,R,0.65,0.8,0.625,0.5807657272134044,0.7116715643523787,0.5383059688961224,0.07144475298489164,,0,,2,4,0,7,0,76,1598.9641060753354,94.0,28.8,R,0.55,0.8,0.0,0.6439641652023411,0.6372188129899217,0.584228778467909,0.05492467652751729,,0,,0,0,0,35,1,56,John Millman,0,25.85503195473575,-37.0,-0.10000000000000142,0.09999999999999998,-0.06319843798893676,2,0,0,0
2018-7648-278,2018-04-23,Clay,A,R32,3,2018,Aljaz Bedene,1590.9171380972762,57.0,28.7,R,0.5,0.4,0.625,0.5711542275098096,0.7269033227981911,0.530154071773637,0.11243980289363369,1.0,1,1.0,2,4,2,0,1,78,1475.2663131723566,84.0,27.5,R,0.45,0.2,0.2857142857142857,0.6013684519484097,0.6901906459427131,0.5216405541482941,0.1780575241028138,0.0,1,0.0,0,0,0,35,1,39,Marius Copil,1,115.65082492491956,-27.0,1.1999999999999993,0.04999999999999999,-0.030214224438600112,2,2,0,0
2018-7163-288,2018-04-30,Clay,A,R16,3,2018,Aljaz Bedene,1607.6306628650016,63.0,28.7,R,0.6,0.6,0.6086956521739131,0.5796913037333205,0.7083372728893147,0.5375606272812155,0.07320981689237795,,0,,4,12,0,7,3,80,1427.6868616535332,114.0,25.2,R,0.35,0.6,0.42857142857142855,0.6793012379134284,0.6510138056087869,0.4926483918128655,0.0543994479041208,,0,,0,0,0,21,0,43,Taro Daniel,0,179.94380121146833,-51.0,3.5,0.25,-0.099609934180108,4,0,0,0
2018-M009-252,2018-05-14,Clay,M,R64,3,2018,Aljaz Bedene,1584.013175100322,65.0,28.8,R,0.55,0.6,0.5909090909090909,0.5920184926734124,0.7067686454383342,0.5256288090993972,0.06070981689237794,0.0,2,0.0,0,0,0,14,0,81,1544.4101677972071,35.0,35.0,L,0.35,0.2,0.25,0.6455765924003629,0.741949835636086,0.5133280316175053,0.16112317874729132,2.0,2,1.0,0,0,0,14,0,124,Gilles Muller,1,39.603007303114964,30.0,-6.199999999999999,0.20000000000000007,-0.05355809972695047,0,0,0,0
2018-M009-289,2018-05-14,Clay,M,R16,3,2018,Aljaz Bedene,1598.1972471642862,65.0,28.8,R,0.55,0.6,0.5909090909090909,0.6010803263621118,0.7101019787716675,0.4799831634537517,0.06266701204867195,2.0,2,1.0,0,0,1,0,1,82,1676.596609778093,11.0,26.8,R,0.7,0.6,0.6111111111111112,0.6573884102827913,0.6597703323103103,0.5248130638748487,0.02398636774842248,0.0,2,0.0,1,2,0,7,0,144,Pablo Carreno Busta,0,-78.39936261380672,54.0,2.0,-0.1499999999999999,-0.05630808392067943,-1,1,0,0
2018-520-114,2018-05-28,Clay,G,R128,5,2018,Aljaz Bedene,1585.747614887381,66.0,28.8,R,0.55,0.4,0.6086956521739131,0.5977387640274265,0.7200511025704239,0.4657881521158832,0.07390792585967922,,0,,0,0,0,14,0,83,1546.9123803390917,75.0,32.4,R,0.5,0.4,0.45,0.6271248877079629,0.7734757903911222,0.6027223895793348,0.08020346602286203,,0,,0,0,0,14,0,117,Pablo Cuevas,0,38.835234548289236,-9.0,-3.599999999999998,0.050000000000000044,-0.02938612368053639,0,0,1,1
2018-M010-279,2018-06-11,Grass,A,R32,3,2018,Aljaz Bedene,1567.9665974475818,70.0,28.8,R,0.55,0.2,0.6666666666666666,0.6336718503337367,0.7448520043286052,0.5116849610258063,0.05964068448036887,2.0,2,1.0,0,0,0,14,0,84,1415.821643791557,97.0,27.6,R,0.3,0.0,0.0,0.6113960113960114,0.6434832317073171,0.5641509433962264,0.13593620001789528,0.0,2,0.0,0,0,0,14,0,44,Marius Copil,0,152.14495365602465,-27.0,1.1999999999999993,0.25000000000000006,0.022275838937725334,0,0,0,0
2018-0500-285,2018-06-18,Grass,A,R32,3,2018,Aljaz Bedene,1545.376050225225,72.0,28.9,R,0.55,0.2,0.5,0.6289820362807502,0.7552366197132206,0.5327375926047536,0.06273823417986031,0.0,1,0.0,1,3,0,7,0,85,2016.4866637713924,1.0,36.8,R,0.9,0.8,1.0,0.6603002926845675,0.8238576203439217,0.6721876597126164,0.09504961245330153,1.0,1,1.0,4,10,0,7,4,108,Roger Federer,0,-471.1106135461673,71.0,-7.899999999999999,-0.35,-0.031318256403817246,-3,0,0,0
2018-540-126,2018-07-02,Grass,G,R128,5,2018,Aljaz Bedene,1543.3833138008652,71.0,28.9,R,0.5,0.2,0.4,0.6248550521537661,0.7512346434286357,0.5274744347100169,0.06738809412383792,,0,,0,0,0,14,0,86,1489.630041632836,75.0,22.8,L,0.35,0.4,0.4,0.5962061508377171,0.6659095325701431,0.5023496771797762,0.036256146778139306,,0,,3,7,0,7,0,20,Cameron Norrie,1,53.75327216802907,-4.0,6.099999999999998,0.15000000000000002,0.028648901316049025,-3,0,1,1
2018-540-177,2018-07-02,Grass,G,R64,5,2018,Aljaz Bedene,1556.9274479093474,71.0,28.9,R,0.5,0.2,0.4,0.621842385258867,0.7687592566494514,0.5503911013766835,0.07797018257773444,,0,,0,0,1,0,1,87,1444.6971113162917,98.0,28.6,R,0.35,0.6,0.5,0.6569429417152765,0.7143638196591046,0.5560389981871675,0.017469054433954606,,0,,0,0,0,35,1,61,Radu Albot,0,112.23033659305565,-27.0,0.29999999999999716,0.15000000000000002,-0.035100556456409415,0,1,1,1
2018-0439-292,2018-07-16,Clay,A,R16,3,2018,Aljaz Bedene,1552.565396480408,81.0,28.9,R,0.45,0.4,0.5909090909090909,0.5754239492126119,0.7017754763616406,0.4608929458728509,0.098980226399467,,0,,0,0,0,14,0,88,1580.0430319301838,72.0,28.1,L,0.55,0.6,0.5,0.6034823350285304,0.7099908691886002,0.5065605251656454,0.10221157679348743,,0,,0,0,0,14,1,98,Guido Pella,0,-27.47763544977579,9.0,0.7999999999999972,-0.10000000000000003,-0.028058385815918574,0,0,0,0
2018-0439-282,2018-07-16,Clay,A,R32,3,2018,Aljaz Bedene,1535.9316164989398,81.0,28.9,R,0.45,0.2,0.5909090909090909,0.5865350603237228,0.7035196624081521,0.4669185868984919,0.08370152919305895,1.0,1,1.0,0,0,1,0,0,89,1549.7011786645917,44.0,29.2,R,0.6,0.4,0.6666666666666666,0.6226770115925924,0.7050379826880361,0.4790547177861419,0.059439694747442796,0.0,1,0.0,0,0,0,14,0,141,Joao Sousa,1,-13.769562165651905,37.0,-0.3000000000000007,-0.14999999999999997,-0.03614195126886954,0,1,0,0
2018-0414-280,2018-07-23,Clay,A,R32,3,2018,Aljaz Bedene,1537.8281567022987,80.0,29.0,R,0.45,0.4,0.5909090909090909,0.5746396354871215,0.7113184871143285,0.4583929458728509,0.10112645281456134,,0,,2,6,0,7,1,90,1546.6688285751377,135.0,26.3,R,0.55,0.6,0.625,0.6609839519246942,0.6356998695568006,0.5013122175542076,0.08275404880922929,,0,,4,10,0,7,1,31,Henri Laaksonen,1,-8.840671872839039,-55.0,2.6999999999999993,-0.10000000000000003,-0.08634431643757268,-2,0,0,0
2018-560-105,2018-08-27,Hard,G,R128,5,2018,Aljaz Bedene,1554.2351968421951,78.0,29.1,R,0.45,0.6,0.375,0.5847305138176857,0.7781459546805487,0.5168864750304912,0.10744884663695517,,0,,0,0,0,35,2,91,1553.2161772223126,37.0,26.5,R,0.45,0.6,0.42105263157894735,0.6098048880313357,0.6427872042657032,0.4873095104714727,0.04912803602662396,,0,,1,2,0,7,0,96,Nikoloz Basilashvili,0,1.019019619882556,41.0,2.6000000000000014,0.0,-0.025074374213649997,-1,0,1,1
2018-0568-275,2018-09-17,Hard,A,R32,3,2018,Aljaz Bedene,1538.1882693890327,76.0,29.1,R,0.4,0.4,0.375,0.5775876566748285,0.7838216303562244,0.5087783669223832,0.11186595030779019,,0,,0,0,0,21,0,92,1690.3530809191996,88.0,33.4,R,0.5,0.6,0.5882352941176471,0.5903703193232163,0.7421171142404821,0.5606326113245028,0.07135735472533349,,0,,0,0,0,21,1,124,Stan Wawrinka,0,-152.16481153016684,-12.0,-4.299999999999997,-0.09999999999999998,-0.012782662648387788,0,0,0,0
2018-M014-272,2018-10-15,Hard,A,R32,3,2018,Aljaz Bedene,1528.7795759218209,72.0,29.2,R,0.4,0.4,0.14285714285714285,0.585730276907001,0.7706695770820846,0.5345768927209089,0.1011805920523385,1.0,1,1.0,0,0,0,28,0,93,1505.301834860743,86.0,23.3,R,0.45,0.2,0.2,0.5752050707947556,0.670007006932025,0.476448059253834,0.08152604163339965,0.0,1,0.0,0,0,0,49,0,34,Laslo Djere,1,23.47774106107795,-14.0,5.899999999999999,-0.04999999999999999,0.010525206112245389,0,0,0,0
2018-M014-287,2018-10-15,Hard,A,R16,3,2018,Aljaz Bedene,1543.7000286674197,72.0,29.2,R,0.45,0.4,0.14285714285714285,0.5858723534097333,0.7674232002704904,0.5450684554501828,0.10566829697037128,,0,,0,0,1,0,1,94,1427.9090893131493,107.0,28.3,R,0.25,0.4,0.4,0.5927868360394642,0.6940025583410339,0.49078265665495174,0.051434409999651584,,0,,0,0,0,28,1,53,Ricardas Berankis,0,115.79093935427045,-35.0,0.8999999999999986,0.2,-0.006914482629730934,0,1,0,0
2019-M020-278,2018-12-31,Hard,A,R32,3,2019,Aljaz Bedene,1522.5566888006692,67.0,29.4,R,0.4,0.4,0.2222222222222222,0.5777073702447502,0.7535071163544065,0.5219028370015454,0.10415804885818139,0.0,1,0.0,0,0,0,77,0,95,1710.5167700681209,18.0,28.0,R,0.6,0.2,0.5862068965517241,0.6465873546388252,0.8434944544213167,0.5781698766844648,0.2239124088630667,1.0,1,1.0,0,0,0,63,1,151,Milos Raonic,0,-187.96008126745164,49.0,1.3999999999999986,-0.19999999999999996,-0.06887998439407506,0,0,0,0
2019-9158-293,2019-02-04,Clay,A,R16,3,2019,Aljaz Bedene,1523.2646667166093,65.0,29.5,R,0.35,0.4,0.6190476190476191,0.5521866132210153,0.7317179104521847,0.44853856684227045,0.089660661370059,0.0,2,0.0,0,0,0,21,0,97,1679.0288046650733,15.0,31.7,R,0.55,0.4,0.6896551724137931,0.6747737404722212,0.6517947194884074,0.4668402831551258,0.03746816386508911,2.0,2,1.0,0,0,0,21,0,171,Fabio Fognini,1,-155.76413794846394,50.0,-2.1999999999999993,-0.20000000000000007,-0.12258712725120591,0,0,0,0
2019-9158-284,2019-02-04,Clay,A,R32,3,2019,Aljaz Bedene,1511.0887940255511,65.0,29.5,R,0.35,0.2,0.6190476190476191,0.5606714617058637,0.7170398801491544,0.43786663008337723,0.09983645242982796,,0,,0,0,1,0,1,98,1426.411202222709,76.0,23.6,L,0.25,0.4,0.5555555555555556,0.6136810316601962,0.7122423175986045,0.5357121781727046,0.1084369379217864,,0,,0,0,0,21,0,57,Maximilian Marterer,1,84.67759180284202,-11.0,5.899999999999999,0.09999999999999998,-0.05300956995433248,0,1,0,0
2019-9158-297,2019-02-04,Clay,A,QF,3,2019,Aljaz Bedene,1545.9930086067147,65.0,29.5,R,0.35,0.4,0.6190476190476191,0.5577338019760353,0.7263196221045877,0.4367738609599175,0.08776047821987587,0.0,1,0.0,0,0,2,0,2,99,1538.4231803504033,92.0,33.0,R,0.45,0.6,0.47368421052631576,0.5842438787861463,0.7950690925038753,0.6101413182840322,0.10077097799658175,1.0,1,1.0,0,0,0,21,0,126,Pablo Cuevas,0,7.569828256311439,-27.0,-3.5,-0.10000000000000003,-0.026510076810110972,0,2,0,0
2019-0506-291,2019-02-11,Clay,A,R16,3,2019,Aljaz Bedene,1541.5324384538785,57.0,29.5,R,0.4,0.6,0.625,0.5424370096158311,0.7380796009157617,0.43616699293554595,0.08345219829046191,1.0,1,1.0,3,6,0,7,0,100,1618.8401638130222,19.0,26.4,R,0.5,0.6,0.6296296296296297,0.6121650821043293,0.6680041334045352,0.46628698298866367,0.0566515073137275,0.0,1,0.0,2,5,1,0,1,161,Diego Schwartzman,0,-77.30772535914366,38.0,3.1000000000000014,-0.09999999999999998,-0.06972807248849822,1,-1,0,0
2019-0506-280,2019-02-11,Clay,A,R32,3,2019,Aljaz Bedene,1529.6444602834788,57.0,29.5,R,0.35,0.4,0.625,0.5454193365672302,0.7302014496552575,0.4265217601195814,0.0843438115532092,,0,,3,6,1,0,0,101,1438.305367166438,74.0,27.5,R,0.29411764705882354,0.2,0.2,0.6303002170245113,0.675203451519241,0.43481263616593496,0.056979875499801935,,0,,1,2,0,7,0,17,Guido Andreozzi,1,91.33909311704087,-17.0,2.0,0.05588235294117644,-0.08488088045728115,2,1,0,0
2019-6932-281,2019-02-18,Clay,A,R32,3,2019,Aljaz Bedene,1529.0349765506812,83.0,29.5,R,0.35,0.6,0.5714285714285714,0.5503490622558568,0.7113449070382106,0.4315601133286663,0.07396367751161854,,0,,2,6,1,0,2,103,1569.7856899076448,17.0,26.3,R,0.5,0.8,0.7,0.6617182344710413,0.7165055723623129,0.5911902451260189,0.06762584716466201,,0,,4,8,0,7,4,74,Marco Cecchinato,1,-40.750713356963615,66.0,3.1999999999999993,-0.15000000000000002,-0.1113691722151845,-2,1,0,0
2019-6932-291,2019-02-18,Clay,A,R16,3,2019,Aljaz Bedene,1546.9030577388473,83.0,29.5,R,0.4,0.6,0.5714285714285714,0.5420258077203977,0.7141742615917032,0.45773580099503725,0.07651269711946168,,0,,2,6,2,0,3,104,1486.9576277680528,126.0,24.7,L,0.5,0.6,0.4444444444444444,0.6212235967663562,0.7038338829753936,0.5297311037659453,0.05542791421390357,,0,,0,0,0,49,0,60,Thiago Monteiro,1,59.94542997079452,-43.0,4.800000000000001,-0.09999999999999998,-0.07919778904595853,2,2,0,0
2019-0360-283,2019-04-08,Clay,A,R32,3,2019,Aljaz Bedene,1554.8777033806036,68.0,29.7,R,0.5,0.6,0.6190476190476191,0.5461151407174978,0.7227384377312023,0.4645329680223832,0.07485675517749242,1.0,3,0.3333333333333333,0,0,0,21,0,106,1507.9063579527128,69.0,29.9,R,0.35,0.2,0.38461538461538464,0.48350538195504605,0.7391342204276186,0.4226865574985605,0.1080825179201508,2.0,3,0.6666666666666666,0,0,0,21,0,180,Benoit Paire,0,46.97134542789081,-1.0,-0.1999999999999993,0.15000000000000002,0.06260975876245173,0,0,0,0
2019-0410-264,2019-04-15,Clay,M,R64,3,2019,Aljaz Bedene,1536.727676111078,70.0,29.7,R,0.45,0.6,0.5909090909090909,0.5406605952629523,0.7148680673608319,0.4625885235779387,0.07157392689466414,0.0,1,0.0,1,3,0,7,0,107,1602.7350014685217,45.0,29.4,R,0.6,0.6,0.3,0.6548646119193459,0.6706745598868703,0.4813939941054426,0.05148312152575416,1.0,1,1.0,0,0,0,28,0,94,Radu Albot,0,-66.00732535744373,25.0,0.3000000000000007,-0.14999999999999997,-0.11420401665639357,1,0,0,0
2019-7648-283,2019-04-22,Clay,A,R32,3,2019,Aljaz Bedene,1523.7313738960547,74.0,29.7,R,0.45,0.4,0.5714285714285714,0.5484635595175295,0.6943918768846412,0.4564481727007458,0.07438917616152632,0.0,1,0.0,1,2,0,7,0,108,1534.6226932698773,77.0,26.4,R,0.5,0.4,0.25,0.6684988661211236,0.6615030403569765,0.5022165178773284,0.1359926638073215,1.0,1,1.0,0,0,0,14,0,99,Bernard Tomic,1,-10.891319373822625,-3.0,3.3000000000000007,-0.04999999999999999,-0.12003530660359418,1,0,0,0
2019-7648-292,2019-04-22,Clay,A,R16,3,2019,Aljaz Bedene,1540.2327734609325,74.0,29.7,R,0.45,0.4,0.5714285714285714,0.5388928524468224,0.6843025911703555,0.45069024085585746,0.06952806505041519,1.0,1,1.0,1,2,1,0,1,109,1538.105771868393,55.0,23.0,R,0.4,0.2,0.631578947368421,0.646889083696193,0.7950036897372356,0.5431677752707501,0.11119638213809926,0.0,1,0.0,1,2,0,7,0,53,Matteo Berrettini,0,2.1270015925395,19.0,6.699999999999999,0.04999999999999999,-0.10799623124937063,0,1,0,0
2019-520-1108,2019-05-27,Clay,G,R128,5,2019,Aljaz Bedene,1524.1348226414314,95.0,29.8,R,0.45,0.2,0.5625,0.5221968430571511,0.6836384545479648,0.4694501772628527,0.06842008382975792,1.0,2,0.5,0,0,0,35,0,110,1728.1955589520344,15.0,22.5,R,0.6,0.4,0.5714285714285714,0.6174869449649035,0.7296125240521885,0.5703132338046132,0.053136659918254545,1.0,2,0.5,0,0,0,14,0,163,Borna Coric,0,-204.06073631060303,80.0,7.300000000000001,-0.14999999999999997,-0.09529010190775244,0,0,1,1
2019-M010-282,2019-06-10,Grass,A,R32,3,2019,Aljaz Bedene,1516.582430521342,93.0,29.8,R,0.4,0.2,0.25,0.621322720032676,0.7758399396089426,0.5531639099634456,0.06816011072352754,0.0,1,0.0,0,0,0,14,0,111,1672.3356171180749,42.0,32.9,R,0.55,0.4,0.6666666666666666,0.6452128679415139,0.7364123035049441,0.5216276988056205,0.06728744259085404,1.0,1,1.0,0,0,0,14,1,153,Richard Gasquet,0,-155.7531865967328,51.0,-3.099999999999998,-0.15000000000000002,-0.023890147908837922,0,0,0,0
2019-0311-290,2019-06-17,Grass,A,R16,3,2019,Aljaz Bedene,1527.6132383968754,92.0,29.9,R,0.45,0.4,0.25,0.6237142515853551,0.7524969537659567,0.5281639099634455,0.08946990684701447,0.0,2,0.0,1,3,1,0,1,113,1762.7448434353043,18.0,28.4,R,0.7,0.8,0.875,0.6328619336973322,0.8622272929439948,0.5915744916654231,0.24311436016232513,2.0,2,1.0,3,8,0,7,3,171,Milos Raonic,0,-235.13160503842892,74.0,1.5,-0.24999999999999994,-0.00914768211197714,-2,1,0,0
2019-540-156,2019-07-01,Grass,G,R128,5,2019,Aljaz Bedene,1521.0438156992611,85.0,29.9,R,0.4,0.2,0.4,0.6145334606249031,0.7494005427877725,0.5357829575824932,0.09184719058023041,1.0,2,0.5,0,0,0,14,0,114,1746.8385435192527,20.0,23.2,R,0.8,0.8,0.8181818181818182,0.6335381717659851,0.8538626034597995,0.5926518943620809,0.14413569148966493,1.0,2,0.5,0,0,0,14,2,77,Matteo Berrettini,0,-225.79472781999152,65.0,6.699999999999999,-0.4,-0.019004711141082042,0,0,1,1
2019-0439-295,2019-07-15,Clay,A,QF,3,2019,Aljaz Bedene,1544.0671139579513,87.0,29.9,R,0.5,0.6,0.5625,0.5303624382561758,0.7098167028179891,0.5240652696604743,0.08783637348176086,,0,,0,0,0,14,0,115,1589.474250121167,36.0,29.0,R,0.55,0.4,0.5238095238095238,0.696093957475274,0.6808660863333594,0.5566603901437998,0.02622095101374905,,0,,0,0,0,14,0,144,Dusan Lajovic,0,-45.40713616321568,51.0,0.8999999999999986,-0.050000000000000044,-0.16573151921909823,0,0,0,0
2019-0439-277,2019-07-15,Clay,A,R32,3,2019,Aljaz Bedene,1514.1893445300939,87.0,29.9,R,0.4,0.2,0.5625,0.5179649589991799,0.691922727045862,0.4861684435167227,0.08386159294633341,1.0,1,1.0,0,0,2,0,1,117,1503.0423219536708,40.0,26.7,R,0.4,0.0,0.6,0.6548673754109501,0.6801209819492833,0.4480657796126817,0.04029779663018974,0.0,1,0.0,0,0,0,14,0,89,Marco Cecchinato,1,11.147022576423069,47.0,3.1999999999999993,0.0,-0.13690241641177014,0,2,0,0
2019-560-189,2019-08-26,Hard,G,R64,5,2019,Aljaz Bedene,1542.0805418393736,80.0,30.1,R,0.45,0.6,0.14285714285714285,0.5617176988708852,0.7014373708921344,0.4449086982427006,0.09885744870911792,1.0,4,0.25,0,0,1,0,0,119,1663.2793491129662,26.0,30.2,R,0.55,0.8,0.4411764705882353,0.5181028769945397,0.7715419775168804,0.4346266915956508,0.1154567281248871,3.0,4,0.75,5,14,0,7,4,214,Benoit Paire,1,-121.19880727359259,54.0,-0.09999999999999787,-0.10000000000000003,0.043614821876345466,-5,1,1,1
2019-560-150,2019-08-26,Hard,G,R128,5,2019,Aljaz Bedene,1530.146365122545,80.0,30.1,R,0.45,0.4,0.14285714285714285,0.5734898347809522,0.6990113157243046,0.4449086982427006,0.08770055005221927,,0,,0,0,2,0,1,120,1439.8805576297777,362.0,26.8,R,0.4,0.2,,0.6190227872695993,0.6756565283578058,0.5467659877724104,0.04483201746795183,,0,,0,0,0,28,1,37,Jozef Kovalik,1,90.26580749276718,-282.0,3.3000000000000007,0.04999999999999999,-0.04553295248864708,0,2,1,1
2019-0341-299,2019-09-16,Hard,A,SF,3,2019,Aljaz Bedene,1605.5384374189566,76.0,30.1,R,0.5,0.8,0.3333333333333333,0.5985052590433465,0.7612851898688715,0.44500714807275826,0.14293420842067547,2.0,5,0.4,0,0,0,21,2,121,1668.9211804182717,23.0,30.3,R,0.55,0.6,0.4411764705882353,0.5423229492236168,0.7779870025946952,0.451920222059913,0.13290943580581777,3.0,5,0.6,0,0,0,21,1,216,Benoit Paire,1,-63.38274299931504,53.0,-0.1999999999999993,-0.050000000000000044,0.056182309819729714,0,0,0,0
2019-0341-292,2019-09-16,Hard,A,R16,3,2019,Aljaz Bedene,1568.4155984013762,76.0,30.1,R,0.5,0.6,0.3333333333333333,0.5772028911016343,0.7064644700150178,0.4651200381184591,0.10483885976345082,,0,,0,0,1,0,3,122,1584.2822012444055,37.0,34.7,R,0.55,0.4,0.5428571428571428,0.6022132902836876,0.6532326530657661,0.5219378144378144,0.04437551552767543,,0,,0,0,0,21,1,195,Gilles Simon,1,-15.86660284302934,39.0,-4.600000000000001,-0.050000000000000044,-0.02501039918205339,0,1,0,0
2019-0341-300,2019-09-16,Hard,A,F,3,2019,Aljaz Bedene,1624.425365037136,76.0,30.1,R,0.5,0.8,0.3333333333333333,0.6093440389997735,0.774834973418655,0.4536428519914811,0.14859256447833036,,0,,0,0,2,0,4,123,1714.2269694968272,61.0,34.4,R,0.6,0.6,0.56,0.596444281815043,0.7832090470660678,0.5095129061893492,0.1474244463623505,,0,,0,0,0,21,0,144,Jo-Wilfried Tsonga,0,-89.80160445969113,15.0,-4.299999999999997,-0.09999999999999998,0.012899757184730465,0,2,0,0
2019-0341-297,2019-09-16,Hard,A,QF,3,2019,Aljaz Bedene,1585.145774930561,76.0,30.1,R,0.5,0.8,0.3333333333333333,0.5916473355460787,0.7392689297062699,0.4529578759562969,0.10810369994609921,2.0,3,0.6666666666666666,0,0,3,0,0,124,1683.0423023905769,62.0,28.1,R,0.6,0.8,0.5625,0.6639785649539203,0.7101664077491933,0.555488172132415,0.03280861908207915,1.0,3,0.3333333333333333,0,0,0,21,2,198,Pablo Carreno Busta,1,-97.89652746001593,14.0,2.0,-0.09999999999999998,-0.07233122940784154,0,3,0,0
2019-M014-280,2019-10-14,Hard,A,R32,3,2019,Aljaz Bedene,1612.4711846191642,71.0,30.2,R,0.5,0.8,0.5384615384615384,0.5922551685678799,0.7960779112717624,0.4967488026446015,0.15731897957267,2.0,2,1.0,0,0,0,28,2,126,1444.8616035016473,87.0,40.6,R,0.35,0.2,0.47058823529411764,0.6312911450168925,0.8318182762387696,0.5335231651089711,0.21640279231432452,0.0,2,0.0,0,0,0,63,0,135,Ivo Karlovic,0,167.60958111751688,-16.0,-10.400000000000002,0.15000000000000002,-0.03903597644901269,0,0,0,0
2019-0337-295,2019-10-21,Hard,A,QF,3,2019,Aljaz Bedene,1623.0780941245441,72.0,30.2,R,0.55,0.6,0.5,0.6082068107632195,0.8483713983905454,0.5463291297249286,0.19722210843555116,,0,,1,3,0,7,0,127,1710.298337431904,14.0,33.1,R,0.6,0.6,0.75,0.6606021798337236,0.7116309232520412,0.5035534615084931,0.10102083084686116,,0,,1,2,0,7,0,185,Gael Monfils,0,-87.22024330735985,58.0,-2.900000000000002,-0.04999999999999993,-0.05239536907050413,0,0,0,0
2019-0337-289,2019-10-21,Hard,A,R16,3,2019,Aljaz Bedene,1607.6768483319643,72.0,30.2,R,0.55,0.6,0.5,0.6054272373954108,0.8487635552532906,0.5506148440106429,0.19221887637349558,1.0,1,1.0,1,3,1,0,0,128,1594.6689915090312,50.0,34.8,R,0.5,0.6,0.48484848484848486,0.6142572768763536,0.7293087639623013,0.5528773980988275,0.045590743713091714,0.0,1,0.0,3,7,0,7,1,203,Gilles Simon,1,13.007856822933036,22.0,-4.599999999999998,0.050000000000000044,-0.008830039480942742,-2,1,0,0
2019-0337-277,2019-10-21,Hard,A,R32,3,2019,Aljaz Bedene,1589.3003216321706,72.0,30.2,R,0.5,0.6,0.5,0.5923251965790842,0.8181209220244504,0.5350063784021772,0.17053466584717977,0.0,1,0.0,1,3,2,0,1,129,1641.2905556263113,20.0,29.4,L,0.55,0.4,0.45,0.6307174412546966,0.7034450808600111,0.5148768437785319,0.07864639022623103,1.0,1,1.0,3,8,0,7,0,168,Guido Pella,1,-51.99023399414068,52.0,0.8000000000000007,-0.050000000000000044,-0.03839224467561242,-2,2,0,0
2020-0451-283,2020-01-06,Hard,A,R32,3,2020,Aljaz Bedene,1611.0124311834288,58.0,30.4,R,0.55,0.4,0.5714285714285714,0.601081633959825,0.8329555768895313,0.5340578222728982,0.1933677944327223,,0,,0,0,1,0,3,131,1453.356407051108,76.0,21.3,R,0.3,0.4,0.3333333333333333,0.67244654745931,0.6376329531428082,0.5030383395434105,0.04499810479387205,,0,,0,0,0,62,1,22,Mikael Ymer,1,157.6560241323209,-18.0,9.099999999999998,0.25000000000000006,-0.07136491349948504,0,1,0,0
2020-0451-297,2020-01-06,Hard,A,QF,3,2020,Aljaz Bedene,1634.0207129580713,58.0,30.4,R,0.65,0.8,0.5714285714285714,0.5954346150630172,0.8127795934526784,0.5536724467788272,0.1838493489244148,0.0,1,0.0,0,0,2,0,4,132,1764.164157281302,15.0,34.7,R,0.65,0.8,0.6333333333333333,0.6186909032170235,0.7893831465160719,0.5659809173985744,0.14145800151949278,1.0,1,1.0,0,0,0,70,0,181,Stan Wawrinka,0,-130.14344432323082,43.0,-4.300000000000004,0.0,-0.023256288154006266,0,2,0,0
2020-M056-283,2020-01-13,Hard,A,R32,3,2020,Aljaz Bedene,1623.7486144940265,54.0,30.4,R,0.6,0.6,0.5882352941176471,0.5731216898929492,0.8075977752708603,0.5453391134454939,0.17980172987679574,,0,,3,7,0,7,0,133,1511.4882494397357,90.0,22.6,R,0.45,0.4,0.5,0.6292410803075741,0.7010842634377117,0.5389747255966768,0.06248638036250315,,0,,0,0,1,0,1,25,Tommy Paul,0,112.26036505429079,-36.0,7.799999999999997,0.14999999999999997,-0.05611939041462488,3,-1,0,0
2020-580-169,2020-01-20,Hard,G,R64,5,2020,Aljaz Bedene,1611.06346165442,55.0,30.5,R,0.65,0.6,0.5882352941176471,0.565114440283976,0.7862761320854843,0.5322516288477116,0.15027851507070342,,0,,1,2,0,7,0,134,1473.8622973087345,256.0,31.3,R,0.25,0.4,0.3333333333333333,0.5597833735215229,0.7478219517139761,0.5349903764776938,0.0917504161120827,,0,,0,0,0,175,1,70,Ernests Gulbis,0,137.20116434568558,-201.0,-0.8000000000000007,0.4,0.005331066762453096,1,0,1,1
2020-580-110,2020-01-20,Hard,G,R128,5,2020,Aljaz Bedene,1602.751535075564,55.0,30.5,R,0.6,0.4,0.5882352941176471,0.5682804200516793,0.7874148484415919,0.5284054750015578,0.14273823781330366,,0,,1,2,1,0,0,135,1420.8203182217446,94.0,27.9,R,0.25,0.2,0.5,0.5575590748708562,0.7506322624808128,0.5003313416475812,0.10959667206607877,,0,,2,4,0,7,0,25,James Duckworth,1,181.93121685381948,-39.0,2.6000000000000014,0.35,0.010721345180823127,-1,1,1,1
2020-0375-275,2020-02-03,Hard,A,R32,3,2020,Aljaz Bedene,1589.054278756466,51.0,30.5,R,0.6,0.4,0.5789473684210527,0.5661858688554046,0.7814673027595087,0.5224097114586244,0.14277851507070344,1.0,1,1.0,0,0,0,14,1,136,1481.677993367582,132.0,29.6,R,0.4,0.4,0.4,0.6001987822191756,0.8033210475504294,0.5122932826085576,0.11409384018079749,0.0,1,0.0,0,0,0,14,0,80,Vasek Pospisil,0,107.37628538888384,-81.0,0.8999999999999986,0.19999999999999996,-0.03401291336377099,0,0,0,0
2020-0407-271,2020-02-10,Hard,A,R32,3,2020,Aljaz Bedene,1568.261061920865,52.0,30.5,R,0.55,0.2,0.55,0.565016939745299,0.7766285930820894,0.4837192352681484,0.1375371877705526,3.0,6,0.5,1,2,0,7,0,137,1617.752256357964,19.0,30.7,R,0.5,0.4,0.48717948717948717,0.5607396087137513,0.7751754641250439,0.48199870743291795,0.12945581914353793,3.0,6,0.5,1,2,0,7,0,237,Benoit Paire,1,-49.49119443709901,33.0,-0.1999999999999993,0.050000000000000044,0.004277331031547704,0,0,0,0
2020-0407-294,2020-02-10,Hard,A,QF,3,2020,Aljaz Bedene,1612.9172566090454,52.0,30.5,R,0.6,0.6,0.55,0.577317477755474,0.7621779327739456,0.479433520982434,0.10810910396449633,,0,,1,2,1,0,1,138,1603.7672807248325,21.0,19.5,R,0.4,0.6,0.4827586206896552,0.6579506548806893,0.7679712437018353,0.5563386642316127,0.14273097788365638,,0,,2,5,0,7,0,76,Felix Auger Aliassime,0,9.149975884212836,31.0,11.0,0.19999999999999996,-0.08063317712521523,-1,1,0,0
2020-0407-286,2020-02-10,Hard,A,R16,3,2020,Aljaz Bedene,1586.5249241807521,52.0,30.5,R,0.6,0.4,0.55,0.5751020461282776,0.7613268689441584,0.4751478066967197,0.12230314521736112,,0,,1,2,2,0,0,139,1855.6031291765744,6.0,21.4,R,0.65,0.6,0.6666666666666666,0.6308838882921063,0.8144838291482804,0.5322900484924078,0.0819548589413787,,0,,0,0,0,21,1,168,Stefanos Tsitsipas,1,-269.07820499582226,46.0,9.100000000000001,-0.050000000000000044,-0.05578184216382864,1,2,0,0
2020-0496-292,2020-02-17,Hard,A,R16,3,2020,Aljaz Bedene,1615.8904456330517,47.0,30.5,R,0.6,0.6,0.5652173913043478,0.5805421584801548,0.8031593651346881,0.47684213089104394,0.11633531919071156,2.0,2,1.0,3,6,0,7,1,140,1588.8622808595233,58.0,35.1,R,0.5,0.4,0.4444444444444444,0.5747889445505532,0.7117690873434069,0.47185925899570674,0.06558655168846449,0.0,2,0.0,2,5,0,7,1,212,Gilles Simon,0,27.028164773528488,-11.0,-4.600000000000001,0.09999999999999998,0.005753213929601597,1,0,0,0
2020-0496-282,2020-02-17,Hard,A,R32,3,2020,Aljaz Bedene,1596.4959820377903,47.0,30.5,R,0.55,0.4,0.5652173913043478,0.5782344661724625,0.7864926984680216,0.49297849452740755,0.10859172944712181,0.0,3,0.0,3,6,1,0,0,141,1671.3425586635694,17.0,23.7,R,0.55,0.6,0.5405405405405406,0.669908318121274,0.7450372216595189,0.5159285068367324,0.09912353891370942,3.0,3,1.0,2,5,0,7,1,203,Karen Khachanov,1,-74.84657662577911,30.0,6.800000000000001,0.0,-0.0916738519488115,1,1,0,0
2020-M024-258,2020-08-24,Hard,M,R64,3,2020,Aljaz Bedene,1598.6482574611973,61.0,31.1,R,0.55,0.6,0.5833333333333334,0.5885773251127453,0.8055619625372856,0.4525964412358715,0.1239411257742323,,0,,0,0,0,189,1,142,1697.411938544108,18.0,24.2,R,0.7,1.0,0.42105263157894735,0.6204557533182966,0.7383468801656938,0.5231532988238623,0.05043858292891799,,0,,0,0,0,182,11,70,Cristian Garin,1,-98.76368108291058,43.0,6.900000000000002,-0.1499999999999999,-0.03187842820555131,0,0,0,0
2020-M024-291,2020-08-24,Hard,M,R16,3,2020,Aljaz Bedene,1637.1749730990182,61.0,31.1,R,0.55,0.6,0.5833333333333334,0.5893429715657232,0.8097352737222246,0.46072755010004407,0.132042353686781,,0,,0,0,1,0,2,143,1841.943498376533,5.0,24.5,R,0.6,0.4,0.71875,0.5906701148970314,0.7341990953413721,0.5180888263667075,0.115691855004975,,0,,0,0,0,189,1,211,Daniil Medvedev,0,-204.76852527751475,56.0,6.600000000000001,-0.04999999999999993,-0.0013271433313081227,0,1,0,0
2020-M024-280,2020-08-24,Hard,M,R32,3,2020,Aljaz Bedene,1619.07781855226,61.0,31.1,R,0.55,0.6,0.5833333333333334,0.5969908792136309,0.7985143434896664,0.44116233270873967,0.12569314733757464,,0,,0,0,2,0,0,144,1664.8804586025667,24.0,22.8,R,0.5,0.8,0.44,0.6224880476414163,0.8139872423328306,0.5036090161796011,0.168436984387713,,0,,0,0,0,182,1,176,Taylor Fritz,1,-45.80264005030676,37.0,8.3,0.050000000000000044,-0.025497168427785377,0,2,0,0
2020-7485-123,2020-10-19,Hard,A,R32,3,2020,Aljaz Bedene,1631.2412742283577,52.0,31.2,R,0.55,0.6,0.5263157894736842,0.5980779892934381,0.7980509926623116,0.4144347647661629,0.1193923432760036,0.0,3,0.0,0,0,0,21,2,148,1760.4902216764976,19.0,29.8,R,0.7,0.8,0.6538461538461539,0.654398439052708,0.8214944849918021,0.5749558832979885,0.21792070760275487,3.0,3,1.0,4,9,0,7,2,211,Milos Raonic,0,-129.24894744813992,33.0,1.3999999999999986,-0.1499999999999999,-0.056320449759269864,-4,0,0,0
2020-0352-242,2020-11-02,Hard,M,R64,3,2020,Aljaz Bedene,1620.9332289002286,53.0,31.2,R,0.5,0.4,0.47058823529411764,0.5930080592235081,0.8002911360314873,0.43729190762330566,0.12437069825435858,0.0,4,0.0,0,0,0,14,0,149,1770.7982670046267,17.0,29.8,R,0.75,0.8,0.72,0.6657819230422898,0.8324035759008929,0.5837794127097532,0.23170505301951777,4.0,4,1.0,0,0,0,14,4,213,Milos Raonic,0,-149.86503810439808,36.0,1.3999999999999986,-0.25,-0.0727738638187817,0,0,0,0
2021-8998-288,2021-02-01,Hard,A,R16,3,2021,Aljaz Bedene,1632.643372445533,58.0,31.5,R,0.5,0.6,0.4166666666666667,0.5756577179682857,0.7980679720796001,0.4122535871845276,0.1358950708104317,1.0,1,1.0,0,0,1,0,1,151,1759.2534538872371,36.0,19.4,R,0.8,1.0,0.6875,0.612179218345908,0.7297087414465464,0.5412836438923395,0.059865397142720336,0.0,1,0.0,0,0,1,0,10,51,Jannik Sinner,0,-126.6100814417041,22.0,12.100000000000001,-0.30000000000000004,-0.03652150037762236,0,0,0,0
2021-8998-249,2021-02-01,Hard,A,R64,3,2021,Aljaz Bedene,1611.4363613494565,58.0,31.5,R,0.5,0.4,0.4166666666666667,0.579824913624843,0.7868982788886301,0.4230890090725811,0.12815978145520648,,0,,0,0,2,0,0,152,1472.9941992128545,106.0,28.4,R,0.35294117647058826,0.2,0.2,0.5922601559362664,0.7140080163747797,0.46976985289171036,0.08324932169807674,,0,,0,0,0,126,0,17,Yasutaka Uchiyama,1,138.44216213660206,-48.0,3.1000000000000014,0.14705882352941174,-0.012435242311423345,0,2,0,0
2021-0375-289,2021-02-22,Hard,A,R16,3,2021,Aljaz Bedene,1629.0622910136856,60.0,31.6,R,0.5,0.6,0.4,0.5693828315344434,0.7760611275727555,0.45560683497923493,0.1307768651666196,,0,,0,0,0,14,0,154,1615.1251093958683,83.0,28.2,R,0.5,0.6,0.5,0.6403255158162626,0.7040321427409022,0.47443332797886767,0.10178754681047661,,0,,0,0,1,0,2,49,Egor Gerasimov,0,13.93718161781726,-23.0,3.400000000000002,0.0,-0.07094268428181927,0,-1,0,0
2021-0375-277,2021-02-22,Hard,A,R32,3,2021,Aljaz Bedene,1605.756188809803,60.0,31.6,R,0.5,0.4,0.4,0.5769649419467425,0.7837992228108507,0.4358393931187698,0.1300588001628403,1.0,2,0.5,0,0,1,0,0,155,1777.0582353014324,34.0,19.5,R,0.85,0.8,0.8235294117647058,0.6198302498366178,0.7378710139007623,0.5727022581639438,0.07883958201073302,1.0,2,0.5,0,0,0,14,0,56,Jannik Sinner,1,-171.30204649162943,26.0,12.100000000000001,-0.35,-0.042865307889875304,0,1,0,0
2021-0495-292,2021-03-15,Hard,A,R16,3,2021,Aljaz Bedene,1629.9112526677004,59.0,31.6,R,0.55,0.6,0.4166666666666667,0.547781614164042,0.7807656641604009,0.522988056285273,0.14625355673364632,,0,,0,0,0,21,1,156,1678.565356861637,41.0,31.2,R,0.35,0.6,0.2857142857142857,0.6359001171311263,0.6447285626391669,0.4989959580323357,0.020586151424466497,,0,,1,2,0,7,0,232,Kei Nishikori,0,-48.65410419393652,18.0,0.40000000000000213,0.20000000000000007,-0.08811850296708423,-1,0,0,0
2021-0495-264,2021-03-15,Hard,A,R64,3,2021,Aljaz Bedene,1612.4208041308173,59.0,31.6,R,0.5,0.4,0.4166666666666667,0.567059802450851,0.7581296710244079,0.4540916834640834,0.1330789535590431,,0,,0,0,2,0,1,158,1425.3661843160496,,28.6,R,0.35,0.0,0.0,0.653254338000046,0.639904840593752,0.5074413110125822,0.02144997117656921,,0,,0,0,0,21,0,24,Yuki Bhambri,1,187.05461981476765,,3.0,0.15000000000000002,-0.08619453554919498,0,2,0,0
2021-0403-239,2021-03-22,Hard,M,R64,3,2021,Aljaz Bedene,1624.7305259114416,59.0,31.6,R,0.55,0.6,0.4666666666666667,0.5376013540641206,0.7777459196772418,0.5179277969412609,0.14935201397130485,0.0,1,0.0,3,7,0,7,2,159,1672.9427490005507,39.0,31.2,R,0.4,0.6,0.45454545454545453,0.6396800675372105,0.6737741467734878,0.544234053270431,0.03387732719665493,1.0,1,1.0,4,10,0,7,1,236,Kei Nishikori,0,-48.2122230891091,20.0,0.40000000000000213,0.15000000000000002,-0.10207871347308994,-1,0,0,0
2021-0403-176,2021-03-22,Hard,M,R128,3,2021,Aljaz Bedene,1616.1373244400131,59.0,31.6,R,0.5,0.6,0.4666666666666667,0.5451348937958027,0.7678252847566069,0.5210582317238696,0.143510940699891,,0,,3,7,1,0,0,160,1442.0625152920018,178.0,31.8,R,0.4,0.2,,0.6516559283847372,0.6409972939701383,0.45706000799756064,0.02868504314880397,,0,,0,0,0,413,0,79,Thomas Fabbiano,1,174.07480914801135,-119.0,-0.1999999999999993,0.09999999999999998,-0.10652103458893447,3,1,0,0
2021-9481-287,2021-04-05,Clay,A,R16,3,2021,Aljaz Bedene,1621.3779921753544,58.0,31.7,R,0.55,0.6,1.0,0.5309152643555692,0.7263844841981937,0.527299876414902,0.1190836216650317,0.0,1,0.0,0,0,0,14,1,161,1628.3215959911745,80.0,28.3,R,0.55,0.4,0.0,0.6531073446327683,0.6382189239332097,0.3250915750915751,0.0833003379390336,1.0,1,1.0,0,0,0,21,0,56,Egor Gerasimov,1,-6.943603815820097,-22.0,3.3999999999999986,0.0,-0.12219208027719908,0,0,0,0
2021-9481-294,2021-04-05,Clay,A,QF,3,2021,Aljaz Bedene,1637.6977143822692,58.0,31.7,R,0.55,0.6,1.0,0.5350270317340335,0.7356203645968646,0.54039511451014,0.11023385640681574,1.0,1,1.0,0,0,2,0,3,163,1654.16310873006,30.0,23.4,R,0.55,0.6,0.4,0.565828557111376,0.7481439743031422,0.48636433428098264,0.09345313036051119,0.0,1,0.0,0,0,0,14,2,205,Taylor Fritz,0,-16.465394347790834,28.0,8.3,0.0,-0.030801525377342487,0,2,0,0
2021-5053-291,2021-04-19,Clay,A,R16,3,2021,Aljaz Bedene,1639.8846681627365,56.0,31.7,R,0.55,0.6,0.8,0.5407114502066253,0.7205325112737172,0.53032075443578,0.0914576568017645,,0,,0,0,0,14,0,164,1704.473672972868,28.0,27.6,R,0.75,0.6,0.5,0.5578449328449329,0.7675000000000001,0.501610305958132,0.05754149832212345,,0,,2,4,0,7,0,24,Aslan Karatsev,0,-64.58900481013143,28.0,4.099999999999998,-0.19999999999999996,-0.017133482638307607,-2,0,0,0
2021-5053-280,2021-04-19,Clay,A,R32,3,2021,Aljaz Bedene,1622.4554066581268,56.0,31.7,R,0.5,0.6,0.8,0.5381400585539569,0.7213346503111504,0.5380785121935376,0.10258575737940637,,0,,0,0,1,0,0,165,1653.574375510637,66.0,20.7,R,0.65,0.8,0.75,0.6958135591714023,0.6292010244877562,0.5308676830415962,0.05675735020683069,,0,,0,0,0,28,4,21,Sebastian Korda,1,-31.118968852510307,-10.0,11.0,-0.15000000000000002,-0.15767350061744545,0,1,0,0
2021-0416-255,2021-05-10,Clay,M,R64,3,2021,Aljaz Bedene,1626.8253038268413,57.0,31.8,R,0.55,0.6,0.7142857142857143,0.549851135683036,0.7231802945249488,0.5118997018042009,0.08657302989136592,,0,,0,0,0,21,1,166,1595.2492317103738,41.0,31.0,R,0.5,0.6,0.5,0.5502648896758489,0.7209087836015861,0.4900921563718462,0.11098462628351224,,0,,1,2,0,7,0,239,Jan Lennard Struff,0,31.576072116467458,16.0,0.8000000000000007,0.050000000000000044,-0.00041375399281284864,-1,0,0,0
2021-7694-288,2021-05-17,Clay,A,R16,3,2021,Aljaz Bedene,1621.382221951133,55.0,31.8,R,0.5,0.4,0.625,0.5519323110452441,0.7111347692441294,0.517387945874788,0.07449250807400201,,0,,1,2,0,7,0,167,1663.2814031509497,13.0,30.4,R,0.55,0.6,0.5555555555555556,0.5425718526149201,0.6949700775152308,0.5006554382941188,0.06272823785467917,,0,,2,4,0,7,1,289,David Goffin,1,-41.89918119981667,42.0,1.4000000000000021,-0.050000000000000044,0.009360458430323959,-1,0,0,0
2021-7694-275,2021-05-17,Clay,A,R32,3,2021,Aljaz Bedene,1609.3751623795017,55.0,31.8,R,0.5,0.4,0.625,0.5395463461329634,0.7032223113316716,0.49040847373402546,0.08618841450675055,2.0,3,0.6666666666666666,1,2,1,0,1,168,1520.7991597349085,68.0,36.3,R,0.35,0.2,0.16666666666666666,0.5876168904755515,0.6368810765241326,0.44854971891788387,0.02263494182686069,1.0,3,0.3333333333333333,0,0,0,21,0,236,Gilles Simon,1,88.57600264459325,-13.0,-4.4999999999999964,0.15000000000000002,-0.04807054434258817,1,1,0,0
2021-7694-295,2021-05-17,Clay,A,QF,3,2021,Aljaz Bedene,1639.3024507540806,55.0,31.8,R,0.55,0.6,0.625,0.5591750447451656,0.7267562698040398,0.5253620838058225,0.07997144251571749,,0,,1,2,2,0,2,169,1636.8417357490453,88.0,19.2,R,0.65,0.6,0.6153846153846154,0.6954789373009744,0.6774944050768597,0.48480420540335445,0.026128207011832515,,0,,1,2,0,7,0,21,Lorenzo Musetti,0,2.460715005035354,-33.0,12.600000000000001,-0.09999999999999998,-0.13630389255580888,0,2,0,0
2021-9510-289,2021-05-24,Clay,A,R16,3,2021,Aljaz Bedene,1631.0876985979546,54.0,31.8,R,0.55,0.6,0.6363636363636364,0.5469533960567212,0.7323160356392677,0.518875792319531,0.07497942141329923,2.0,2,1.0,3,6,0,7,0,170,1466.6844858270847,104.0,28.6,R,0.3,0.4,0.5,0.6907807348974881,0.6660032908562512,0.5410910946893951,0.027798560679772034,0.0,2,0.0,1,3,0,7,0,137,Marco Cecchinato,0,164.4032127708699,-50.0,3.1999999999999993,0.25000000000000006,-0.14382733884076693,2,0,0,0
2021-9510-277,2021-05-24,Clay,A,R32,3,2021,Aljaz Bedene,1623.189132535053,54.0,31.8,R,0.55,0.4,0.6363636363636364,0.5530627490806311,0.7303242072429451,0.5014731949169335,0.06927230661626736,,0,,3,6,1,0,0,171,1429.3912816564296,81.0,28.4,R,0.3,0.2,0.18181818181818182,0.610569764120436,0.6050199405352771,0.4720810557691363,0.029609733802184273,,0,,1,2,0,7,0,52,Salvatore Caruso,1,193.79785087862342,-27.0,3.400000000000002,0.25000000000000006,-0.05750701503980482,2,1,0,0
2021-520-176,2021-05-31,Clay,G,R64,5,2021,Aljaz Bedene,1618.7070701612984,56.0,31.8,R,0.55,0.6,0.6153846153846154,0.5389874200041523,0.7445870143945147,0.5118958212770599,0.08663865424113151,1.0,2,0.5,2,4,1,0,2,173,1679.3856533893013,10.0,28.7,R,0.55,0.2,0.6538461538461539,0.6325171364672315,0.6591121790298611,0.45622411336909935,0.018638161630044836,1.0,2,0.5,0,0,0,14,0,276,Diego Schwartzman,0,-60.678583228002935,46.0,3.1000000000000014,0.0,-0.09352971646307917,2,1,1,1
2021-0311-272,2021-06-14,Grass,A,R32,3,2021,Aljaz Bedene,1605.473353874066,60.0,31.9,R,0.55,0.4,,0.609117422332332,0.734862945553546,0.5098869002348229,0.09093992465855438,,0,,0,0,0,14,0,174,1571.057309776574,65.0,23.3,R,0.5,0.2,,0.6329850867926148,0.7388433880058776,0.5122693294501076,0.055188042180627284,,0,,0,0,0,14,0,172,Frances Tiafoe,0,34.416044097492204,-5.0,8.599999999999998,0.050000000000000044,-0.023867664460282767,0,0,0,0
2021-0741-275,2021-06-21,Grass,A,R32,3,2021,Aljaz Bedene,1587.893600130641,64.0,31.9,R,0.5,0.4,0.0,0.6022756176492938,0.7323363498088652,0.523989464337387,0.11381094462617444,1.0,1,1.0,1,3,0,7,0,175,1644.7497980620396,49.0,29.3,R,0.55,0.4,0.0,0.5517370922308532,0.7416041995159056,0.4780756133409409,0.027351300339362304,0.0,1,0.0,0,0,0,14,0,155,Marton Fucsovics,0,-56.85619793139858,15.0,2.599999999999998,-0.050000000000000044,0.050538525418440616,1,0,0,0
2021-540-134,2021-06-28,Grass,G,R128,5,2021,Aljaz Bedene,1574.488799767453,64.0,31.9,R,0.5,0.2,0.0,0.6039016339094564,0.7358648783373938,0.5259102326447099,0.11149300655317669,,0,,1,3,0,7,0,176,1575.9317513120468,83.0,22.1,L,0.55,0.2,0.3333333333333333,0.654090534447589,0.7005737043758822,0.4617366946778711,0.02111253379487023,,0,,2,4,0,7,1,67,Corentin Moutet,1,-1.442951544593825,-19.0,9.799999999999997,-0.050000000000000044,-0.05018890053813263,-1,0,1,1
2021-540-204,2021-06-28,Grass,G,R32,5,2021,Aljaz Bedene,1607.4968600950995,64.0,31.9,R,0.5,0.4,0.0,0.5924831494812632,0.7731943604494844,0.5171113122668423,0.11061537541238767,1.0,3,0.3333333333333333,1,3,1,0,1,177,1884.6540292927464,9.0,25.2,R,0.85,1.0,1.0,0.6347598069595405,0.825906382256675,0.5546081703085506,0.18295642999294687,2.0,3,0.6666666666666666,0,0,0,14,7,151,Matteo Berrettini,0,-277.1571691976469,55.0,6.699999999999999,-0.35,-0.042276657478277246,1,1,1,1
2021-540-181,2021-06-28,Grass,G,R64,5,2021,Aljaz Bedene,1590.555249759726,64.0,31.9,R,0.5,0.4,0.0,0.6036519806500944,0.7445711720436874,0.5204446456001756,0.10902047908064924,,0,,1,3,2,0,0,178,1611.025712720607,58.0,25.7,L,0.45,0.4,0.0,0.6443459264399887,0.6088031669845079,0.5148696332906858,0.014620431467645634,,0,,1,2,0,7,0,133,Yoshihito Nishioka,1,-20.47046296088115,6.0,6.199999999999999,0.04999999999999999,-0.04069394578989427,0,2,1,1
2021-0439-277,2021-07-19,Clay,A,R32,3,2021,Aljaz Bedene,1602.1010452493736,58.0,32.0,R,0.5,0.4,0.6,0.5388422294415388,0.7458115041904331,0.498231225003768,0.10020115438270463,2.0,3,0.6666666666666666,0,0,0,21,1,179,1523.2567185670468,82.0,28.7,R,0.5,0.4,0.5588235294117647,0.706833231420036,0.7056449954615278,0.5293393693393693,0.07199078632126804,1.0,3,0.3333333333333333,2,6,0,7,1,148,Marco Cecchinato,0,78.84432668232671,-24.0,3.3000000000000007,0.0,-0.16799100197849715,-2,0,0,0
2022-0404-195,2022-03-07,Hard,M,R128,3,2022,Aljaz Bedene,1582.5312006872336,133.0,32.6,R,0.45,0.4,0.6,0.5505323885468792,0.7722360262221428,0.5149303809205891,0.1043589368986961,,0,,0,0,0,231,0,180,1502.9482203392006,75.0,26.1,R,0.5,0.6,0.5714285714285714,0.605961572785186,0.7484554279054525,0.5721445717984159,0.07030644724165631,,0,,0,0,0,21,0,35,Kamil Majchrzak,0,79.58298034803306,58.0,6.5,-0.04999999999999999,-0.05542918423830678,0,0,0,0
2022-0403-224,2022-03-21,Hard,M,R128,3,2022,Aljaz Bedene,1562.9290485843396,141.0,32.6,R,0.45,0.4,0.3333333333333333,0.5409579204617728,0.7714118503979671,0.4839587210015607,0.10070752501943611,,0,,0,0,0,14,0,181,1596.3497838717583,45.0,23.7,L,0.4,0.2,0.3333333333333333,0.6084408344092195,0.672876471346321,0.5099894362059207,0.06417312185383285,,0,,0,0,0,14,0,124,Ugo Humbert,0,-33.420735287418665,96.0,8.900000000000002,0.04999999999999999,-0.06748291394744665,0,0,0,0
2022-5053-289,2022-04-18,Clay,A,R16,3,2022,Aljaz Bedene,1559.6335855437378,164.0,32.7,R,0.4,0.2,0.45454545454545453,0.5169505159404073,0.7455577764367053,0.5234967698181849,0.10738749706828343,1.0,3,0.3333333333333333,0,0,0,28,0,182,1632.7807282750982,62.0,34.9,R,0.5,0.6,0.5294117647058824,0.6148102472183912,0.6373671867405882,0.5408451472779491,0.0379596720962243,2.0,3,0.6666666666666666,2,5,0,7,0,291,Fabio Fognini,0,-73.14714273136042,102.0,-2.1999999999999957,-0.09999999999999998,-0.09785973127798386,-2,0,0,0
2022-5053-276,2022-04-18,Clay,A,R32,3,2022,Aljaz Bedene,1548.4634007756802,164.0,32.7,R,0.4,0.2,0.45454545454545453,0.5240977995594942,0.7464175647964938,0.5037867805593236,0.11039062361098542,,0,,0,0,1,0,0,183,1440.2133764975333,167.0,34.3,R,0.15,0.2,0.0,0.6649025382388991,0.6001895353815265,0.45282929041902964,0.04918781158690251,,0,,0,0,0,28,0,164,Mikhail Kukushkin,1,108.25002427814684,-3.0,-1.5999999999999943,0.25,-0.1408047386794049,0,1,0,0
2022-7694-276,2022-05-16,Clay,A,R32,3,2022,Aljaz Bedene,1546.9532327846084,175.0,32.8,R,0.4,0.2,0.5,0.514828500025288,0.74531968119861,0.517544388865804,0.09963795078879159,,0,,0,0,0,28,1,184,1564.296557968017,71.0,24.4,R,0.4,0.4,0.4444444444444444,0.5809517318335787,0.6778050052447416,0.4689587981617197,0.05859913119122253,,0,,0,0,0,14,0,80,Soon Woo Kwon,0,-17.343325183408524,104.0,8.399999999999999,0.0,-0.06612323180829072,0,0,0,0
2022-520-102,2022-05-23,Clay,G,R128,5,2022,Aljaz Bedene,1531.751259689641,195.0,32.8,R,0.35,0.2,0.375,0.4907146439565448,0.7318736264482075,0.4722646685860837,0.0871769663950341,,0,,1,3,0,7,0,185,1473.8623377427607,117.0,27.9,R,0.3,0.2,0.25,0.6361996351735608,0.6986635706914345,0.5664705882352942,0.07795079490801494,,0,,2,4,0,7,0,27,Christopher Oconnell,1,57.88892194688037,78.0,4.899999999999999,0.04999999999999999,-0.14548499121701602,-1,0,1,1
2022-520-196,2022-05-23,Clay,G,R32,5,2022,Aljaz Bedene,1558.4041400576025,195.0,32.8,R,0.45,0.6,0.375,0.4960804096658135,0.7188430661765606,0.4941098706717578,0.09452867994630827,0.0,2,0.0,1,3,1,0,1,186,2064.9549075668724,1.0,35.0,R,0.75,1.0,0.8695652173913043,0.6738180624209062,0.7441855406090412,0.5921269823888232,0.06649521244695769,2.0,2,1.0,0,0,1,0,8,352,Novak Djokovic,0,-506.5507675092699,194.0,-2.200000000000003,-0.3,-0.17773765275509273,1,0,1,1
2022-520-165,2022-05-23,Clay,G,R64,5,2022,Aljaz Bedene,1545.1097750197455,195.0,32.8,R,0.4,0.4,0.375,0.48609906638223144,0.7277140339184961,0.47843526749715454,0.09151528708916541,0.0,2,0.0,1,3,2,0,0,187,1485.7878328607317,149.0,36.3,R,0.35,0.6,0.3076923076923077,0.7403676958899008,0.6799360449209741,0.5154508114278229,0.11672855990373225,2.0,2,1.0,0,0,0,28,1,213,Pablo Cuevas,1,59.321942159013815,46.0,-3.5,0.050000000000000044,-0.2542686295076694,1,2,1,1
2022-0440-271,2022-06-06,Grass,A,R32,3,2022,Aljaz Bedene,1556.760262820795,161.0,32.8,R,0.4,0.4,0.4,0.5943233688920391,0.7601141916731132,0.5150279789335089,0.08722674493352989,,0,,0,0,0,14,1,188,1502.1888119094313,56.0,25.9,R,0.4,0.6,0.0,0.6833333333333333,0.5892857142857143,0.3839285714285714,0.043610850945296306,,0,,0,0,0,14,0,35,Tallon Griekspoor,0,54.571450911363854,105.0,6.899999999999999,0.0,-0.08900996444129428,0,0,0,0
2022-540-121,2022-06-27,Grass,G,R128,5,2022,Aljaz Bedene,1538.2676194610772,200.0,32.9,R,0.35,0.4,0.5,0.5919627460894274,0.7630499290748699,0.524148858054388,0.08603018868079386,1.0,1,1.0,0,0,0,21,0,189,1397.710353579721,172.0,27.0,L,0.3,0.0,,0.6465898827739373,0.7215572292627087,0.5252385404351642,0.06852243005615986,0.0,1,0.0,0,0,0,161,0,75,Maximilian Marterer,0,140.55726588135622,28.0,5.899999999999999,0.04999999999999999,-0.0546271366845098,0,0,1,1
2022-0414-283,2022-07-18,Clay,A,R32,3,2022,Aljaz Bedene,1516.1261671121842,285.0,32.9,R,0.35,0.4,0.42857142857142855,0.5078540866522403,0.7040703389038334,0.4719934685553556,0.08982483153793672,1.0,4,0.25,0,0,0,21,0,190,1600.9351027274204,61.0,35.1,R,0.55,0.2,0.5555555555555556,0.6132261883433815,0.6355793444807001,0.5074809385996961,0.02733002042180155,3.0,4,0.75,1,2,0,7,0,302,Fabio Fognini,0,-84.80893561523612,224.0,-2.200000000000003,-0.20000000000000007,-0.1053721016911412,-1,0,0,0
2022-0439-277,2022-07-25,Clay,A,R32,3,2022,Aljaz Bedene,1503.95599698626,283.0,33.0,R,0.3,0.2,0.42857142857142855,0.5159667627085783,0.7161501708366065,0.47420477076665773,0.08428636999947518,0.0,1,0.0,1,3,0,7,0,191,1677.7833858816346,31.0,20.3,R,0.65,1.0,0.7222222222222222,0.6668466446404892,0.641939816805958,0.5476885771762975,0.021113241099323127,1.0,1,1.0,5,12,0,7,5,79,Lorenzo Musetti,0,-173.8273888953745,252.0,12.7,-0.35000000000000003,-0.15087988193191082,-4,0,0,0
2018-520-158,2018-05-28,Clay,G,R128,5,2018,Andreas Haider Maurer,1390.1419545816602,412.0,31.1,R,0.0,0.0,0.0,0.5359873934373564,0.6233952168487273,0.3788561555092782,0.07298087308241184,,0,,1,3,0,7,0,10,1608.77439436223,38.0,22.0,R,0.55,0.2,0.5625,0.5930574331246077,0.6959375333170029,0.5225633558394055,0.06210349581750109,,0,,0,0,1,0,0,102,Karen Khachanov,0,-218.6324397805697,374.0,9.100000000000001,-0.55,-0.05707003968725133,1,-1,1,1
2016-M006-266,2016-03-07,Hard,M,R64,3,2016,Andrey Kuznetsov,1557.9000320643436,55.0,25.0,R,0.6666666666666666,0.6,0.6363636363636364,0.5637886221872593,0.8008205016724841,0.512128084920134,0.07512076828342196,1.0,1,1.0,0,0,0,21,1,11,1516.9845497759604,32.0,29.0,R,0.5714285714285714,0.4,0.5714285714285714,0.6021695162888635,0.7599539402035462,0.48326185251124054,0.1176825194908365,0.0,1,0.0,0,0,0,14,0,14,Jeremy Chardy,1,40.915482288383146,23.0,-4.0,0.09523809523809523,-0.03838089410160417,0,0,0,0
2016-M006-289,2016-03-07,Hard,M,R32,3,2016,Andrey Kuznetsov,1572.0244668376217,55.0,25.0,R,0.6923076923076923,0.8,0.6363636363636364,0.5577479523308,0.8009781060854078,0.5291199548388331,0.073047403052162,,0,,0,0,2,0,3,13,1635.2175875145872,4.0,30.9,R,0.8571428571428571,1.0,0.8461538461538461,0.5698217622408309,0.7536988449488449,0.5746174933404055,0.08182421282983794,,0,,0,0,0,14,5,13,Stan Wawrinka,0,-63.193120676965464,51.0,-5.899999999999999,-0.1648351648351648,-0.01207380991003093,0,2,0,0
2016-M007-288,2016-03-21,Hard,M,R16,3,2016,Andrey Kuznetsov,1604.4073082125508,51.0,25.0,R,0.7058823529411765,0.8,0.6428571428571429,0.5331231009098453,0.8030328052805684,0.5531370387484287,0.09666050386862857,,0,,0,0,1,0,1,15,1639.426993858371,26.0,20.9,R,0.8571428571428571,0.8,0.8333333333333334,0.6435179402931352,0.7997528498700849,0.5693963831867058,0.2325155475768131,,0,,0,0,0,14,0,12,Nick Kyrgios,0,-35.01968564582012,25.0,4.100000000000001,-0.15126050420168058,-0.11039483938328998,0,1,0,0
2016-M007-246,2016-03-21,Hard,M,R64,3,2016,Andrey Kuznetsov,1571.4429148206723,51.0,25.0,R,0.6666666666666666,0.6,0.6428571428571429,0.5456558863618474,0.8019584982422703,0.5411147283579969,0.08128001400932162,0.0,1,0.0,0,0,3,0,1,17,1627.9287186119675,4.0,30.9,R,0.8125,0.8,0.8125,0.5624239127784654,0.738455180231496,0.5725724040612736,0.05805815916688948,1.0,1,1.0,0,0,0,14,1,16,Stan Wawrinka,1,-56.48580379129521,47.0,-5.899999999999999,-0.14583333333333337,-0.01676802641661801,0,3,0,0
2016-0410-259,2016-04-11,Clay,M,R64,3,2016,Andrey Kuznetsov,1590.014584931041,46.0,25.1,R,0.6666666666666666,0.6,,,,,0.10032527659590129,2.0,2,1.0,0,0,0,21,2,18,1487.0961903251327,33.0,29.1,R,0.5,0.2,,,,,0.11861741602069871,0.0,2,0.0,0,0,0,21,0,16,Jeremy Chardy,0,102.91839460590836,13.0,-4.0,0.16666666666666663,,0,0,0,0
2016-0425-280,2016-04-18,Clay,A,R32,3,2016,Andrey Kuznetsov,1569.4089480534208,47.0,25.1,R,0.631578947368421,0.6,0.0,0.4235294117647059,0.6944444444444444,0.3877551020408163,0.08766704874780003,,0,,1,2,0,7,0,19,1481.3201753064611,57.0,26.3,R,0.4444444444444444,0.4,0.45454545454545453,0.4876822914764908,0.6657059676759426,0.4804618185747218,0.07798504446378107,,0,,1,3,0,7,0,17,Inigo Cervantes Huegun,1,88.08877274695965,-10.0,-1.1999999999999993,0.1871345029239766,-0.0641528797117849,0,0,0,0
2016-0425-296,2016-04-18,Clay,A,QF,3,2016,Andrey Kuznetsov,1595.1878168617486,47.0,25.1,R,0.65,0.6,0.0,0.5083208204912059,0.7077071528291041,0.5225850340136055,0.07595284039112343,,0,,1,2,1,0,1,20,1578.5584309076103,27.0,32.5,R,0.631578947368421,0.6,0.5,0.5822734684369905,0.7200473482052202,0.5711775094653246,0.0565654529882406,,0,,2,4,0,7,0,17,Philipp Kohlschreiber,0,16.629385954138343,20.0,-7.399999999999999,0.018421052631579005,-0.0739526479457846,-1,1,0,0
2016-M021-277,2016-05-02,Clay,M,R32,3,2016,Andrey Kuznetsov,1592.5569025822524,39.0,25.1,R,0.65,0.6,0.5,0.5237558185207363,0.6981957202688911,0.5156343537414966,0.07043671799558235,0.0,1,0.0,0,0,0,14,1,22,1737.077302445719,5.0,29.9,L,0.85,1.0,0.875,0.7029145566563388,0.7060933024619171,0.5325088411237286,0.03007057128592458,1.0,1,1.0,0,0,0,14,10,27,Rafael Nadal,0,-144.52039986346654,34.0,-4.799999999999997,-0.19999999999999996,-0.17915873813560257,0,0,0,0
2016-M021-252,2016-05-02,Clay,M,R64,3,2016,Andrey Kuznetsov,1578.4225895983973,39.0,25.1,R,0.6,0.4,0.5,0.5240977582255473,0.6870303646218281,0.46485544217687075,0.07297664991493295,0.0,1,0.0,0,0,1,0,0,23,1537.7245825854598,24.0,30.2,R,0.6,0.4,0.3333333333333333,0.6956538170823885,0.6206926100881562,0.39257610939112486,0.0681389298941267,1.0,1,1.0,0,0,0,14,1,23,Viktor Troicki,1,40.69800701293752,15.0,-5.099999999999998,0.0,-0.17155605885684122,0,1,0,0
2016-0322-296,2016-05-16,Clay,A,QF,3,2016,Andrey Kuznetsov,1603.576106500572,40.0,25.2,R,0.6,0.6,0.5,0.5345360123764117,0.7087783709196909,0.5360183922707014,0.049279394617423214,,0,,0,0,1,0,2,25,1484.3598912762154,68.0,30.8,R,0.45,0.6,0.25,0.6393474995729684,0.7272031741566689,0.5911027568922306,0.0632542570625781,,0,,0,0,0,21,1,19,Lukas Rosol,0,119.21621522435657,-28.0,-5.600000000000001,0.14999999999999997,-0.10481148719655675,0,1,0,0
2016-0322-290,2016-05-16,Clay,A,R16,3,2016,Andrey Kuznetsov,1593.5881241151471,40.0,25.2,R,0.6,0.6,0.5,0.5280825648691082,0.7064609953367896,0.5239224975704567,0.05332334038647417,,0,,0,0,2,0,0,26,1456.3152905533634,35.0,26.3,R,0.35294117647058826,0.2,0.0,0.5957109930410316,0.75782762205176,0.5110688653451811,0.09893548507144742,,0,,1,2,0,7,0,16,Steve Johnson,1,137.27283356178373,5.0,-1.1000000000000014,0.24705882352941172,-0.06762842817192338,-1,2,0,0
2016-520-149,2016-05-23,Clay,G,R128,5,2016,Andrey Kuznetsov,1582.2917783895819,40.0,25.2,R,0.6,0.6,0.5555555555555556,0.5330460955082971,0.6960912846613468,0.5222124271164404,0.038845740058490674,,0,,3,7,0,7,1,27,1468.2715627768391,96.0,34.9,R,0.38461538461538464,0.2,0.3333333333333333,0.6432552954292085,0.7248677248677248,0.4518518518518518,0.07382209529809874,,0,,0,0,0,28,0,13,Benjamin Becker,1,114.02021561274273,-56.0,-9.7,0.21538461538461534,-0.11020919992091138,3,0,1,1
2016-520-188,2016-05-23,Clay,G,R64,5,2016,Andrey Kuznetsov,1593.2216762230103,40.0,25.2,R,0.65,0.6,0.5555555555555556,0.534671063422256,0.7085334382464942,0.5387411844047965,0.03776739498806813,,0,,3,7,1,0,2,28,1745.2684939918815,6.0,26.3,R,0.8,0.8,0.7692307692307693,0.6469027604212702,0.708100660310802,0.5373831761543937,0.025297660173223324,,0,,0,0,0,14,2,36,Kei Nishikori,0,-152.04681776887128,34.0,-1.1000000000000014,-0.15000000000000002,-0.11223169699901414,3,1,1,1
2016-0500-276,2016-06-13,Grass,A,R32,3,2016,Andrey Kuznetsov,1583.808470474351,43.0,25.3,R,0.6,0.6,,,,,0.042830686127308636,,0,,0,0,0,21,0,29,1487.420420140574,28.0,37.2,R,0.4,0.6,0.6666666666666666,0.6743827160493826,0.878281697150678,0.5981481481481482,0.24253501114443984,,0,,3,6,0,7,1,15,Ivo Karlovic,0,96.38805033377707,15.0,-11.900000000000002,0.19999999999999996,,-3,0,0,0
2016-540-178,2016-06-27,Grass,G,R64,5,2016,Andrey Kuznetsov,1582.5763638083884,42.0,25.3,R,0.6,0.4,0.0,0.5577114427860697,0.8000801282051282,0.6160714285714286,0.053239780378399805,,0,,0,0,0,14,0,30,1589.5394605314348,39.0,33.1,L,0.55,0.8,0.75,0.6487579854874104,0.8381767915035792,0.5708895757807169,0.23072118987614082,,0,,4,10,0,7,0,31,Gilles Muller,1,-6.963096723046419,3.0,-7.800000000000001,0.04999999999999993,-0.09104654270134072,-4,0,1,1
2016-540-203,2016-06-27,Grass,G,R32,5,2016,Andrey Kuznetsov,1598.8969833373988,42.0,25.3,R,0.6,0.6,0.0,0.6015373582537761,0.8144325037707391,0.6570910973084886,0.0663189309575504,0.0,1,0.0,0,0,1,0,1,31,1758.388393115388,6.0,26.4,R,0.8,0.8,1.0,0.6312476797948096,0.7360122968818622,0.5791540744370933,0.0345954492626066,1.0,1,1.0,0,0,0,14,2,41,Kei Nishikori,0,-159.49140977798925,36.0,-1.0999999999999979,-0.20000000000000007,-0.02971032154103348,0,1,1,1
2016-540-128,2016-06-27,Grass,G,R128,5,2016,Andrey Kuznetsov,1563.4801161696032,42.0,25.3,R,0.55,0.4,0.0,0.5333333333333333,0.84375,0.6071428571428571,0.05393458223120475,,0,,0,0,2,0,0,32,1631.5729234162004,24.0,30.4,R,0.6,0.8,0.8,0.5989606777460411,0.7743316107115753,0.5182648250620601,0.1169591663219863,,0,,5,13,0,7,0,35,Pablo Cuevas,1,-68.0928072465972,18.0,-5.099999999999998,-0.04999999999999993,-0.06562734441270779,-5,2,1,1
2016-0421-264,2016-07-25,Hard,M,R64,3,2016,Andrey Kuznetsov,1589.7659787205782,45.0,25.4,R,0.55,0.4,0.6666666666666666,0.5327537827280271,0.7994432782535414,0.5652143334344191,0.06960830930851401,1.0,1,1.0,0,0,0,28,1,33,1500.699090964912,144.0,24.2,R,0.45454545454545453,0.4,0.5,0.6161152826759503,0.7351525754402195,0.5154351525956538,0.09867311884750155,0.0,1,0.0,3,6,0,7,1,11,Ryan Harrison,0,89.06688775566613,-99.0,1.1999999999999993,0.09545454545454551,-0.08336149994792319,-3,0,0,0
2016-6242-296,2016-08-22,Hard,A,QF,3,2016,Andrey Kuznetsov,1569.7518475814627,42.0,25.4,R,0.55,0.4,0.631578947368421,0.523777948435737,0.7930479294163323,0.5429921112121968,0.07415376385396856,,0,,0,0,0,28,0,34,1584.8256333018126,49.0,25.1,R,0.55,0.6,0.4,0.6032665945620456,0.7270619922057893,0.5665447167929092,0.07119191362896025,,0,,1,2,0,7,0,44,Pablo Carreno Busta,0,-15.07378572034986,-7.0,0.29999999999999716,0.0,-0.07948864612630857,-1,0,0,0
2016-560-200,2016-08-29,Hard,G,R32,5,2016,Andrey Kuznetsov,1583.1163748978993,47.0,25.5,R,0.5,0.4,0.6,0.530665914180375,0.7483023587687672,0.5266883283127523,0.08667732081972794,0.0,2,0.0,1,2,1,0,1,36,1747.1050718270958,5.0,30.2,L,0.75,0.6,0.6842105263157895,0.6561969646874308,0.7236978988860472,0.45352493224010254,0.02864253486376967,2.0,2,1.0,0,0,1,0,2,45,Rafael Nadal,0,-163.98869692919652,42.0,-4.699999999999999,-0.25,-0.12553105050705582,1,0,1,1
2016-560-118,2016-08-29,Hard,G,R128,5,2016,Andrey Kuznetsov,1554.4455858402089,47.0,25.5,R,0.5,0.4,0.6,0.5284281005435163,0.772744899113302,0.5193079006858811,0.07531694098922945,,0,,1,2,2,0,0,37,1476.0694153467387,65.0,28.6,L,0.3,0.4,0.375,0.537324493018539,0.6945735377561035,0.5073870723064272,0.054109792552348136,,0,,0,0,0,21,0,28,Thomaz Bellucci,1,78.37617049347023,-18.0,-3.1000000000000014,0.2,-0.008896392475022719,1,2,1,1
2016-0568-275,2016-09-19,Hard,A,R32,3,2016,Andrey Kuznetsov,1574.1533632561323,46.0,25.5,R,0.5,0.4,0.6086956521739131,0.5326481424783928,0.7384583041878705,0.4992524308768548,0.08201297108495567,,0,,0,0,0,21,1,38,1416.0815416244816,90.0,26.3,R,0.25,0.4,0.25,0.5853594586604939,0.6672751490489734,0.4992810249489311,0.056326758789337336,,0,,0,0,0,21,0,22,Evgeny Donskoy,1,158.07182163165066,-44.0,-0.8000000000000007,0.25,-0.05271131618210112,0,0,0,0
2016-0568-288,2016-09-19,Hard,A,R16,3,2016,Andrey Kuznetsov,1583.3377866312305,46.0,25.5,R,0.55,0.6,0.6086956521739131,0.5364301224561459,0.7413994806584588,0.48853814516256905,0.09074278339399104,,0,,0,0,1,0,2,39,1673.893127048378,9.0,31.0,R,0.65,0.6,0.6923076923076923,0.5881669476217074,0.787932003079933,0.4795183413936134,0.1273152573798534,,0,,0,0,1,0,0,45,Tomas Berdych,0,-90.55534041714736,37.0,-5.5,-0.09999999999999998,-0.05173682516556155,0,0,0,0
2016-M015-293,2016-10-03,Hard,A,R16,3,2016,Andrey Kuznetsov,1583.28326456471,45.0,25.6,R,0.5,0.6,0.6,0.5597770612316559,0.7460025388905492,0.4973357991215134,0.0894692530863456,,0,,0,0,0,14,0,40,1893.0128677919529,2.0,29.3,R,0.9,0.8,0.8148148148148148,0.5556680900499755,0.7843581589981193,0.5533641246978551,0.09401471407619265,,0,,0,0,1,0,4,61,Andy Murray,0,-309.72960322724293,43.0,-3.6999999999999993,-0.4,0.00410897118168041,0,-1,0,0
2016-M014-277,2016-10-17,Hard,A,R32,3,2016,Andrey Kuznetsov,1578.6771963823528,45.0,25.6,R,0.5,0.4,0.5925925925925926,0.5463799320450531,0.7078140443985053,0.47782064760636195,0.07460438822148073,,0,,0,0,0,14,1,42,1440.4570511063039,56.0,26.4,L,0.3,0.2,0.36363636363636365,0.6586120355452321,0.6409655147377196,0.5566660261305012,0.054173488084313326,,0,,1,2,0,7,0,32,Guido Pella,1,138.22014527604892,-11.0,-0.7999999999999972,0.2,-0.11223210350017898,-1,0,0,0
2016-M014-289,2016-10-17,Hard,A,R16,3,2016,Andrey Kuznetsov,1588.6277512989684,45.0,25.6,R,0.5,0.6,0.5925925925925926,0.5438865809812233,0.7059949175793785,0.47226509205080636,0.07215654686638881,1.0,1,1.0,0,0,1,0,2,43,1521.9341915852765,62.0,28.7,L,0.5,0.8,0.46153846153846156,0.5458189228097353,0.7153572228274107,0.4982991646035124,0.08850920755125281,0.0,1,0.0,0,0,0,21,0,33,Thomaz Bellucci,0,66.69355971369191,-17.0,-3.099999999999998,0.0,-0.0019323418285119853,0,1,0,0
2016-0328-271,2016-10-24,Hard,A,R32,3,2016,Andrey Kuznetsov,1569.5935763519456,47.0,25.6,R,0.5,0.4,0.5862068965517241,0.5619614472913839,0.7013652879497487,0.48731885549166665,0.07466991585034602,,0,,2,6,0,7,0,44,1448.7299724545512,48.0,26.0,L,0.3,0.0,0.35,0.5782403983905724,0.7157166770339034,0.48930503006926,0.07427003827444015,,0,,1,3,0,7,0,43,Federico Delbonis,0,120.86360389739434,-1.0,-0.3999999999999986,0.2,-0.016278951099188532,1,0,0,0
2017-0451-278,2017-01-02,Hard,A,R32,3,2017,Andrey Kuznetsov,1548.241764628212,46.0,25.8,R,0.45,0.4,0.5666666666666667,0.5502600131323224,0.7186248399919094,0.4890429934227011,0.0715082470107111,,0,,0,0,0,70,0,45,1739.948291499883,12.0,31.7,R,0.75,0.6,0.7272727272727273,0.5951936390343177,0.7777806868550454,0.5124263741720744,0.14324571255895213,,0,,0,0,0,63,0,48,Jo-Wilfried Tsonga,0,-191.70652687167103,34.0,-5.899999999999999,-0.3,-0.04493362590199523,0,0,0,0
2017-M001-271,2017-01-09,Hard,A,SF,3,2017,Andrey Kuznetsov,1540.2713631529205,48.0,25.8,R,0.4,0.2,0.5357142857142857,0.5598632396420238,0.7153839445692565,0.47904299342270107,0.07045091106128881,,0,,1,3,0,7,0,46,1538.7107791222109,67.0,26.6,R,0.5294117647058824,0.6,0.5,0.5802309116799595,0.6953672360702762,0.5407374398810193,0.04417664189909067,,0,,0,0,0,133,0,17,Daniel Evans,0,1.560584030709606,-19.0,-0.8000000000000007,-0.12941176470588234,-0.02036767203793577,1,0,0,0
2017-M001-298,2017-01-09,Hard,A,QF,3,2017,Andrey Kuznetsov,1524.1994960857298,48.0,25.8,R,0.4,0.2,0.5357142857142857,0.5594408977562673,0.7133275403389392,0.47930632456160815,0.0655623037336571,0.0,1,0.0,1,3,1,0,0,47,1670.814802889337,30.0,25.4,R,0.7,0.6,0.6333333333333333,0.6185734203857867,0.7120421767201874,0.5316182099634112,0.06115290034944644,1.0,1,1.0,0,0,0,70,0,65,Pablo Carreno Busta,1,-146.61530680360715,18.0,0.40000000000000213,-0.29999999999999993,-0.0591325226295194,1,1,0,0
2017-580-115,2017-01-16,Hard,G,R128,5,2017,Andrey Kuznetsov,1546.577222622458,45.0,25.9,R,0.4,0.2,0.5333333333333333,0.5569256914435926,0.731179602927844,0.49578984104512464,0.07175990360214304,0.0,2,0.0,2,6,0,7,1,48,1792.965032385918,5.0,27.0,R,0.65,0.6,0.75,0.6207122178774066,0.7232312300939685,0.5115023511895198,0.0467120864897702,2.0,2,1.0,0,0,0,14,3,79,Kei Nishikori,0,-246.38780976345993,40.0,-1.1000000000000014,-0.25,-0.063786526433814,2,0,1,1
2017-7434-282,2017-02-06,Hard,A,R32,3,2017,Andrey Kuznetsov,1540.3396310241044,55.0,25.9,R,0.4,0.2,0.48148148148148145,0.553234579253209,0.7213756813592167,0.48797734104512464,0.061487926914430543,,0,,0,0,0,21,0,49,1496.9352085913274,36.0,27.5,L,0.45,0.0,0.35714285714285715,0.5824730981317954,0.6446956383839877,0.48775974501102864,0.04808449355149608,,0,,0,0,0,21,0,28,Martin Klizan,0,43.40442243277698,19.0,-1.6000000000000014,-0.04999999999999999,-0.029238518878586417,0,0,0,0
2017-0407-274,2017-02-13,Hard,A,R32,3,2017,Andrey Kuznetsov,1522.3511176630961,54.0,25.9,R,0.4,0.2,0.48148148148148145,0.547234579253209,0.7022459605053578,0.4622720118915197,0.06038447863856848,,0,,1,2,0,7,0,50,1701.0342227100853,11.0,26.1,R,0.6,0.6,0.6470588235294118,0.5425002547131784,0.7411155429888774,0.5398900382657281,0.08041674667870066,,0,,4,10,0,7,3,79,David Goffin,0,-178.6831050469891,43.0,-0.20000000000000284,-0.19999999999999996,0.004734324540030532,-3,0,0,0
2017-0496-275,2017-02-20,Hard,A,R32,3,2017,Andrey Kuznetsov,1513.9236302337238,61.0,25.9,R,0.35,0.2,0.44,0.5436807439259745,0.668421226680624,0.44739105951056735,0.05362867286798438,,0,,1,2,0,7,0,51,1509.3151579975472,47.0,33.0,R,0.5,0.6,0.48148148148148145,0.564474484705147,0.725866301285556,0.49610956178793486,0.07517675061451443,,0,,0,0,0,14,1,45,Malek Jaziri,0,4.608472236176567,14.0,-7.100000000000001,-0.15000000000000002,-0.02079374077917251,1,0,0,0
2017-M006-176,2017-03-06,Hard,M,R128,3,2017,Andrey Kuznetsov,1497.7114146898841,62.0,26.0,R,0.3,0.2,0.4230769230769231,0.556054481299712,0.7101756126455363,0.4653910595105673,0.05733237657168808,0.0,1,0.0,0,0,0,14,0,52,1488.4459159645287,49.0,26.4,L,0.35,0.6,0.35,0.5771495917143502,0.7435602610124753,0.5460568025485868,0.05735814018698574,1.0,1,1.0,3,6,0,7,1,54,Federico Delbonis,0,9.265498725355428,13.0,-0.3999999999999986,-0.04999999999999999,-0.021095110414638185,-3,0,0,0
2017-M007-227,2017-03-20,Hard,M,R128,3,2017,Andrey Kuznetsov,1481.2848238300408,68.0,26.0,R,0.3,0.0,0.375,0.5554523134956173,0.7148838354572074,0.4487243928439006,0.05201322763551788,,0,,0,0,0,14,0,53,1471.3418492305468,70.0,30.5,R,0.4,0.4,0.45454545454545453,0.6579564991454661,0.6783434669111754,0.43365477110982037,0.07914304250298645,,0,,0,0,0,21,0,31,Denis Istomin,1,9.942974599493937,-2.0,-4.5,-0.10000000000000003,-0.10250418564984876,0,0,0,0
2017-M007-264,2017-03-20,Hard,M,R64,3,2017,Andrey Kuznetsov,1496.8270578915094,68.0,26.0,R,0.35,0.2,0.375,0.5424976143745895,0.7172407378141097,0.44684892397668385,0.05529923169231301,0.0,1,0.0,0,0,1,0,1,54,1567.6601549088696,21.0,38.0,R,0.45,0.0,0.6216216216216216,0.6223043050498301,0.8097610054405658,0.5225576164950794,0.24692170801476415,1.0,1,1.0,0,0,0,14,0,61,Ivo Karlovic,0,-70.83309701736016,47.0,-12.0,-0.10000000000000003,-0.0798066906752406,0,1,0,0
2017-0410-265,2017-04-17,Clay,M,R64,3,2017,Andrey Kuznetsov,1484.044587130773,78.0,26.1,R,0.35,0.2,0.6,0.5442168564230008,0.7000646035581473,0.5473340952533464,0.05337615476923609,0.0,1,0.0,0,0,0,28,0,55,1692.7929375906217,12.0,31.5,R,0.65,0.6,0.7,0.559580649562866,0.7072140050577871,0.495456451883037,0.11181575818479086,1.0,1,1.0,0,0,0,28,0,74,Tomas Berdych,0,-208.74835045984878,66.0,-5.399999999999999,-0.30000000000000004,-0.015363793139865245,0,0,0,0
2017-7648-291,2017-04-24,Clay,A,R16,3,2017,Andrey Kuznetsov,1496.4982997588152,87.0,26.1,R,0.3,0.4,0.5,0.5567177146026018,0.7091008472653527,0.5254879414071925,0.04512456107460441,,0,,1,3,0,7,0,56,1621.5061726745312,29.0,29.9,R,0.55,0.6,0.55,0.5737046069556311,0.6878145798981177,0.5095661083290106,0.04129981909697521,,0,,1,3,0,7,0,65,Fabio Fognini,1,-125.007872915716,58.0,-3.799999999999997,-0.25000000000000006,-0.016986892353029304,0,0,0,0
2017-7648-296,2017-04-24,Clay,A,QF,3,2017,Andrey Kuznetsov,1518.0189277455368,87.0,26.1,R,0.35,0.6,0.5,0.5622011200860073,0.711116976297611,0.5530780314972825,0.036762459041616305,,0,,1,3,1,0,1,57,1545.8795767557501,38.0,35.3,R,0.55,0.6,0.5789473684210527,0.6047853138288966,0.6671566353887476,0.5361529786479077,0.051015308205993606,,0,,2,4,0,7,1,70,Paolo Lorenzi,0,-27.860649010213365,49.0,-9.199999999999996,-0.20000000000000007,-0.04258419374288924,-1,1,0,0
2017-7648-280,2017-04-24,Clay,A,R32,3,2017,Andrey Kuznetsov,1476.6467808105594,87.0,26.1,R,0.3,0.2,0.5,0.546525658731803,0.7014393263962847,0.5473340952533463,0.04782059921368053,1.0,2,0.5,1,3,2,0,0,58,1561.9554855995286,50.0,24.9,R,0.55,0.4,0.0,0.5555555555555556,0.6285714285714286,0.35714285714285715,0.09205133131429058,1.0,2,0.5,1,2,0,7,0,34,Ryan Harrison,1,-85.30870478896918,37.0,1.2000000000000028,-0.25000000000000006,-0.009029896823752548,0,2,0,0
2017-M021-242,2017-05-08,Clay,M,R64,3,2017,Andrey Kuznetsov,1503.2992149961133,82.0,26.2,R,0.3,0.4,0.5555555555555556,0.5675380716916157,0.7131470514855809,0.49906017435442546,0.03475648379620444,0.0,1,0.0,0,0,0,14,1,59,1787.3322177580596,11.0,32.0,R,0.75,0.6,0.6666666666666666,0.6057784643775358,0.7052167080420433,0.5065945059161818,0.11979055385782396,1.0,1,1.0,0,0,0,21,0,70,Jo-Wilfried Tsonga,0,-284.03300276194636,71.0,-5.800000000000001,-0.45,-0.038240392685920055,0,0,0,0
2017-0322-299,2017-05-22,Clay,A,SF,3,2017,Andrey Kuznetsov,1549.2528850111512,85.0,26.2,R,0.35,0.6,0.42857142857142855,0.5874803700604029,0.7139215531488292,0.5171412490915885,0.04378616810018172,1.0,2,0.5,0,0,2,0,2,62,1719.4317893439681,3.0,32.1,R,0.65,0.4,0.6363636363636364,0.6000967763249269,0.7303325479185644,0.5800721819017342,0.07607823347882896,1.0,2,0.5,2,5,0,7,0,86,Stan Wawrinka,0,-170.17890433281696,82.0,-5.900000000000002,-0.30000000000000004,-0.012616406264523983,-2,2,0,0
2017-0322-280,2017-05-22,Clay,A,R32,3,2017,Andrey Kuznetsov,1498.0786359570632,85.0,26.2,R,0.3,0.4,0.42857142857142855,0.5705940988563016,0.713032460194519,0.5222744600687111,0.03312308996680335,1.0,2,0.5,0,0,3,0,0,63,1502.8798613965623,59.0,29.3,L,0.45,0.2,0.4444444444444444,0.5833595427261102,0.676046478592537,0.5423492982362283,0.06524096578629565,1.0,2,0.5,1,3,0,7,0,57,Thomaz Bellucci,1,-4.801225439499149,26.0,-3.1000000000000014,-0.15000000000000002,-0.012765443869808601,-1,3,0,0
2017-520-100,2017-05-29,Clay,G,R128,5,2017,Andrey Kuznetsov,1540.5179890271324,73.0,26.2,R,0.35,0.6,0.5555555555555556,0.5858841259289475,0.7018702710975473,0.5055341062344457,0.03744134051397482,0.0,1,0.0,4,10,0,7,1,64,1869.4905056832104,1.0,30.0,R,0.65,0.4,0.5,0.5791567754963214,0.6932094308240141,0.48760472743231364,0.04423314700136096,1.0,1,1.0,0,0,0,14,0,106,Andy Murray,0,-328.9725166560779,72.0,-3.8000000000000007,-0.30000000000000004,0.006727350432626067,4,0,1,1
2017-540-119,2017-07-03,Grass,G,R128,5,2017,Andrey Kuznetsov,1516.7740524296707,76.0,26.3,R,0.35,0.4,0.0,0.5862575975690018,0.7809729350982644,0.5912243553547902,0.05201777714923498,,0,,0,0,0,21,0,66,1618.2329240999368,34.0,21.1,R,0.6,0.6,0.6666666666666666,0.608600928294023,0.6873200442967885,0.503052503052503,0.0731151724541106,,0,,0,0,0,14,0,53,Karen Khachanov,0,-101.45887167026603,42.0,5.199999999999999,-0.25,-0.02234333072502126,0,0,1,1
2017-0316-297,2017-07-17,Clay,A,QF,3,2017,Andrey Kuznetsov,1521.6198042157298,88.0,26.3,R,0.35,0.2,0.5,0.5814935616863728,0.7061184375652259,0.500687424312249,0.05389098615665844,,0,,0,0,1,0,0,68,1587.3027499114462,38.0,24.9,R,0.5,0.4,0.5652173913043478,0.6486070592173803,0.6339485069728037,0.4732670986040802,0.021553195843483593,,0,,0,0,0,14,0,66,Diego Schwartzman,1,-65.6829456957164,50.0,1.4000000000000021,-0.15000000000000002,-0.06711349753100748,0,1,0,0
2017-0316-284,2017-07-17,Clay,A,R32,3,2017,Andrey Kuznetsov,1505.3179707650281,88.0,26.3,R,0.35,0.2,0.5,0.584965783908595,0.6966638921106805,0.49416568518181425,0.05483795585362814,,0,,0,0,2,0,1,69,1511.8729785264588,52.0,27.2,R,0.45,0.2,0.5555555555555556,0.5334385056023884,0.7110959169654821,0.4969488424944066,0.10810022381872879,,0,,0,0,0,14,0,57,Jan Lennard Struff,1,-6.555007761430716,36.0,-0.8999999999999986,-0.10000000000000003,0.051527278306206625,0,2,0,0
2017-0414-286,2017-07-24,Clay,A,R16,3,2017,Andrey Kuznetsov,1549.6703342412613,71.0,26.4,R,0.45,0.6,0.5384615384615384,0.589281454659426,0.7091521938350582,0.5325512574918716,0.06590598767918686,,0,,3,6,0,7,2,70,1479.9697929474858,101.0,33.8,R,0.3,0.6,0.3333333333333333,0.632521978514913,0.6859165117287469,0.47267866528030267,0.05588496187920293,,0,,0,0,0,21,0,36,Florian Mayer,0,69.70054129377559,-30.0,-7.399999999999999,0.15000000000000002,-0.043240523855486934,3,0,0,0
